{"loss":{"0":4.9908351898,"1":2.7132556438,"2":2.311822176,"3":2.2722172737,"4":2.111631155,"5":2.013739109,"6":2.048583746,"7":1.9740111828,"8":1.9548373222,"9":1.9757038355,"10":1.9482194185,"11":1.9338142872,"12":1.9086130857,"13":1.9016708136,"14":1.9213058949,"15":1.906953454,"16":1.8669366837,"17":1.8621838093,"18":1.8407114744,"19":1.8219615221,"20":1.8370720148,"21":1.8164920807,"22":1.8631213903,"23":1.8322441578,"24":1.8168401718,"25":1.7885022163,"26":1.7906887531,"27":1.7603107691,"28":1.7610199451,"29":1.7453324795,"30":1.7736281157,"31":1.7645972967,"32":1.7484121323,"33":1.7483202219,"34":1.7422708273,"35":1.7417713404,"36":1.7521022558,"37":1.747890234,"38":1.7326643467,"39":1.7202736139,"40":1.7093869448,"41":1.7153424025,"42":1.7142329216,"43":1.7200479507,"44":1.7237163782,"45":1.7682939768,"46":1.8232761621,"47":1.8768422604,"48":1.7997097969,"49":1.7472801208,"50":1.7341774702,"51":1.7329523563,"52":1.7031199932,"53":1.7026106119,"54":1.6948685646},"mean_squared_error":{"0":112.4403457642,"1":22.0023174286,"2":14.3890237808,"3":13.7644853592,"4":11.3276662827,"5":10.1813602448,"6":10.5168876648,"7":9.7211141586,"8":9.4703512192,"9":9.6133537292,"10":9.3496742249,"11":9.1427984238,"12":8.8276319504,"13":8.5799283981,"14":8.7127943039,"15":8.5330867767,"16":8.0789632797,"17":8.0198698044,"18":7.7208976746,"19":7.4693288803,"20":7.4546012878,"21":7.2807264328,"22":8.2488479614,"23":7.5600805283,"24":7.3012433052,"25":7.0419654846,"26":6.9202098846,"27":6.7020306587,"28":6.5618691444,"29":6.512424469,"30":6.6980485916,"31":6.58781147,"32":6.4876132011,"33":6.4708657265,"34":6.3615036011,"35":6.3518891335,"36":6.6214590073,"37":6.3934726715,"38":6.2620363235,"39":6.1626167297,"40":6.0980296135,"41":6.0871219635,"42":6.0576906204,"43":6.1484246254,"44":6.2262721062,"45":6.8579654694,"46":8.1498413086,"47":118.0693283081,"48":7.9799246788,"49":7.0104908943,"50":6.7585401535,"51":6.7276115417,"52":6.3864650726,"53":6.3059000969,"54":6.2315402031},"val_loss":{"0":2.1857514381,"1":1.8245412111,"2":1.9776806831,"3":1.5768615007,"4":1.5526826382,"5":1.5026538372,"6":1.4934815168,"7":1.4684815407,"8":1.5408878326,"9":1.4612658024,"10":1.4816981554,"11":1.4345725775,"12":1.4786807299,"13":1.5104901791,"14":1.4218269587,"15":1.4178074598,"16":1.4140504599,"17":1.4260964394,"18":1.4501496553,"19":1.3763062954,"20":1.3971164227,"21":1.5602716208,"22":1.4120254517,"23":1.4174711704,"24":1.3539538383,"25":1.3773339987,"26":1.3834190369,"27":1.3484686613,"28":1.3505121469,"29":1.3422718048,"30":1.4325386286,"31":1.388351202,"32":1.4026268721,"33":1.3478693962,"34":1.3603959084,"35":1.3638920784,"36":1.3318380117,"37":1.3314757347,"38":1.4082609415,"39":1.3863524199,"40":1.3751393557,"41":1.3264483213,"42":1.3312559128,"43":1.3257365227,"44":1.3049279451,"45":1.3818558455,"46":1.4336217642,"47":1.4090801477,"48":1.3525779247,"49":1.3360846043,"50":1.3659515381,"51":1.321903348,"52":1.3188655376,"53":1.3068773746,"54":1.3589252234},"val_mean_squared_error":{"0":13.5378408432,"1":9.072842598,"2":10.7992954254,"3":6.2391180992,"4":5.9514579773,"5":5.685693264,"6":5.4790782928,"7":5.336643219,"8":5.7835111618,"9":5.2661595345,"10":5.2847537994,"11":5.0501699448,"12":5.200958252,"13":5.3283538818,"14":4.8001790047,"15":4.6266241074,"16":4.6337447166,"17":4.6504325867,"18":4.7378807068,"19":4.4383749962,"20":4.4565010071,"21":5.7137675285,"22":4.7503743172,"23":4.7155847549,"24":4.4223532677,"25":4.4113698006,"26":4.7016038895,"27":4.2146978378,"28":4.2797455788,"29":4.0972614288,"30":4.5287995338,"31":4.3841376305,"32":4.2649121284,"33":4.0909233093,"34":4.0878334045,"35":4.220035553,"36":3.9237477779,"37":3.8995301723,"38":4.1792225838,"39":4.0887694359,"40":4.025539875,"41":3.8147397041,"42":3.8799829483,"43":3.9243116379,"44":3.8324332237,"45":4.5858139992,"46":4.7742290497,"47":6.4041142464,"48":4.4301147461,"49":4.1454253197,"50":4.2902975082,"51":4.0215749741,"52":4.0126943588,"53":3.9197847843,"54":4.1871304512}}