{"loss":{"0":0.0169652384,"1":0.0166216288,"2":0.0164849199,"3":0.0164183434,"4":0.0163098499,"5":0.0162701514,"6":0.0162322521,"7":0.0161997043,"8":0.016142467,"9":0.0161238741,"10":0.0160986222,"11":0.0160602015,"12":0.0160215106,"13":0.0160369966,"14":0.0159985889,"15":0.0159709137},"mean_squared_logarithmic_error":{"0":0.0047094254,"1":0.0046856664,"2":0.0046769674,"3":0.004675041,"4":0.0046725236,"5":0.0046731117,"6":0.0046721702,"7":0.0046725203,"8":0.0046717064,"9":0.0046720267,"10":0.0046727336,"11":0.0046703713,"12":0.0046713217,"13":0.0046718912,"14":0.0046723322,"15":0.0046706283},"mean_squared_error":{"0":0.0247201212,"1":0.0244027246,"2":0.024217464,"3":0.0241629984,"4":0.0240931977,"5":0.0241289791,"6":0.0240767431,"7":0.0240956098,"8":0.024061719,"9":0.0240818933,"10":0.0240915865,"11":0.0240476001,"12":0.0240490753,"13":0.0240696017,"14":0.0240660608,"15":0.0240348633},"val_loss":{"0":0.0139719378,"1":0.0134502342,"2":0.0135066407,"3":0.0135090593,"4":0.013352518,"5":0.0131893586,"6":0.0136202117,"7":0.0132438764,"8":0.0136221433,"9":0.0134309046,"10":0.0136396429,"11":0.0133242765,"12":0.013362674,"13":0.013496045,"14":0.0133288475,"15":0.0132494001},"val_mean_squared_logarithmic_error":{"0":0.0038681035,"1":0.0038686499,"2":0.0038673626,"3":0.0038798968,"4":0.0038684581,"5":0.0038801129,"6":0.0038658381,"7":0.0038784854,"8":0.0038701915,"9":0.0038708739,"10":0.0038761322,"11":0.0038748577,"12":0.0038666225,"13":0.0038645938,"14":0.0038674439,"15":0.0038679182},"val_mean_squared_error":{"0":0.0172519833,"1":0.0171738956,"2":0.0171789285,"3":0.0169692915,"4":0.0172369871,"5":0.0169564504,"6":0.0171546862,"7":0.0170187056,"8":0.0172196832,"9":0.0171969533,"10":0.0169874374,"11":0.0170477554,"12":0.017205542,"13":0.0172480289,"14":0.0171892978,"15":0.0172127672}}