{"loss":{"0":0.0276662428,"1":0.0268545561,"2":0.0266962089,"3":0.026580045,"4":0.026473064,"5":0.0263774563,"6":0.0263523012,"7":0.0263086315,"8":0.0262559466,"9":0.0262511,"10":0.0261969622,"11":0.0261788927,"12":0.0261385255,"13":0.026112264,"14":0.0260734353,"15":0.0260381922,"16":0.0260563102,"17":0.0260527208,"18":0.0259560235,"19":0.0259911288,"20":0.0259645376,"21":0.0259040762,"22":0.0259078518,"23":0.0259471275,"24":0.0259145703},"mean_squared_logarithmic_error":{"0":0.0067171566,"1":0.0064446605,"2":0.0064428956,"3":0.0064388351,"4":0.0064358991,"5":0.0064323563,"6":0.0064287116,"7":0.006427282,"8":0.0064244843,"9":0.006422997,"10":0.0064210542,"11":0.0064194784,"12":0.0064179981,"13":0.0064172153,"14":0.006415396,"15":0.0064142947,"16":0.006413165,"17":0.0064125415,"18":0.0064114397,"19":0.0064110104,"20":0.0064093918,"21":0.0064088134,"22":0.0064079468,"23":0.0064069568,"24":0.0064063226},"mean_squared_error":{"0":0.0385157168,"1":0.0362270139,"2":0.0360664539,"3":0.0359965041,"4":0.0359173752,"5":0.0358669013,"6":0.0358320698,"7":0.0358000174,"8":0.0357781202,"9":0.035753224,"10":0.0357384123,"11":0.0357121825,"12":0.0357076563,"13":0.0356821865,"14":0.035687536,"15":0.035658773,"16":0.0356517471,"17":0.0356539749,"18":0.0356397294,"19":0.035634093,"20":0.0356206596,"21":0.0356003195,"22":0.0356055386,"23":0.0356010124,"24":0.0355882347},"val_loss":{"0":0.0317711905,"1":0.0311833899,"2":0.0310864542,"3":0.0307444278,"4":0.0307576191,"5":0.0305813346,"6":0.0306243841,"7":0.0308600068,"8":0.0304341875,"9":0.0302156582,"10":0.0304303225,"11":0.0307633542,"12":0.0307254288,"13":0.0305675715,"14":0.0299120396,"15":0.0304834917,"16":0.0301106051,"17":0.0303039104,"18":0.0300665777,"19":0.0301384907,"20":0.0302465837,"21":0.0303226039,"22":0.0299977139,"23":0.030395003,"24":0.0300237257},"val_mean_squared_logarithmic_error":{"0":0.0070428671,"1":0.0069357865,"2":0.0069549121,"3":0.0069265519,"4":0.0069260616,"5":0.0069130645,"6":0.0068982174,"7":0.0069205505,"8":0.0068968404,"9":0.0068932166,"10":0.0068988921,"11":0.0069001978,"12":0.0068893298,"13":0.0069052968,"14":0.0068710968,"15":0.0068764477,"16":0.0068907291,"17":0.0068911896,"18":0.0068722833,"19":0.0068965927,"20":0.006853336,"21":0.0068891896,"22":0.0068603214,"23":0.0068851244,"24":0.0068748174},"val_mean_squared_error":{"0":0.0485182889,"1":0.0474154577,"2":0.0482026264,"3":0.0470461771,"4":0.047096923,"5":0.046888195,"6":0.0469132029,"7":0.0471079312,"8":0.0463906452,"9":0.0470261611,"10":0.0469358861,"11":0.0467226915,"12":0.0466001965,"13":0.0474156365,"14":0.0465535857,"15":0.0469080769,"16":0.0468564108,"17":0.0470060892,"18":0.0461188294,"19":0.0475495942,"20":0.045668941,"21":0.047344353,"22":0.0459066145,"23":0.0470207185,"24":0.0468166061}}