{"loss":{"0":0.0196920838,"1":0.0195991267,"2":0.0195393506,"3":0.0194324516,"4":0.0194520876,"5":0.0194661524,"6":0.019440297,"7":0.0193613041,"8":0.0194048751,"9":0.0194143821,"10":0.019310046,"11":0.0193238836,"12":0.0193192475,"13":0.0193412937,"14":0.019273201,"15":0.0192746725,"16":0.0192386359,"17":0.0192327499,"18":0.0193207674,"19":0.0191802252,"20":0.0192793719,"21":0.0191831626,"22":0.0191998687,"23":0.0192178115,"24":0.0191719998,"25":0.0192087963,"26":0.0191684775,"27":0.0191505868,"28":0.0191626381,"29":0.0191695616,"30":0.0191289186,"31":0.0191231575,"32":0.0191191062,"33":0.019128792,"34":0.0190941952,"35":0.0191443227,"36":0.0190798081,"37":0.0191070829,"38":0.0190393981,"39":0.019078467,"40":0.0191184673,"41":0.0189973265,"42":0.0190195069,"43":0.0190758631,"44":0.0190710723,"45":0.0190055314,"46":0.0189882591,"47":0.0190104023,"48":0.019050587},"mean_squared_logarithmic_error":{"0":0.0052896938,"1":0.0052874661,"2":0.0052871252,"3":0.0052865003,"4":0.0052865422,"5":0.0052866158,"6":0.0052856258,"7":0.005286634,"8":0.0052871611,"9":0.0052884999,"10":0.0052862479,"11":0.0052878163,"12":0.0052883774,"13":0.0052883783,"14":0.0052888426,"15":0.0052884999,"16":0.0052881143,"17":0.0052889823,"18":0.0052894652,"19":0.0052887397,"20":0.0052891546,"21":0.0052887602,"22":0.0052894112,"23":0.0052893865,"24":0.0052892957,"25":0.005289841,"26":0.005289434,"27":0.0052894014,"28":0.0052901641,"29":0.0052892314,"30":0.0052898736,"31":0.0052898466,"32":0.005289407,"33":0.0052891579,"34":0.0052895402,"35":0.0052896636,"36":0.0052887248,"37":0.005288796,"38":0.0052892193,"39":0.0052887639,"40":0.0052896594,"41":0.0052889292,"42":0.0052889409,"43":0.0052886987,"44":0.0052889516,"45":0.0052890638,"46":0.005289203,"47":0.0052886652,"48":0.0052879904},"mean_squared_error":{"0":0.0237499904,"1":0.023753522,"2":0.0237493161,"3":0.0237557963,"4":0.0237588864,"5":0.0237654299,"6":0.0237633996,"7":0.0237682965,"8":0.0237732548,"9":0.0237774644,"10":0.0237779301,"11":0.0237780511,"12":0.0237829331,"13":0.0237883292,"14":0.0237837005,"15":0.0237875637,"16":0.0237839445,"17":0.0237900317,"18":0.0237932689,"19":0.0237902813,"20":0.0237949789,"21":0.0237960014,"22":0.0237978976,"23":0.0237963032,"24":0.0237959716,"25":0.0238011293,"26":0.0237968955,"27":0.0237996317,"28":0.0238011517,"29":0.0238028038,"30":0.0238020383,"31":0.0238018818,"32":0.0238011125,"33":0.023806382,"34":0.0238047112,"35":0.0238079932,"36":0.0238046367,"37":0.0238086116,"38":0.0238074623,"39":0.0238075126,"40":0.023810761,"41":0.0238068439,"42":0.0238063131,"43":0.023809474,"44":0.0238107461,"45":0.0238069445,"46":0.0238081757,"47":0.0238086414,"48":0.023806585},"val_loss":{"0":0.0224141292,"1":0.0225673039,"2":0.0220049769,"3":0.0223378837,"4":0.022019621,"5":0.0219152085,"6":0.0219239313,"7":0.022339005,"8":0.02266578,"9":0.0224038828,"10":0.0220071245,"11":0.0222502053,"12":0.0220512059,"13":0.02208733,"14":0.0219645686,"15":0.0218394268,"16":0.0225173663,"17":0.0227291305,"18":0.021748865,"19":0.0225580204,"20":0.0221748482,"21":0.02238914,"22":0.0225428026,"23":0.0219722148,"24":0.0220320728,"25":0.0221216194,"26":0.0217481274,"27":0.0220198967,"28":0.0223048646,"29":0.0218526535,"30":0.022298988,"31":0.0220408905,"32":0.0217294339,"33":0.0219665039,"34":0.0217662696,"35":0.0218313579,"36":0.0223291833,"37":0.0219977368,"38":0.0215213057,"39":0.0227492284,"40":0.0216706712,"41":0.0217714906,"42":0.0216501318,"43":0.0218968987,"44":0.0224037487,"45":0.0220873747,"46":0.0216862131,"47":0.0224800631,"48":0.0219000559},"val_mean_squared_logarithmic_error":{"0":0.006035802,"1":0.006040547,"2":0.0060440721,"3":0.0060344785,"4":0.0060386159,"5":0.0060266512,"6":0.0060245842,"7":0.0060517364,"8":0.0060478216,"9":0.0060433862,"10":0.0060469867,"11":0.0060495771,"12":0.0060485997,"13":0.0060305535,"14":0.006039612,"15":0.0060332674,"16":0.0060280249,"17":0.006041836,"18":0.0060502701,"19":0.0060433391,"20":0.0060512614,"21":0.0060279658,"22":0.006039965,"23":0.0060353121,"24":0.0060507823,"25":0.0060429443,"26":0.0060387678,"27":0.0060508577,"28":0.0060528559,"29":0.006037367,"30":0.0060560443,"31":0.0060487008,"32":0.0060362285,"33":0.0060371049,"34":0.006043782,"35":0.006046758,"36":0.0060416893,"37":0.0060420134,"38":0.0060449564,"39":0.0060503883,"40":0.0060329237,"41":0.0060377354,"42":0.0060442379,"43":0.0060458044,"44":0.0060560764,"45":0.0060244873,"46":0.0060539343,"47":0.006048278,"48":0.0060261688},"val_mean_squared_error":{"0":0.030396346,"1":0.03063206,"2":0.031034017,"3":0.0307982173,"4":0.0306806583,"5":0.0304734372,"6":0.0305201672,"7":0.0307970364,"8":0.0308076721,"9":0.0307528414,"10":0.0305754934,"11":0.0308801942,"12":0.0308432858,"13":0.0306548811,"14":0.0307740178,"15":0.0306551885,"16":0.030793,"17":0.0306553412,"18":0.0307454355,"19":0.0307620298,"20":0.0310136061,"21":0.030591229,"22":0.0307350829,"23":0.0308844037,"24":0.0307480954,"25":0.0307533983,"26":0.0305963848,"27":0.0308592413,"28":0.0308598895,"29":0.0307988171,"30":0.0310441032,"31":0.030797977,"32":0.0307219774,"33":0.0307302643,"34":0.0307327304,"35":0.0308649801,"36":0.0307138395,"37":0.0308445636,"38":0.0309332293,"39":0.0308597367,"40":0.0308597665,"41":0.0304878522,"42":0.0308561213,"43":0.0305454787,"44":0.0310088638,"45":0.0306623466,"46":0.0308594424,"47":0.0309494641,"48":0.0307438541}}