{"loss":{"0":0.0178068001,"1":0.0176064521,"2":0.0176411178,"3":0.0175815411,"4":0.0175648127,"5":0.0174404662,"6":0.0174770337,"7":0.0173509382,"8":0.0173947401,"9":0.01735311,"10":0.0173253175,"11":0.0172795504,"12":0.017237993,"13":0.0172550753,"14":0.0172169562,"15":0.017228052,"16":0.0172004234,"17":0.0171403624,"18":0.0171478763,"19":0.0171107221,"20":0.0170664061,"21":0.0170756448,"22":0.0170531329,"23":0.0169755816,"24":0.0170025639,"25":0.0169592388,"26":0.0169068258,"27":0.016894903,"28":0.0168417357,"29":0.0168404412,"30":0.0168103892,"31":0.0167595744,"32":0.0167575497,"33":0.0166977067,"34":0.0167158376,"35":0.0166919492,"36":0.0166164357,"37":0.0165688712,"38":0.0166222341,"39":0.0165636428,"40":0.0165717602,"41":0.0164824948,"42":0.0165350661,"43":0.0164518207,"44":0.01642281,"45":0.0164135452,"46":0.0164283961,"47":0.0163498446,"48":0.0164061245,"49":0.01632143,"50":0.0163494982,"51":0.0162922498,"52":0.0163363982,"53":0.0162910838},"mean_squared_logarithmic_error":{"0":0.0041246223,"1":0.0041220314,"2":0.0041213711,"3":0.0041220924,"4":0.0041225525,"5":0.0041224752,"6":0.0041227308,"7":0.0041231462,"8":0.0041234521,"9":0.0041235643,"10":0.0041242726,"11":0.0041236272,"12":0.0041241427,"13":0.0041248901,"14":0.0041235741,"15":0.0041238451,"16":0.0041232524,"17":0.0041227345,"18":0.0041227564,"19":0.0041216752,"20":0.0041216924,"21":0.0041202032,"22":0.0041209878,"23":0.0041191159,"24":0.0041186777,"25":0.0041172239,"26":0.0041162567,"27":0.0041170358,"28":0.0041150982,"29":0.0041143512,"30":0.0041141878,"31":0.0041137426,"32":0.0041127722,"33":0.0041124802,"34":0.0041114553,"35":0.004110992,"36":0.0041098176,"37":0.0041097593,"38":0.0041091298,"39":0.0041090054,"40":0.0041079312,"41":0.00410771,"42":0.0041073491,"43":0.0041073747,"44":0.0041059419,"45":0.0041054352,"46":0.004105879,"47":0.0041045491,"48":0.0041052764,"49":0.0041048909,"50":0.0041038832,"51":0.0041043377,"52":0.0041036019,"53":0.0041015879},"mean_squared_error":{"0":0.0174097978,"1":0.0174782146,"2":0.017504856,"3":0.017552074,"4":0.0175783299,"5":0.017598154,"6":0.0176125672,"7":0.0176263656,"8":0.0176358856,"9":0.0176456384,"10":0.0176595878,"11":0.0176560525,"12":0.0176684018,"13":0.0176773276,"14":0.0176644232,"15":0.0176721979,"16":0.0176650677,"17":0.0176581591,"18":0.0176656786,"19":0.0176514089,"20":0.0176542532,"21":0.0176388305,"22":0.0176507812,"23":0.0176282171,"24":0.0176302567,"25":0.0176136736,"26":0.0176072344,"27":0.0176177416,"28":0.017595252,"29":0.0175862089,"30":0.0175864268,"31":0.0175855253,"32":0.0175711643,"33":0.0175668597,"34":0.0175550263,"35":0.017544657,"36":0.0175330527,"37":0.017533157,"38":0.0175191276,"39":0.0175300371,"40":0.017511338,"41":0.0175121054,"42":0.0174987298,"43":0.0175019279,"44":0.0174848121,"45":0.0174764581,"46":0.0174851809,"47":0.0174701922,"48":0.0174772777,"49":0.0174778532,"50":0.0174616985,"51":0.0174662732,"52":0.0174617525,"53":0.01742086},"val_loss":{"0":0.0178654753,"1":0.0180439707,"2":0.0181379337,"3":0.0179480817,"4":0.0178745259,"5":0.0178228058,"6":0.0178688783,"7":0.0182128269,"8":0.0175941847,"9":0.0176360067,"10":0.0177178439,"11":0.0173449609,"12":0.0173583776,"13":0.0176685285,"14":0.0176537894,"15":0.0173212402,"16":0.0172295198,"17":0.0177185908,"18":0.0178595465,"19":0.0175029971,"20":0.017501764,"21":0.0177470781,"22":0.0177641101,"23":0.0177027807,"24":0.0175507721,"25":0.016923368,"26":0.0174124129,"27":0.0171841457,"28":0.0169815607,"29":0.0173027087,"30":0.0171892941,"31":0.0171023309,"32":0.0177035592,"33":0.0179166291,"34":0.0169839822,"35":0.0167314578,"36":0.0174754895,"37":0.0174661484,"38":0.0170183666,"39":0.0168840997,"40":0.0167947188,"41":0.0167036727,"42":0.0169011168,"43":0.0165725667,"44":0.0166244544,"45":0.0167290922,"46":0.0170239042,"47":0.0168649685,"48":0.0167436805,"49":0.0170556698,"50":0.0172394998,"51":0.0170510989,"52":0.0174725894,"53":0.0172078349},"val_mean_squared_logarithmic_error":{"0":0.0042261612,"1":0.0042152018,"2":0.0042388556,"3":0.0042234547,"4":0.004214521,"5":0.0042235302,"6":0.0042274036,"7":0.004228021,"8":0.0042419964,"9":0.0042322073,"10":0.0042304695,"11":0.0042225402,"12":0.0042329519,"13":0.0042461529,"14":0.0042382032,"15":0.0042368616,"16":0.0042207348,"17":0.0042389417,"18":0.0042293095,"19":0.0042293021,"20":0.0042434973,"21":0.004221336,"22":0.0042220484,"23":0.0042301528,"24":0.0042221202,"25":0.0042289416,"26":0.0042178007,"27":0.0042312955,"28":0.0042234114,"29":0.004223513,"30":0.0042247321,"31":0.0042065433,"32":0.0042243968,"33":0.0042426516,"34":0.0042161918,"35":0.0042118109,"36":0.0042254929,"37":0.0042098309,"38":0.0042219954,"39":0.0042103301,"40":0.0042274683,"41":0.0042226729,"42":0.0042075226,"43":0.0042209346,"44":0.0042166831,"45":0.0042290576,"46":0.0042100991,"47":0.0042373328,"48":0.0042219376,"49":0.0042161513,"50":0.0042150859,"51":0.0042093955,"52":0.0042207991,"53":0.0042095589},"val_mean_squared_error":{"0":0.0187096018,"1":0.0185881369,"2":0.0189042389,"3":0.018722048,"4":0.0185909271,"5":0.0188268684,"6":0.0189003684,"7":0.018878581,"8":0.0190416239,"9":0.0188280512,"10":0.0188618731,"11":0.0187765229,"12":0.0190376807,"13":0.0191318486,"14":0.0190694574,"15":0.0190089419,"16":0.0187663827,"17":0.0190306418,"18":0.0189732108,"19":0.0189135745,"20":0.0191792697,"21":0.0188294686,"22":0.0188031252,"23":0.0188903585,"24":0.0187209975,"25":0.0189674813,"26":0.0187455155,"27":0.0190712959,"28":0.0188452303,"29":0.0188013613,"30":0.0188808292,"31":0.0185077731,"32":0.0188344195,"33":0.0191339031,"34":0.0187643226,"35":0.0187988076,"36":0.0189540274,"37":0.0186135862,"38":0.0188700613,"39":0.0186396409,"40":0.0189777724,"41":0.0188717246,"42":0.0186562315,"43":0.0188678391,"44":0.0188705921,"45":0.0190024674,"46":0.0187936313,"47":0.0191459861,"48":0.0189095959,"49":0.018799087,"50":0.0188114308,"51":0.0187230818,"52":0.0188382324,"53":0.0185559969}}