{"loss":{"0":0.0850667432,"1":0.0400470458,"2":0.0368509293,"3":0.0360276885,"4":0.035465546,"5":0.0342536643,"6":0.032575164,"7":0.0335269757,"8":0.0329063088,"9":0.0320464522,"10":0.0323827118,"11":0.0310255811,"12":0.0312578455,"13":0.0309200063,"14":0.0305213276,"15":0.0299703665,"16":0.0298934523,"17":0.0296657514,"18":0.029055357,"19":0.0292190257,"20":0.0286698863,"21":0.028478926,"22":0.0284078382,"23":0.0280858278,"24":0.0276122112,"25":0.0274929386,"26":0.0274016764,"27":0.0273730326,"28":0.0270234272,"29":0.0266820323,"30":0.0265370682,"31":0.0265986137,"32":0.026156161,"33":0.026090553,"34":0.0262503382,"35":0.0256823357,"36":0.0255773477,"37":0.0254608858,"38":0.0255300011,"39":0.0248668566,"40":0.0251643918,"41":0.0249270704,"42":0.0249389261,"43":0.0247329473,"44":0.024600463,"45":0.0244399812,"46":0.0243616831,"47":0.0242880713,"48":0.0240623523,"49":0.0240074545,"50":0.0239792559,"51":0.0236393996,"52":0.0237042755,"53":0.0235952958,"54":0.0234456006,"55":0.0234070588,"56":0.0233224872,"57":0.0231131874,"58":0.0231349077,"59":0.0229587369,"60":0.0230353232,"61":0.0227334499,"62":0.0229052603,"63":0.0226455666,"64":0.0227109734,"65":0.0225614086,"66":0.0224933196,"67":0.0225023609,"68":0.0223070737,"69":0.022351101,"70":0.0222940315,"71":0.0221565925,"72":0.02223441,"73":0.0220612399,"74":0.0220759585,"75":0.0220236704,"76":0.0218914282,"77":0.0218567662,"78":0.0218111016,"79":0.0218331832,"80":0.0216904022,"81":0.021559583,"82":0.0216136351,"83":0.0215995982,"84":0.0215510558,"85":0.0214319993,"86":0.0214470793,"87":0.021342922,"88":0.0213682856,"89":0.0212769248,"90":0.0212090947,"91":0.0212218594,"92":0.0211250596,"93":0.021167716,"94":0.0210575256,"95":0.0210708864,"96":0.0209896099,"97":0.0209691152},"mean_squared_logarithmic_error":{"0":0.0140147395,"1":0.0051916521,"2":0.0050839488,"3":0.0050186142,"4":0.0049697845,"5":0.0049345512,"6":0.0049007032,"7":0.0049014147,"8":0.0048783571,"9":0.0048556132,"10":0.0048517771,"11":0.004830481,"12":0.0048222593,"13":0.0048160306,"14":0.0048022005,"15":0.0047915131,"16":0.0047821905,"17":0.0047706929,"18":0.0047619916,"19":0.0047515514,"20":0.0047438084,"21":0.0047349753,"22":0.0047296141,"23":0.0047202725,"24":0.0047142492,"25":0.0047098245,"26":0.0047067907,"27":0.0047018947,"28":0.0046977988,"29":0.0046917349,"30":0.004691164,"31":0.0046879831,"32":0.004684994,"33":0.004682133,"34":0.0046818722,"35":0.0046771662,"36":0.0046741026,"37":0.0046732775,"38":0.0046739695,"39":0.0046694255,"40":0.0046701096,"41":0.0046668174,"42":0.0046668323,"43":0.0046658269,"44":0.0046636504,"45":0.0046629957,"46":0.0046609598,"47":0.0046621333,"48":0.0046609845,"49":0.0046577966,"50":0.0046587694,"51":0.0046565426,"52":0.0046564564,"53":0.0046550483,"54":0.0046542236,"55":0.0046537612,"56":0.0046531954,"57":0.0046518063,"58":0.0046504354,"59":0.0046493639,"60":0.0046497136,"61":0.0046478934,"62":0.0046475935,"63":0.0046452181,"64":0.0046448433,"65":0.0046440517,"66":0.0046429364,"67":0.0046417518,"68":0.0046406928,"69":0.0046393881,"70":0.0046381634,"71":0.0046374523,"72":0.0046372632,"73":0.0046354667,"74":0.0046345489,"75":0.0046333307,"76":0.0046327906,"77":0.0046319226,"78":0.0046308963,"79":0.0046304818,"80":0.0046295216,"81":0.0046285014,"82":0.0046292539,"83":0.0046276441,"84":0.004627747,"85":0.0046262685,"86":0.0046259817,"87":0.0046259984,"88":0.0046244361,"89":0.004623808,"90":0.0046228468,"91":0.0046229106,"92":0.0046208766,"93":0.0046209367,"94":0.0046208338,"95":0.004619767,"96":0.0046186647,"97":0.0046182601},"mean_squared_error":{"0":0.064925395,"1":0.0222811028,"2":0.0219422989,"3":0.0217721555,"4":0.0216480456,"5":0.0215203054,"6":0.0214098748,"7":0.0213944018,"8":0.021296123,"9":0.0212210957,"10":0.0212029833,"11":0.0211206879,"12":0.021088317,"13":0.0210654978,"14":0.0210041013,"15":0.020965958,"16":0.0209425595,"17":0.0208894387,"18":0.0208565705,"19":0.0208306015,"20":0.0207883194,"21":0.0207712017,"22":0.02074611,"23":0.0207314305,"24":0.0207011588,"25":0.0206922106,"26":0.0206683762,"27":0.0206636712,"28":0.0206522644,"29":0.0206362922,"30":0.0206112377,"31":0.0206270572,"32":0.0205952153,"33":0.0205974039,"34":0.0206101928,"35":0.0205832236,"36":0.0205700919,"37":0.0205893759,"38":0.0205893163,"39":0.0205686502,"40":0.0205675438,"41":0.0205852538,"42":0.0205875151,"43":0.0205566697,"44":0.0205654558,"45":0.0205639731,"46":0.0205711219,"47":0.0205465946,"48":0.0205496568,"49":0.0205539111,"50":0.0205356497,"51":0.0205376837,"52":0.0205279216,"53":0.0205186382,"54":0.0205156021,"55":0.0205157697,"56":0.0204990394,"57":0.0204924159,"58":0.0204940233,"59":0.0204882063,"60":0.0204756726,"61":0.0204687212,"62":0.0204588361,"63":0.0204760265,"64":0.0204567499,"65":0.0204431154,"66":0.0204358976,"67":0.0204370506,"68":0.0204229485,"69":0.0204215404,"70":0.0204205979,"71":0.0203924049,"72":0.0203925502,"73":0.0203882307,"74":0.0203806218,"75":0.0203867704,"76":0.0203623958,"77":0.0203568973,"78":0.0203530546,"79":0.0203461684,"80":0.0203461424,"81":0.0203387029,"82":0.0203221925,"83":0.0203234721,"84":0.0203101318,"85":0.0203144867,"86":0.0202988181,"87":0.020291945,"88":0.0202847868,"89":0.0202839989,"90":0.0202786978,"91":0.0202678721,"92":0.0202772208,"93":0.0202674102,"94":0.020245973,"95":0.0202451423,"96":0.0202499367,"97":0.0202378463},"val_loss":{"0":0.0402680822,"1":0.0440193526,"2":0.0418137871,"3":0.0387425385,"4":0.0351266712,"5":0.0361006893,"6":0.030242689,"7":0.0344608277,"8":0.035023395,"9":0.0310292933,"10":0.0324666873,"11":0.0332845487,"12":0.0333326086,"13":0.031703569,"14":0.0303029418,"15":0.0285006966,"16":0.0321833827,"17":0.0295627266,"18":0.0314165317,"19":0.0295421612,"20":0.0308508817,"21":0.0308728311,"22":0.0281907003,"23":0.0283750594,"24":0.0286719874,"25":0.0290108658,"26":0.026965376,"27":0.0272086058,"28":0.0273983069,"29":0.0273443889,"30":0.0284794308,"31":0.0278854389,"32":0.0272320881,"33":0.0263970345,"34":0.0259459186,"35":0.0256216545,"36":0.0258176215,"37":0.0266139917,"38":0.0262155458,"39":0.0269674044,"40":0.0249350537,"41":0.0254225265,"42":0.0242407285,"43":0.0243860036,"44":0.0258544181,"45":0.0236748066,"46":0.0257795583,"47":0.0254390817,"48":0.0241077561,"49":0.0231199265,"50":0.0245981049,"51":0.0234366413,"52":0.0239665285,"53":0.0236882996,"54":0.0235227067,"55":0.0242228955,"56":0.0229594335,"57":0.0226589888,"58":0.0232383665,"59":0.0242447089,"60":0.0234438609,"61":0.0234264489,"62":0.0230592694,"63":0.0224190038,"64":0.0239346921,"65":0.0227246489,"66":0.0224732384,"67":0.0227236431,"68":0.0227125119,"69":0.0228575207,"70":0.021870764,"71":0.0216728188,"72":0.0218592975,"73":0.0219969638,"74":0.0217708871,"75":0.0221661013,"76":0.0226117931,"77":0.0217850525,"78":0.0221694708,"79":0.0214123707,"80":0.0219797641,"81":0.0218928177,"82":0.0217362847,"83":0.0227507576,"84":0.0213564802,"85":0.0217690375,"86":0.022219032,"87":0.0213197749,"88":0.0214494225,"89":0.0224780217,"90":0.0217340402,"91":0.0213936791,"92":0.0224144347,"93":0.021408489,"94":0.0221497193,"95":0.0213597566,"96":0.0217497237,"97":0.0217740517},"val_mean_squared_logarithmic_error":{"0":0.0053280815,"1":0.0053800298,"2":0.0052739093,"3":0.0051588006,"4":0.0050994027,"5":0.0051378943,"6":0.0050066123,"7":0.0050900397,"8":0.0050266827,"9":0.0049828836,"10":0.0049693109,"11":0.0049678548,"12":0.0049747555,"13":0.0049543781,"14":0.0049367244,"15":0.0048990129,"16":0.0049098204,"17":0.0049001398,"18":0.0048936806,"19":0.0049211886,"20":0.0048827836,"21":0.0049186638,"22":0.0048323581,"23":0.0048578219,"24":0.0048618489,"25":0.004838014,"26":0.0048405901,"27":0.0048135091,"28":0.0048334356,"29":0.0048281844,"30":0.0048279655,"31":0.0048534721,"32":0.0048171743,"33":0.0048122625,"34":0.004795203,"35":0.0047972742,"36":0.0048037479,"37":0.0048207426,"38":0.0047826702,"39":0.0047916146,"40":0.0047823312,"41":0.0047896663,"42":0.0047849175,"43":0.0047924896,"44":0.0047849412,"45":0.0047749607,"46":0.0048043365,"47":0.0047850632,"48":0.0047699255,"49":0.0047917706,