{"loss":{"0":0.0092491135,"1":0.009167457,"2":0.0091277612,"3":0.0091667082,"4":0.0091036921,"5":0.0090911211,"6":0.0091044027,"7":0.0090788119,"8":0.0090723811,"9":0.0090731634,"10":0.009049396,"11":0.0090574045,"12":0.0090285689,"13":0.0090324963,"14":0.0090245977,"15":0.0090045361,"16":0.0090333158,"17":0.0089974348,"18":0.0089960378,"19":0.008979165,"20":0.0089711966,"21":0.0089920508,"22":0.0089565422,"23":0.0089525599,"24":0.0089598056,"25":0.0089288047,"26":0.0089455973,"27":0.008933166,"28":0.0089305695,"29":0.0089082979,"30":0.0089122094,"31":0.0088977646,"32":0.0089168455,"33":0.0089075472,"34":0.008891223,"35":0.0088642351,"36":0.0088541443,"37":0.0088483952,"38":0.0088431323},"mean_squared_logarithmic_error":{"0":0.0025718615,"1":0.0025702512,"2":0.0025699318,"3":0.0025683313,"4":0.0025685632,"5":0.0025675802,"6":0.0025670782,"7":0.0025677234,"8":0.002566959,"9":0.0025662042,"10":0.0025661709,"11":0.0025653453,"12":0.0025657485,"13":0.0025660186,"14":0.0025655164,"15":0.0025646673,"16":0.0025644249,"17":0.0025652593,"18":0.0025646372,"19":0.0025643795,"20":0.0025644118,"21":0.0025641855,"22":0.0025648419,"23":0.0025641886,"24":0.0025632756,"25":0.0025635792,"26":0.0025633753,"27":0.0025638544,"28":0.0025633178,"29":0.0025633129,"30":0.0025622959,"31":0.0025630342,"32":0.0025631771,"33":0.0025625746,"34":0.0025621997,"35":0.0025618852,"36":0.0025611317,"37":0.0025620086,"38":0.0025618237},"mean_squared_error":{"0":0.0087763304,"1":0.0087717921,"2":0.008768348,"3":0.0087678293,"4":0.0087673999,"5":0.0087657906,"6":0.0087665506,"7":0.0087671885,"8":0.0087670479,"9":0.0087669278,"10":0.0087648323,"11":0.0087654823,"12":0.0087665031,"13":0.0087661566,"14":0.0087658148,"15":0.0087664891,"16":0.008766246,"17":0.0087659545,"18":0.0087664351,"19":0.008765935,"20":0.0087664779,"21":0.0087686945,"22":0.0087682931,"23":0.0087677464,"24":0.0087677212,"25":0.0087687382,"26":0.0087690922,"27":0.008769271,"28":0.0087688826,"29":0.0087694731,"30":0.0087696202,"31":0.008770871,"32":0.008770667,"33":0.0087717911,"34":0.0087706763,"35":0.0087710526,"36":0.008771033,"37":0.0087710693,"38":0.0087714782},"val_loss":{"0":0.0106101921,"1":0.0105809905,"2":0.0108017847,"3":0.0106982905,"4":0.0108982995,"5":0.0105958562,"6":0.010505978,"7":0.0106816497,"8":0.0105338572,"9":0.0105332229,"10":0.0105164656,"11":0.0104033202,"12":0.0105934571,"13":0.0106493765,"14":0.0103787882,"15":0.0108041577,"16":0.0107489238,"17":0.0108764693,"18":0.0104556773,"19":0.010487454,"20":0.0104561932,"21":0.0107694538,"22":0.0105759604,"23":0.0103760324,"24":0.0104046781,"25":0.0103085432,"26":0.0108174449,"27":0.0103724264,"28":0.0101273376,"29":0.0102561582,"30":0.010487441,"31":0.0107977912,"32":0.0103807095,"33":0.0110624516,"34":0.0104113035,"35":0.010478531,"36":0.0104329763,"37":0.0105522824,"38":0.0105087096},"val_mean_squared_logarithmic_error":{"0":0.0030058527,"1":0.0030061787,"2":0.0030095468,"3":0.0030073363,"4":0.0030062248,"5":0.0029998056,"6":0.003004757,"7":0.0030031211,"8":0.0029961499,"9":0.003001947,"10":0.0030022135,"11":0.0030020634,"12":0.0030039058,"13":0.0029998927,"14":0.0030044485,"15":0.0030038937,"16":0.0030040962,"17":0.0029982694,"18":0.0030014594,"19":0.0030075035,"20":0.0030033116,"21":0.0030070709,"22":0.0029984701,"23":0.003002242,"24":0.0029979877,"25":0.0029982454,"26":0.0030049349,"27":0.0030050313,"28":0.0030046867,"29":0.0030021514,"30":0.0030027984,"31":0.0030020839,"32":0.0029992601,"33":0.0030026746,"34":0.0029996482,"35":0.0030024734,"36":0.0029994603,"37":0.0030021577,"38":0.002999878},"val_mean_squared_error":{"0":0.0115049379,"1":0.0115035549,"2":0.0114845503,"3":0.0114728063,"4":0.0115241362,"5":0.0115050916,"6":0.0114605967,"7":0.0115153193,"8":0.0115155578,"9":0.0115193585,"10":0.0115510272,"11":0.0114814648,"12":0.0115080699,"13":0.011577935,"14":0.0114836525,"15":0.011491593,"16":0.0115218321,"17":0.0116008976,"18":0.0115320776,"19":0.0114990966,"20":0.011543843,"21":0.0114986524,"22":0.0115979854,"23":0.0115118027,"24":0.0115990164,"25":0.0115625961,"26":0.0114988266,"27":0.011489898,"28":0.0115026897,"29":0.0115271583,"30":0.0115317935,"31":0.0115662562,"32":0.0116342446,"33":0.0115541918,"34":0.0115640666,"35":0.0115785496,"36":0.0115151452,"37":0.0115356166,"38":0.0115804933}}