{"loss":{"0":0.0250708796,"1":0.024951037,"2":0.0248508565,"3":0.0247364789,"4":0.0247048568,"5":0.0246492326,"6":0.0246481914,"7":0.0245198645,"8":0.0245327335,"9":0.0245022122,"10":0.0244337302,"11":0.0243564323,"12":0.0243449546,"13":0.0242926441,"14":0.0242919289,"15":0.0242235996,"16":0.0242134277,"17":0.024172958,"18":0.0241397135,"19":0.0240414832,"20":0.0241305847,"21":0.0240001138,"22":0.0240290128,"23":0.0239770841,"24":0.0239615701,"25":0.0239117499,"26":0.0239243768,"27":0.0238046236,"28":0.0238491483,"29":0.023842128,"30":0.0237122141,"31":0.0238113981,"32":0.0237180181,"33":0.023743704,"34":0.0236203745,"35":0.0236749165,"36":0.0235911664,"37":0.0235868394,"38":0.0236291252,"39":0.0235030893,"40":0.0236618929,"41":0.0234514102,"42":0.0234902874,"43":0.0234892461,"44":0.0234763641,"45":0.0234459527,"46":0.023408033,"47":0.0234076455,"48":0.0233896095,"49":0.0233633555,"50":0.0233938005,"51":0.0234139413,"52":0.0232854728,"53":0.0233436413,"54":0.0233274251,"55":0.0232762024,"56":0.0233110096,"57":0.0232244655,"58":0.0232895482,"59":0.0232275929,"60":0.0231943466,"61":0.0232480243,"62":0.0232276674,"63":0.0231824331},"mean_squared_logarithmic_error":{"0":0.0060951142,"1":0.0060766013,"2":0.0060681989,"3":0.0060629225,"4":0.0060578645,"5":0.0060538989,"6":0.0060510319,"7":0.0060478719,"8":0.0060443557,"9":0.0060415012,"10":0.0060386863,"11":0.006036473,"12":0.0060342257,"13":0.0060316711,"14":0.0060306233,"15":0.0060287532,"16":0.00602694,"17":0.0060259565,"18":0.0060251039,"19":0.00602336,"20":0.0060223341,"21":0.0060220854,"22":0.0060204226,"23":0.0060197655,"24":0.0060189366,"25":0.0060181185,"26":0.0060172034,"27":0.0060164598,"28":0.0060151163,"29":0.0060138493,"30":0.0060135485,"31":0.0060126432,"32":0.0060122688,"33":0.0060113105,"34":0.0060105515,"35":0.0060090115,"36":0.0060084211,"37":0.0060078264,"38":0.0060072988,"39":0.0060063871,"40":0.0060066627,"41":0.0060054725,"42":0.0060045649,"43":0.0060046883,"44":0.0060032792,"45":0.0060034175,"46":0.0060025812,"47":0.0060014701,"48":0.0060010883,"49":0.0060014962,"50":0.0060009179,"51":0.0060003041,"52":0.0060004531,"53":0.0059997505,"54":0.0059989928,"55":0.0059981593,"56":0.0059981272,"57":0.0059980056,"58":0.0059974934,"59":0.0059969923,"60":0.0059969188,"61":0.0059964606,"62":0.0059967153,"63":0.0059952918},"mean_squared_error":{"0":0.0306564569,"1":0.0303642638,"2":0.0302820783,"3":0.0302294698,"4":0.0301959794,"5":0.0301524363,"6":0.03013115,"7":0.0301033072,"8":0.0300803445,"9":0.0300508272,"10":0.0300239772,"11":0.0300049633,"12":0.0299774911,"13":0.0299827177,"14":0.0299672782,"15":0.02995768,"16":0.0299347676,"17":0.0299242232,"18":0.0299106557,"19":0.0299009979,"20":0.0298806187,"21":0.0298923254,"22":0.0298767034,"23":0.0298788026,"24":0.0298610479,"25":0.0298545416,"26":0.0298532881,"27":0.0298463888,"28":0.0298222676,"29":0.0298222285,"30":0.0298009776,"31":0.0298146494,"32":0.0297987368,"33":0.0297881942,"34":0.0297882687,"35":0.0297844689,"36":0.0297649,"37":0.0297736209,"38":0.0297614485,"39":0.0297571104,"40":0.0297602937,"41":0.0297414958,"42":0.0297332685,"43":0.0297282711,"44":0.0297252759,"45":0.0297096241,"46":0.0297278408,"47":0.0297140833,"48":0.0297078565,"49":0.0297054276,"50":0.0297043212,"51":0.0296969097,"52":0.0296867955,"53":0.0296929833,"54":0.0296920184,"55":0.0296687745,"56":0.0296753887,"57":0.02966097,"58":0.0296613928,"59":0.0296565685,"60":0.0296561234,"61":0.0296476949,"62":0.0296571832,"63":0.0296555404},"val_loss":{"0":0.0247008037,"1":0.0247010309,"2":0.0244007688,"3":0.0242965501,"4":0.0243835449,"5":0.0244833846,"6":0.024191821,"7":0.024078181,"8":0.0242228247,"9":0.0243488252,"10":0.0240712054,"11":0.0238810182,"12":0.0240854509,"13":0.0242546089,"14":0.0239193551,"15":0.024654571,"16":0.0239725467,"17":0.0246493518,"18":0.024955133,"19":0.0237528328,"20":0.0241607781,"21":0.0239897817,"22":0.0238189474,"23":0.0243273024,"24":0.0240525156,"25":0.0235383045,"26":0.023863012,"27":0.0240071509,"28":0.0235239323,"29":0.0235036258,"30":0.0236862432,"31":0.0249498375,"32":0.0242301729,"33":0.0234844573,"34":0.0236909874,"35":0.0238371789,"36":0.0237398129,"37":0.0240461975,"38":0.0234081242,"39":0.0242464207,"40":0.0234004278,"41":0.023391068,"42":0.023270512,"43":0.0233670976,"44":0.023281699,"45":0.0245100614,"46":0.0232620463,"47":0.023705015,"48":0.0236594509,"49":0.0233343877,"50":0.0230355673,"51":0.0239783339,"52":0.0234299209,"53":0.0229252968,"54":0.0233863164,"55":0.0232571587,"56":0.0231922176,"57":0.0233409256,"58":0.0231488645,"59":0.0234345514,"60":0.022934936,"61":0.0232240874,"62":0.0233051963,"63":0.0230883546},"val_mean_squared_logarithmic_error":{"0":0.006066096,"1":0.0060834661,"2":0.0060783336,"3":0.0060580992,"4":0.0060669756,"5":0.0060700271,"6":0.0060611037,"7":0.0060581132,"8":0.0060547879,"9":0.0060805161,"10":0.0060553853,"11":0.0060521895,"12":0.0060552484,"13":0.0060672024,"14":0.0060519674,"15":0.0060317833,"16":0.0060422979,"17":0.0060468232,"18":0.006058184,"19":0.0060497066,"20":0.0060319044,"21":0.0060591237,"22":0.0060342187,"23":0.0060475306,"24":0.0060405354,"25":0.0060380506,"26":0.0060379794,"27":0.0060481941,"28":0.0060388613,"29":0.0060492386,"30":0.0060404078,"31":0.0060401903,"32":0.0060315528,"33":0.0060328478,"34":0.006048419,"35":0.0060334867,"36":0.0060664006,"37":0.0060325684,"38":0.0060402108,"39":0.0060198903,"40":0.0060355272,"41":0.0060307137,"42":0.0060415063,"43":0.0060458896,"44":0.0060348562,"45":0.0060210512,"46":0.0060488014,"47":0.0060418253,"48":0.0060372367,"49":0.0060331416,"50":0.0060322513,"51":0.0060234978,"52":0.0060431869,"53":0.0060275309,"54":0.0060365773,"55":0.0060395501,"56":0.0060494356,"57":0.0060464717,"58":0.0060387612,"59":0.0060503753,"60":0.006044283,"61":0.0060351165,"62":0.0060220906,"63":0.0060368362},"val_mean_squared_error":{"0":0.0297613107,"1":0.0297869351,"2":0.0298265815,"3":0.0299306363,"4":0.0297856294,"5":0.0297887139,"6":0.0298661832,"7":0.0297958255,"8":0.029760519,"9":0.0295205005,"10":0.0297440495,"11":0.0298811514,"12":0.0296741854,"13":0.0297207627,"14":0.0299044494,"15":0.030020453,"16":0.0298479311,"17":0.0296085458,"18":0.0298982263,"19":0.0298170354,"20":0.0297614262,"21":0.0295863505,"22":0.0299609285,"23":0.0298223551,"24":0.0298251361,"25":0.029891992,"26":0.0297908559,"27":0.0298375767,"28":0.0299372301,"29":0.0296251923,"30":0.029904563,"31":0.0301941931,"32":0.0296154581,"33":0.0300689694,"34":0.0297613945,"35":0.0297490545,"36":0.0295248888,"37":0.0296405423,"38":0.0297059212,"39":0.0297306925,"40":0.0297124609,"41":0.0299378075,"42":0.0296074972,"43":0.0296277031,"44":0.0298090149,"45":0.0300215445,"46":0.0296577364,"47":0.0296087656,"48":0.0297631659,"49":0.0299758706,"50":0.0297626145,"51":0.0297238845,"52":0.0296230726,"53":0.0298738051,"54":0.0295137893,"55":0.0298865102,"56":0.0295194965,"57":0.0296647511,"58":0.0295249559,"59":0.0295351408,"60":0.0296039395,"61":0.0296324808,"62":0.0297206305,"63":0.0295895897}}