{"loss":{"0":0.010396434,"1":0.0100555634,"2":0.0100042792,"3":0.0099982517,"4":0.0099559091,"5":0.0099166268,"6":0.0099547487,"7":0.0099129425,"8":0.009896569,"9":0.0099058077,"10":0.0098547395,"11":0.0098737115,"12":0.0098382356,"13":0.0098273112,"14":0.0098584462,"15":0.0098300995,"16":0.0098266127,"17":0.0097842477,"18":0.0098108556,"19":0.0097981235,"20":0.0097853122,"21":0.0097911619,"22":0.0097815804,"23":0.0097457711},"mean_squared_logarithmic_error":{"0":0.0027930057,"1":0.0027793767,"2":0.0027777534,"3":0.0027766642,"4":0.0027758111,"5":0.0027749683,"6":0.0027744027,"7":0.0027737224,"8":0.0027741047,"9":0.0027737438,"10":0.0027729871,"11":0.0027732251,"12":0.0027730581,"13":0.002772975,"14":0.0027725613,"15":0.0027728828,"16":0.0027726279,"17":0.0027727524,"18":0.0027727233,"19":0.0027723273,"20":0.0027730861,"21":0.0027726223,"22":0.0027722574,"23":0.0027724791},"mean_squared_error":{"0":0.0100535033,"1":0.0099995257,"2":0.0099791838,"3":0.0099684317,"4":0.0099635907,"5":0.0099612717,"6":0.0099608833,"7":0.0099595208,"8":0.0099584153,"9":0.0099586807,"10":0.0099584125,"11":0.0099589657,"12":0.0099588837,"13":0.0099581927,"14":0.0099575249,"15":0.0099575147,"16":0.0099573256,"17":0.0099579329,"18":0.0099569736,"19":0.0099580754,"20":0.0099574924,"21":0.0099581182,"22":0.0099589704,"23":0.0099570761},"val_loss":{"0":0.0115848565,"1":0.0114678051,"2":0.0119646052,"3":0.0114571191,"4":0.0114542944,"5":0.0117455944,"6":0.0117756817,"7":0.0113568548,"8":0.0116488077,"9":0.0115627488,"10":0.0111397505,"11":0.0116870999,"12":0.0113544324,"13":0.0111395754,"14":0.0115195662,"15":0.0117932772,"16":0.0113998633,"17":0.011249477,"18":0.011686,"19":0.0113040479,"20":0.0116273053,"21":0.0113014961,"22":0.0116919568,"23":0.0116220471},"val_mean_squared_logarithmic_error":{"0":0.0032309431,"1":0.0032237356,"2":0.0032236045,"3":0.0032175046,"4":0.0032188836,"5":0.0032187758,"6":0.0032202315,"7":0.0032169933,"8":0.0032209139,"9":0.003218798,"10":0.0032139793,"11":0.0032180285,"12":0.0032172289,"13":0.0032182541,"14":0.0032175351,"15":0.0032192194,"16":0.0032139944,"17":0.0032166599,"18":0.0032176676,"19":0.0032163884,"20":0.0032146191,"21":0.0032149982,"22":0.0032140405,"23":0.0032103879},"val_mean_squared_error":{"0":0.012722997,"1":0.0127176847,"2":0.0126767103,"3":0.0127199078,"4":0.0126621081,"5":0.0126514612,"6":0.0126792369,"7":0.0126404036,"8":0.0125802346,"9":0.0126484819,"10":0.0126182456,"11":0.0126527939,"12":0.0126346033,"13":0.0126036918,"14":0.0126760565,"15":0.0126808677,"16":0.0126695735,"17":0.0126416115,"18":0.0126732299,"19":0.0126415733,"20":0.0126887066,"21":0.0126742441,"22":0.0127136772,"23":0.0126452073}}