{"loss":{"0":0.0192768499,"1":0.018935509,"2":0.0188868511,"3":0.0187755246,"4":0.0186789632,"5":0.018675087,"6":0.0185376015,"7":0.0186269712,"8":0.0185290333,"9":0.0185145903,"10":0.0184541121,"11":0.0184301231,"12":0.0184287988,"13":0.0183485858,"14":0.0182863027,"15":0.0183015522,"16":0.0182614569,"17":0.0182436015,"18":0.0181230139,"19":0.0181953702,"20":0.0181032587,"21":0.0181105621,"22":0.018050909,"23":0.0181005448},"mean_squared_logarithmic_error":{"0":0.0044446215,"1":0.0044370964,"2":0.0044339467,"3":0.0044316328,"4":0.0044278968,"5":0.0044265739,"6":0.0044241762,"7":0.0044219503,"8":0.0044201706,"9":0.00441828,"10":0.0044176471,"11":0.004414774,"12":0.0044126716,"13":0.0044117128,"14":0.0044102515,"15":0.0044102171,"16":0.0044080731,"17":0.0044078822,"18":0.0044058547,"19":0.0044052713,"20":0.0044035586,"21":0.0044020377,"22":0.0044022086,"23":0.0044017807},"mean_squared_error":{"0":0.0187037997,"1":0.0186928939,"2":0.0186791979,"3":0.0186652504,"4":0.0186689161,"5":0.0186568797,"6":0.0186532997,"7":0.018652821,"8":0.0186269525,"9":0.0186450277,"10":0.0186192784,"11":0.0186191965,"12":0.0186199974,"13":0.0186174233,"14":0.0185968913,"15":0.0185936354,"16":0.0185850095,"17":0.0185935851,"18":0.0185792968,"19":0.0185828693,"20":0.0185751729,"21":0.0185727477,"22":0.0185571816,"23":0.018567225},"val_loss":{"0":0.02466801,"1":0.0240262859,"2":0.0244451258,"3":0.0246296562,"4":0.023894839,"5":0.0238565765,"6":0.0240730308,"7":0.0236406773,"8":0.024200784,"9":0.023700662,"10":0.0244396385,"11":0.0237880386,"12":0.0237394925,"13":0.023205949,"14":0.0237497892,"15":0.0235678088,"16":0.0241098888,"17":0.0235567167,"18":0.0236863531,"19":0.0236024689,"20":0.0240116436,"21":0.0232553631,"22":0.0233183727,"23":0.0232542399},"val_mean_squared_logarithmic_error":{"0":0.0057171709,"1":0.0056891958,"2":0.0056953328,"3":0.0056977933,"4":0.0056954012,"5":0.0056853699,"6":0.0057207858,"7":0.0056959838,"8":0.005738813,"9":0.005659862,"10":0.0057203434,"11":0.0056864312,"12":0.005670757,"13":0.0056671184,"14":0.0056789243,"15":0.0056882021,"16":0.0056741843,"17":0.0056796228,"18":0.0056476183,"19":0.0056558847,"20":0.005647663,"21":0.0056746807,"22":0.00567726,"23":0.005704341},"val_mean_squared_error":{"0":0.0293895956,"1":0.0291160922,"2":0.0290095117,"3":0.0291386694,"4":0.0289773848,"5":0.0289449543,"6":0.0292793196,"7":0.0290004462,"8":0.02965804,"9":0.028848432,"10":0.0293275695,"11":0.0292130448,"12":0.0289844573,"13":0.0288965013,"14":0.0289653875,"15":0.0291122645,"16":0.0292595085,"17":0.0291408654,"18":0.0289420281,"19":0.0289326571,"20":0.029025415,"21":0.028910609,"22":0.0290546101,"23":0.0292764157}}