{"loss":{"0":0.0124954423,"1":0.0122292358,"2":0.0121496273,"3":0.0121310558,"4":0.0120987659,"5":0.0120840557,"6":0.0120590134,"7":0.0120687503,"8":0.0120499525,"9":0.0120187989,"10":0.0120157292,"11":0.0120114107,"12":0.0119883297,"13":0.0120049752,"14":0.0119695747,"15":0.0119718099,"16":0.0119497105,"17":0.0119421994,"18":0.0119308457,"19":0.0119306827,"20":0.011920521},"mean_squared_logarithmic_error":{"0":0.0033968799,"1":0.0033934782,"2":0.0033966096,"3":0.0033990226,"4":0.0034004436,"5":0.0034016371,"6":0.0034023209,"7":0.0034030084,"8":0.0034035963,"9":0.0034041707,"10":0.0034041894,"11":0.0034048082,"12":0.0034050217,"13":0.003405273,"14":0.0034053521,"15":0.0034054557,"16":0.0034053526,"17":0.003405337,"18":0.0034053526,"19":0.0034052259,"20":0.0034051109},"mean_squared_error":{"0":0.013236165,"1":0.0132271089,"2":0.0132425176,"3":0.0132588083,"4":0.0132705877,"5":0.0132814506,"6":0.0132887773,"7":0.0132942302,"8":0.0132983271,"9":0.013303116,"10":0.013303387,"11":0.0133072287,"12":0.0133088762,"13":0.0133098075,"14":0.0133112725,"15":0.0133133596,"16":0.0133135263,"17":0.0133147044,"18":0.0133168492,"19":0.0133182453,"20":0.0133204609},"val_loss":{"0":0.0136221712,"1":0.0128244795,"2":0.0130625833,"3":0.0129093518,"4":0.0131653212,"5":0.0132285217,"6":0.012938288,"7":0.0132234842,"8":0.0134441117,"9":0.0132591929,"10":0.0126900487,"11":0.012882499,"12":0.0135708246,"13":0.0128603969,"14":0.0134201972,"15":0.013041053,"16":0.013213614,"17":0.0130056506,"18":0.0128342649,"19":0.0127184764,"20":0.0131491628},"val_mean_squared_logarithmic_error":{"0":0.0036745472,"1":0.0036702515,"2":0.0036730235,"3":0.0036839591,"4":0.0036890267,"5":0.0036814674,"6":0.0036869049,"7":0.0036842374,"8":0.0036898369,"9":0.0036873149,"10":0.0036933778,"11":0.0036924642,"12":0.0036946808,"13":0.0036918567,"14":0.0036914831,"15":0.0036912016,"16":0.0036877547,"17":0.0036833796,"18":0.0036896679,"19":0.0036911059,"20":0.003688877},"val_mean_squared_error":{"0":0.0161354654,"1":0.0159693621,"2":0.0159148145,"3":0.0160946082,"4":0.0162046477,"5":0.0160817262,"6":0.0160680264,"7":0.0160690937,"8":0.0160947815,"9":0.0160607584,"10":0.016146522,"11":0.0160493571,"12":0.0161052644,"13":0.0161290672,"14":0.0160486959,"15":0.0160630289,"16":0.0160267707,"17":0.0160964578,"18":0.0160311311,"19":0.01606833,"20":0.0160576869}}