{"loss":{"0":1.5222091675,"1":1.3347249031,"2":1.3233889341,"3":1.3173555136,"4":1.3132051229,"5":1.3095774651,"6":1.3057641983,"7":1.3022503853,"8":1.2993773222,"9":1.2970728874,"10":1.2951222658,"11":1.2934970856,"12":1.2920693159,"13":1.2907691002,"14":1.289583087,"15":1.2885074615,"16":1.287496686,"17":1.2864345312,"18":1.2853798866,"19":1.2843006849,"20":1.2832149267,"21":1.2822726965,"22":1.2814114094,"23":1.2806628942,"24":1.2799857855,"25":1.2793422937,"26":1.2787646055,"27":1.2782025337,"28":1.2777043581,"29":1.2772485018,"30":1.276837945,"31":1.2764548063,"32":1.2760894299,"33":1.2757166624,"34":1.2753539085,"35":1.2749849558,"36":1.2746545076,"37":1.2743512392,"38":1.2740713358,"39":1.2737789154,"40":1.2735170126,"41":1.273257494,"42":1.2730224133,"43":1.2727743387,"44":1.2725291252,"45":1.2723020315,"46":1.272064209,"47":1.2718259096,"48":1.2716004848,"49":1.2713558674,"50":1.2711347342,"51":1.2709172964,"52":1.2707217932,"53":1.2705210447,"54":1.2703174353,"55":1.2701300383,"56":1.2699153423,"57":1.2697027922,"58":1.2695089579,"59":1.2692781687,"60":1.2690535784,"61":1.268846035,"62":1.2686543465,"63":1.2684396505,"64":1.2682359219,"65":1.2680335045,"66":1.2678411007,"67":1.267644763,"68":1.26744771,"69":1.2672361135,"70":1.2670377493,"71":1.2668709755,"72":1.2666795254,"73":1.2665008307},"mean_squared_logarithmic_error":{"0":0.327524513,"1":0.2737057507,"2":0.2719593644,"3":0.2713218331,"4":0.2707846761,"5":0.2702191472,"6":0.2697168887,"7":0.2693461478,"8":0.2690535784,"9":0.268825829,"10":0.2686576843,"11":0.2685303688,"12":0.2684448957,"13":0.2683659792,"14":0.2683519125,"15":0.268306762,"16":0.2682262957,"17":0.268158704,"18":0.2681011558,"19":0.2680459619,"20":0.2679964602,"21":0.2679463029,"22":0.2679205239,"23":0.2678974867,"24":0.2678631246,"25":0.2678326964,"26":0.2678191662,"27":0.2678170502,"28":0.2677996457,"29":0.2677987516,"30":0.2677917182,"31":0.2677788734,"32":0.267780453,"33":0.267786622,"34":0.2677772045,"35":0.2677763402,"36":0.267775625,"37":0.2677640319,"38":0.2677794695,"39":0.2677807212,"40":0.2677913904,"41":0.2678151429,"42":0.2678349614,"43":0.2678568363,"44":0.2678762078,"45":0.2678875625,"46":0.2679085135,"47":0.2679243684,"48":0.2679519951,"49":0.2679744661,"50":0.2680060565,"51":0.2680371702,"52":0.2680591345,"53":0.2680901885,"54":0.2681095898,"55":0.2681355178,"56":0.2681620121,"57":0.2681756616,"58":0.2681905329,"59":0.2682007253,"60":0.2682118714,"61":0.268227607,"62":0.2682346106,"63":0.2682491839,"64":0.2682650089,"65":0.2682799399,"66":0.2683051825,"67":0.268325597,"68":0.2683388889,"69":0.2683608532,"70":0.26837641,"71":0.2684060931,"72":0.2684194744,"73":0.2684331238},"mean_squared_error":{"0":8.5421733856,"1":5.2511978149,"2":5.157708168,"3":5.110432148,"4":5.0774860382,"5":5.044301033,"6":5.0070304871,"7":4.9744234085,"8":4.9465532303,"9":4.9244604111,"10":4.9050254822,"11":4.8891711235,"12":4.8748002052,"13":4.8619580269,"14":4.8509821892,"15":4.8410110474,"16":4.8317160606,"17":4.8217411041,"18":4.8109483719,"19":4.798825264,"20":4.7865128517,"21":4.776350975,"22":4.7681527138,"23":4.7607841492,"24":4.7543048859,"25":4.7481451035,"26":4.742685318,"27":4.7378196716,"28":4.7336502075,"29":4.7300128937,"30":4.7271356583,"31":4.7244777679,"32":4.7219171524,"33":4.719227314,"34":4.7166056633,"35":4.7138762474,"36":4.7114181519,"37":4.7092647552,"38":4.7074804306,"39":4.7054872513,"40":4.7036690712,"41":4.701602459,"42":4.699868679,"43":4.6978969574,"44":4.696059227,"45":4.6943392754,"46":4.6925263405,"47":4.6906938553,"48":4.6890292168,"49":4.6870474815,"50":4.6854376793,"51":4.6837334633,"52":4.6822066307,"53":4.6805400848,"54":4.6789293289,"55":4.6772937775,"56":4.6754555702,"57":4.6736698151,"58":4.6723313332,"59":4.6704831123,"60":4.6684761047,"61":4.6668310165,"62":4.6655693054,"63":4.6637687683,"64":4.662024498,"65":4.6607747078,"66":4.6592245102,"67":4.6575746536,"68":4.6561636925,"69":4.6543893814,"70":4.6530437469,"71":4.6518650055,"72":4.6503400803,"73":4.648982048},"val_loss":{"0":1.4092262983,"1":1.396023035,"2":1.3914359808,"3":1.38854599,"4":1.3824870586,"5":1.3762278557,"6":1.3716865778,"7":1.367662549,"8":1.3636473417,"9":1.3607209921,"10":1.3599741459,"11":1.3604302406,"12":1.3609967232,"13":1.3609905243,"14":1.3594466448,"15":1.358145237,"16":1.3557311296,"17":1.3537303209,"18":1.3531317711,"19":1.3535803556,"20":1.3531937599,"21":1.352393508,"22":1.3506127596,"23":1.3486579657,"24":1.3477358818,"25":1.3469336033,"26":1.3466703892,"27":1.3464730978,"28":1.3462377787,"29":1.3458507061,"30":1.3453557491,"31":1.3449956179,"32":1.3445563316,"33":1.3442207575,"34":1.3438836336,"35":1.3437148333,"36":1.3432687521,"37":1.343116641,"38":1.3429124355,"39":1.3426808119,"40":1.3426935673,"41":1.342572093,"42":1.3425687551,"43":1.3425126076,"44":1.3424983025,"45":1.3423689604,"46":1.3422501087,"47":1.3421766758,"48":1.3421131372,"49":1.3419852257,"50":1.3418633938,"51":1.3419599533,"52":1.341919899,"53":1.3418785334,"54":1.3418977261,"55":1.3418713808,"56":1.3419789076,"57":1.3419753313,"58":1.3418748379,"59":1.3418412209,"60":1.3418155909,"61":1.3418117762,"62":1.341858387,"63":1.3417067528,"64":1.3417084217,"65":1.3418279886,"66":1.34174788,"67":1.3418477774,"68":1.3418908119,"69":1.3418118954,"70":1.3418648243,"71":1.341983676,"72":1.3420431614,"73":1.3422152996},"val_mean_squared_logarithmic_error":{"0":0.2789423764,"1":0.2740613222,"2":0.2739319205,"3":0.2735251486,"4":0.272819072,"5":0.2721066177,"6":0.271528542,"7":0.2711483538,"8":0.2704121768,"9":0.2700070441,"10":0.2696343958,"11":0.2695459723,"12":0.2696957886,"13":0.2700824142,"14":0.2702759504,"15":0.2704634964,"16":0.2702286839,"17":0.269913286,"18":0.2697048783,"19":0.2697436213,"20":0.2697528899,"21":0.2699731588,"22":0.2702544928,"23":0.2702380717,"24":0.270304054,"25":0.2701448798,"26":0.2699529231,"27":0.2698599696,"28":0.2699429095,"29":0.2700389028,"30":0.2700821459,"31":0.2700291276,"32":0.2699571252,"33":0.2698149979,"34":0.2697087526,"35":0.2697337568,"36":0.2696807683,"37":0.269695729,"38":0.2696760297,"39":0.2696525753,"40":0.2696665823,"41":0.269639492,"42":0.2697317004,"43":0.2698107064,"44":0.2698483467,"45":0.2698880434,"46":0.269919008,"47":0.2699121833,"48":0.2699205279,"49":0.2699533999,"50":0.2699866295,"51":0.2700212002,"52":0.2700494826,"53":0.2700972557,"54":0.2701564431,"55":0.2702222764,"56":0.2702474296,"57":0.270306021,"58":0.2703219354,"59":0.2703584731,"60":0.2703708708,"61":0.2703944147,"62":0.2704388797,"63":0.270407021,"64":0.2704430521,"65":0.2705255747,"66":0.2705386281,"67":0.2706202865,"68":0.2706925273,"69":0.2707012594,"70":0.2707549334,"71":0.2708233297,"72":0.2708788216,"73":0.2709643245},"val_mean_squared_error":{"0":5.8896422386,"1":5.6741223335,"2":5.6047902107,"3":5.5831370354,"4":5.5543637276,"5":5.5252027512,"6":5.5017061234,"7":5.4913306236,"8":5.4507288933,"9":5.4037308693,"10":5.3651328087,"11":5.3494215012,"12":5.3416686058,"13":5.3357381821,"14":5.3300232887,"15":5.323559761,"16":5.3045625687,"17":5.2785277367,"18":5.2590303421,"19":5.2497925758,"20":5.2397823334,"21":5.2323870659,"22":5.2224025726,"23":5.2138385773,"24":5.2063879967,"25":5.198592186,"26":5.1937603951,"27":5.1914715767,"28":5.1902017593,"29":5.1901392937,"30":5.1890683174,"31":5.1883983612,"32":5.1865100861,"33":5.1845626831,"34":5.1839790344,"35":5.1843662262,"36":5.1852040291,"37":5.1855602264,"38":5.1857242584,"39":5.1849226952,"40":5.1838798523,"41":5.1834101677,"42":5.1844978333,"43":5.1846313477,"44":5.1853733063,"45":5.1858916283,"46":5.186085701,"47":5.1861619949,"48":5.1870732307,"49":5.18673563,"50":5.1874709129,"51":5.1885137558,"52":5.1894731522,"53":5.1919202805,"54":5.1929502487,"55":5.1942005157,"56":5.1949748993,"57":5.1962404251,"58":5.1974101067,"59":5.1978607178,"60":5.1982769966,"61":5.1991796494,"62":5.200966835,"63":5.2022223473,"64":5.2040576935,"65":5.2043004036,"66":5.2068767548,"67":5.2081074715,"68":5.207681179,"69":5.2100048065,"70":5.2115082741,"71":5.2112555504,"72":5.2113003731,