{"loss":{"0":0.5251942873,"1":0.1808122993,"2":0.1552405506,"3":0.1423477381,"4":0.1350128204,"5":0.129014805,"6":0.1256699264,"7":0.1217479855,"8":0.1195369884,"9":0.1169476137,"10":0.1145039648,"11":0.1149078161,"12":0.1105971262,"13":0.1103624552,"14":0.1088727042,"15":0.1072618142,"16":0.1063858718,"17":0.1048374698,"18":0.1040342525,"19":0.103876628,"20":0.1023139134,"21":0.1016206443,"22":0.1007266417,"23":0.1007109433,"24":0.100120388,"25":0.0983764082,"26":0.0982525349,"27":0.0981377587,"28":0.0968216509},"mean_squared_logarithmic_error":{"0":0.095985122,"1":0.0162666366,"2":0.0142636243,"3":0.0134865129,"4":0.0130350161,"5":0.0127696916,"6":0.0125866998,"7":0.0124217402,"8":0.0123414146,"9":0.0122241508,"10":0.0121646505,"11":0.01215096,"12":0.0120345,"13":0.0120038828,"14":0.0119522363,"15":0.0119219003,"16":0.0118997535,"17":0.0118334433,"18":0.0118204951,"19":0.0118039995,"20":0.0117633427,"21":0.0117549868,"22":0.0117242262,"23":0.0117158378,"24":0.0116943447,"25":0.0116673149,"26":0.0116459876,"27":0.0116645414,"28":0.0116125206},"mean_squared_error":{"0":1.1424034834,"1":0.2536439896,"2":0.2371485531,"3":0.2300263494,"4":0.2265256792,"5":0.2237606496,"6":0.2215778083,"7":0.2201100439,"8":0.2184403986,"9":0.2170426697,"10":0.2158146054,"11":0.2161062658,"12":0.2140717655,"13":0.2139136642,"14":0.2128893286,"15":0.2124019265,"16":0.2116757184,"17":0.2108528465,"18":0.2101407796,"19":0.2100433558,"20":0.209168911,"21":0.2087893933,"22":0.2079903632,"23":0.2078874409,"24":0.2070739567,"25":0.2066146582,"26":0.2063119411,"27":0.2058288306,"28":0.2054851353},"val_loss":{"0":0.2531852722,"1":0.2282285243,"2":0.1754552871,"3":0.1975878626,"4":0.180585444,"5":0.1730246097,"6":0.1538168788,"7":0.1517802328,"8":0.150070563,"9":0.1486087292,"10":0.1447385252,"11":0.1500927359,"12":0.1578742415,"13":0.1519329995,"14":0.1585747153,"15":0.1500240713,"16":0.163378343,"17":0.1607847661,"18":0.1335916221,"19":0.1346894205,"20":0.1639307737,"21":0.160488829,"22":0.1454262584,"23":0.1558352709,"24":0.1532842666,"25":0.1586188972,"26":0.1485542059,"27":0.1669675857,"28":0.147871092},"val_mean_squared_logarithmic_error":{"0":0.0219404306,"1":0.0189552661,"2":0.0154567491,"3":0.0153358094,"4":0.0153179839,"5":0.0152238067,"6":0.0135951107,"7":0.0137925567,"8":0.0133318873,"9":0.0133960173,"10":0.0131215798,"11":0.0138190379,"12":0.0137177417,"13":0.0134556917,"14":0.0139809493,"15":0.0132233789,"16":0.0129544735,"17":0.0136454143,"18":0.0132406559,"19":0.0132747404,"20":0.0138732465,"21":0.0142115057,"22":0.0139045985,"23":0.0143436259,"24":0.0141548309,"25":0.0138273435,"26":0.0140266642,"27":0.0147200553,"28":0.0136116426},"val_mean_squared_error":{"0":0.33006531,"1":0.292996794,"2":0.2627384067,"3":0.2790339291,"4":0.2678296864,"5":0.2678637505,"6":0.2547469437,"7":0.2505878806,"8":0.2512035668,"9":0.2482235134,"10":0.2437939644,"11":0.2495864183,"12":0.2531722486,"13":0.2502312064,"14":0.2506664991,"15":0.2483584136,"16":0.2575640082,"17":0.2526960373,"18":0.2391933501,"19":0.2409102172,"20":0.2506936491,"21":0.2473385185,"22":0.2423510551,"23":0.2444129437,"24":0.2443072051,"25":0.2452551723,"26":0.2441593856,"27":0.2514229417,"28":0.2401985228}}