{"loss":{"0":1.3787715435,"1":1.3074450493,"2":1.2962499857,"3":1.2886003256,"4":1.2837744951,"5":1.2802265882,"6":1.2777129412,"7":1.2767493725,"8":1.2741861343,"9":1.2719496489,"10":1.2708827257,"11":1.2687598467,"12":1.2656655312,"13":1.2634550333,"14":1.2607136965,"15":1.2578401566},"mean_squared_logarithmic_error":{"0":0.2937794328,"1":0.2700089514,"2":0.2685257494,"3":0.2675655484,"4":0.2670614421,"5":0.2668116093,"6":0.2666870356,"7":0.2666092515,"8":0.2665740252,"9":0.2664138377,"10":0.266369909,"11":0.2662460804,"12":0.2657996118,"13":0.2655845582,"14":0.2651382685,"15":0.2647716105},"mean_squared_error":{"0":5.983962059,"1":4.9930214882,"2":4.889582634,"3":4.8115634918,"4":4.7678875923,"5":4.7367596626,"6":4.7170782089,"7":5.0486488342,"8":4.6959810257,"9":4.6736707687,"10":4.6717019081,"11":4.6546554565,"12":4.6262922287,"13":4.6065893173,"14":4.5793924332,"15":4.5532083511},"val_loss":{"0":1.3828532696,"1":1.3637535572,"2":1.3579797745,"3":1.3562983274,"4":1.3542524576,"5":1.3528858423,"6":1.3533835411,"7":1.3552393913,"8":1.3550233841,"9":1.35803473,"10":1.3583005667,"11":1.3560301065,"12":1.3575825691,"13":1.3571871519,"14":1.3548144102,"15":1.3574523926},"val_mean_squared_logarithmic_error":{"0":0.271412462,"1":0.2695317268,"2":0.2687062323,"3":0.2700088918,"4":0.2704591751,"5":0.2699498534,"6":0.2704536617,"7":0.2706211507,"8":0.2694370449,"9":0.2698794901,"10":0.2705126405,"11":0.2694042623,"12":0.2697460353,"13":0.2701427639,"14":0.26908952,"15":0.2695269883},"val_mean_squared_error":{"0":5.6668133736,"1":5.4271841049,"2":5.3138866425,"3":5.2792797089,"4":5.2497563362,"5":5.2171869278,"6":5.2373275757,"7":5.259636879,"8":5.2610654831,"9":5.3046956062,"10":5.3202037811,"11":5.2909317017,"12":5.294822216,"13":5.2840023041,"14":5.2769937515,"15":5.2964668274}}