{"loss":{"0":1.5273579359,"1":1.3342294693,"2":1.3229407072,"3":1.3164893389,"4":1.3122723103,"5":1.3087617159,"6":1.3051018715,"7":1.3018020391,"8":1.2989664078,"9":1.2965450287,"10":1.2945864201,"11":1.292899251,"12":1.2915196419,"13":1.2902019024,"14":1.2889872789,"15":1.2878178358,"16":1.2866779566,"17":1.285567522,"18":1.2844406366,"19":1.2833678722,"20":1.2824538946,"21":1.281637907,"22":1.2808376551,"23":1.2801306248,"24":1.279447794,"25":1.2788574696,"26":1.2783465385,"27":1.277900815,"28":1.2774627209,"29":1.2770067453,"30":1.2765570879,"31":1.2761532068,"32":1.2757519484,"33":1.2753778696,"34":1.2750114202,"35":1.2746362686,"36":1.2743040323,"37":1.2739902735,"38":1.2736778259,"39":1.2733602524,"40":1.2730385065,"41":1.2727409601,"42":1.2724509239,"43":1.2721499205,"44":1.2718526125,"45":1.2715798616,"46":1.2712907791,"47":1.2710055113,"48":1.2707506418,"49":1.2705156803,"50":1.2702900171,"51":1.270044446,"52":1.2698082924},"mean_squared_logarithmic_error":{"0":0.3257538378,"1":0.2744493186,"2":0.2725176513,"3":0.2720410228,"4":0.2717597187,"5":0.2712042034,"6":0.2707152367,"7":0.2704637647,"8":0.2703322768,"9":0.270208776,"10":0.2701130509,"11":0.270032078,"12":0.2699822783,"13":0.269857496,"14":0.2697067261,"15":0.2695912719,"16":0.2694754004,"17":0.2693430483,"18":0.2691931725,"19":0.2690530717,"20":0.2689428031,"21":0.2688536644,"22":0.2687714696,"23":0.26874578,"24":0.2687401175,"25":0.2687464952,"26":0.2687681317,"27":0.2687829435,"28":0.2687948942,"29":0.2688222826,"30":0.2688367665,"31":0.2688633204,"32":0.2688986063,"33":0.268920958,"34":0.2689349353,"35":0.2689418793,"36":0.2689572871,"37":0.2689603865,"38":0.2689615488,"39":0.2689550519,"40":0.2689390779,"41":0.2689266801,"42":0.2689154446,"43":0.2688968182,"44":0.268871814,"45":0.2688646019,"46":0.2688511312,"47":0.2688280046,"48":0.2688167989,"49":0.2687980831,"50":0.2687850893,"51":0.268773973,"52":0.2687478662},"mean_squared_error":{"0":8.783996582,"1":5.266055584,"2":5.1562829018,"3":5.1026768684,"4":5.0679311752,"5":5.0371646881,"6":5.0061016083,"7":4.9788098335,"8":4.9533472061,"9":4.930577755,"10":4.9105386734,"11":4.8935880661,"12":4.8810567856,"13":4.8701300621,"14":4.8606014252,"15":4.8504943848,"16":4.8398451805,"17":4.8268451691,"18":4.8127250671,"19":4.7999162674,"20":4.7901535034,"21":4.7820658684,"22":4.7743582726,"23":4.7674145699,"24":4.7601003647,"25":4.7541027069,"26":4.7491307259,"27":4.7455868721,"28":4.7425670624,"29":4.7389426231,"30":4.7355294228,"31":4.7317852974,"32":4.7283697128,"33":4.725543499,"34":4.7227787971,"35":4.7201514244,"36":4.717895031,"37":4.7154359818,"38":4.7128248215,"39":4.7104215622,"40":4.7081046104,"41":4.7060337067,"42":4.7038550377,"43":4.701584816,"44":4.6992759705,"45":4.697327137,"46":4.6952819824,"47":4.6930127144,"48":4.6912527084,"49":4.6895246506,"50":4.6878409386,"51":4.6859326363,"52":4.6840658188},"val_loss":{"0":1.4133534431,"1":1.4002722502,"2":1.3910409212,"3":1.3881884813,"4":1.3832278252,"5":1.376930356,"6":1.3736665249,"7":1.370152235,"8":1.3650608063,"9":1.3664091825,"10":1.3705099821,"11":1.3691190481,"12":1.3632484674,"13":1.3592053652,"14":1.3566498756,"15":1.3541618586,"16":1.3539603949,"17":1.3557847738,"18":1.3556308746,"19":1.3523485661,"20":1.3513774872,"21":1.3505311012,"22":1.3494619131,"23":1.349565506,"24":1.3500492573,"25":1.3502441645,"26":1.3490891457,"27":1.3477423191,"28":1.3472168446,"29":1.346405983,"30":1.3470934629,"31":1.3474758863,"32":1.3466868401,"33":1.3459973335,"34":1.3455331326,"35":1.345582366,"36":1.3457030058,"37":1.3459904194,"38":1.3459894657,"39":1.3458731174,"40":1.34588027,"41":1.3456498384,"42":1.3454141617,"43":1.3454864025,"44":1.3456425667,"45":1.3457303047,"46":1.3458634615,"47":1.3457955122,"48":1.3455585241,"49":1.3454678059,"50":1.3454799652,"51":1.3455711603,"52":1.3454947472},"val_mean_squared_logarithmic_error":{"0":0.2776324451,"1":0.2737284899,"2":0.2725430429,"3":0.2731850743,"4":0.2732636034,"5":0.2728685141,"6":0.2728248835,"7":0.2724275589,"8":0.2711334527,"9":0.2715764642,"10":0.2722838819,"11":0.2726106346,"12":0.2724760175,"13":0.2726317942,"14":0.2725875378,"15":0.2716259956,"16":0.2711205184,"17":0.271461159,"18":0.2716349065,"19":0.2713578045,"20":0.271759063,"21":0.2718777657,"22":0.2716207504,"23":0.2715636194,"24":0.271653831,"25":0.2719773352,"26":0.2720443904,"27":0.2718827128,"28":0.2717288136,"29":0.2715033591,"30":0.2715398371,"31":0.2717364132,"32":0.2717337608,"33":0.2718117833,"34":0.2718144655,"35":0.2718757987,"36":0.2719351947,"37":0.2718223035,"38":0.2719111741,"39":0.2718813121,"40":0.2719260752,"41":0.2719040811,"42":0.2717988193,"43":0.2718739212,"44":0.2719740272,"45":0.2720130682,"46":0.2720983326,"47":0.2721174359,"48":0.2720295489,"49":0.2720140517,"50":0.2720334828,"51":0.2720729113,"52":0.2720900178},"val_mean_squared_error":{"0":5.917137146,"1":5.6868686676,"2":5.6103010178,"3":5.5861592293,"4":5.5688481331,"5":5.5647363663,"6":5.5736260414,"7":5.5329408646,"8":5.4434976578,"9":5.4031000137,"10":5.4160261154,"11":5.4050064087,"12":5.3771538734,"13":5.3712067604,"14":5.3619766235,"15":5.32046175,"16":5.2896785736,"17":5.2870106697,"18":5.2796244621,"19":5.2612318993,"20":5.2628788948,"21":5.253303051,"22":5.2306685448,"23":5.2179217339,"24":5.2145309448,"25":5.2144823074,"26":5.2120451927,"27":5.2110557556,"28":5.2055931091,"29":5.1979217529,"30":5.1964316368,"31":5.1968822479,"32":5.1945118904,"33":5.1936540604,"34":5.1932263374,"35":5.1932253838,"36":5.193693161,"37":5.1951870918,"38":5.1956195831,"39":5.1965241432,"40":5.1984639168,"41":5.1995062828,"42":5.2008824348,"43":5.2026882172,"44":5.2047781944,"45":5.2076845169,"46":5.2090916634,"47":5.2105565071,"48":5.2114210129,"49":5.2127718925,"50":5.2144184113,"51":5.2181081772,"52":5.2190690041}}