{"loss":{"0":0.5206369758,"1":0.1862857193,"2":0.1583534777,"3":0.1449819356,"4":0.136393398,"5":0.1317588091,"6":0.1267883182,"7":0.1232712716,"8":0.1198627129,"9":0.1185954586,"10":0.1157343611,"11":0.1144036725,"12":0.1115367785,"13":0.1105571389,"14":0.1090806574,"15":0.1081028208,"16":0.1068229303,"17":0.1051423326,"18":0.1043086797,"19":0.1040533707,"20":0.1029378176,"21":0.1012965217,"22":0.1011146605,"23":0.1004194394,"24":0.0994995832,"25":0.0988108143,"26":0.0983163863,"27":0.0982571617,"28":0.0968959555,"29":0.0965434313,"30":0.0960819051,"31":0.095238097},"mean_squared_logarithmic_error":{"0":0.0944629908,"1":0.0169492904,"2":0.0145936869,"3":0.0136425132,"4":0.013157648,"5":0.0128840748,"6":0.0126664797,"7":0.0124803977,"8":0.0123635568,"9":0.0122639202,"10":0.0121691255,"11":0.0121130152,"12":0.0120167146,"13":0.0119638611,"14":0.0119190635,"15":0.0118904272,"16":0.0118535925,"17":0.0118134934,"18":0.0117625948,"19":0.0117638763,"20":0.011739363,"21":0.0116940392,"22":0.0116764354,"23":0.0116559118,"24":0.0116332332,"25":0.0116205318,"26":0.0115921553,"27":0.0116009498,"28":0.0115781715,"29":0.0115579609,"30":0.0115442099,"31":0.0115236947},"mean_squared_error":{"0":1.1717259884,"1":0.2591209412,"2":0.239693135,"3":0.231264025,"4":0.2268816531,"5":0.2243522257,"6":0.2223006338,"7":0.2200928628,"8":0.2187275887,"9":0.2179404348,"10":0.2167133838,"11":0.2155387253,"12":0.2139586061,"13":0.2135780901,"14":0.2126964182,"15":0.2120526582,"16":0.2110783309,"17":0.2101410925,"18":0.2100751549,"19":0.2094634771,"20":0.2086921334,"21":0.2080366611,"22":0.2075420171,"23":0.2069727033,"24":0.2069361955,"25":0.20631589,"26":0.2053223848,"27":0.2055554688,"28":0.2051124275,"29":0.204577595,"30":0.2042044997,"31":0.2036551833},"val_loss":{"0":0.2734211385,"1":0.2415096313,"2":0.2024973035,"3":0.1835467666,"4":0.1761136204,"5":0.1798929721,"6":0.1745280176,"7":0.1505681425,"8":0.1834466457,"9":0.1689878404,"10":0.14932172,"11":0.1627302021,"12":0.1458646208,"13":0.1566897035,"14":0.1460560858,"15":0.1409483999,"16":0.1305615604,"17":0.1253090054,"18":0.1432296485,"19":0.1456765532,"20":0.1424513459,"21":0.1233261749,"22":0.1346660554,"23":0.1435891837,"24":0.1333704591,"25":0.1327977926,"26":0.1331714094,"27":0.1369471103,"28":0.1322218627,"29":0.1394174397,"30":0.1296513677,"31":0.1660055816},"val_mean_squared_logarithmic_error":{"0":0.0258341804,"1":0.0194431134,"2":0.0173344929,"3":0.0154163977,"4":0.0162694752,"5":0.0161782838,"6":0.0168882515,"7":0.0134877283,"8":0.0148636987,"9":0.013584299,"10":0.0132855475,"11":0.0135941217,"12":0.0127837872,"13":0.0137262056,"14":0.0131443534,"15":0.0128469765,"16":0.0130538018,"17":0.0126564912,"18":0.0132896248,"19":0.0129749821,"20":0.0129360575,"21":0.0126930214,"22":0.01339933,"23":0.0141009446,"24":0.0129731819,"25":0.0129711665,"26":0.0126334159,"27":0.0131926062,"28":0.0132007813,"29":0.0128126983,"30":0.0126862722,"31":0.0140211266},"val_mean_squared_error":{"0":0.3514137864,"1":0.3110791743,"2":0.2815443277,"3":0.2663209438,"4":0.2643474042,"5":0.2610989809,"6":0.2617708445,"7":0.2533157468,"8":0.2683534026,"9":0.2565109432,"10":0.2539994121,"11":0.2551213503,"12":0.243038699,"13":0.2478135377,"14":0.2465821654,"15":0.242282778,"16":0.2359086573,"17":0.2345439047,"18":0.2433361411,"19":0.2395529747,"20":0.2390094995,"21":0.234848842,"22":0.2358586937,"23":0.2372874171,"24":0.2371643037,"25":0.2362539172,"26":0.2367432117,"27":0.2382009178,"28":0.2368896008,"29":0.2371089309,"30":0.2349554896,"31":0.2468682826}}