{"loss":{"0":1.3759735823,"1":1.3076498508,"2":1.2973989248,"3":1.2946132421,"4":1.2881808281,"5":1.2840386629,"6":1.280998826,"7":1.2786601782,"8":1.2767472267,"9":1.2744989395,"10":1.2723571062,"11":1.2703124285,"12":1.268061161,"13":1.2653478384},"mean_squared_logarithmic_error":{"0":0.2923538983,"1":0.2703063786,"2":0.2690717876,"3":0.2686909139,"4":0.2681301534,"5":0.2677353621,"6":0.2673985064,"7":0.2671788633,"8":0.2670809925,"9":0.266759187,"10":0.2665272057,"11":0.2662739754,"12":0.2660053074,"13":0.2656758428},"mean_squared_error":{"0":5.9095010757,"1":4.9912848473,"2":4.9039735794,"3":5.1004772186,"4":4.8223090172,"5":4.7758612633,"6":4.7474451065,"7":4.7281904221,"8":4.7126011848,"9":4.6927261353,"10":4.6738228798,"11":4.6550765038,"12":4.6364564896,"13":4.6113181114},"val_loss":{"0":1.378749609,"1":1.3693363667,"2":1.3606017828,"3":1.3586248159,"4":1.3601027727,"5":1.3603812456,"6":1.3677989244,"7":1.3685063124,"8":1.370336771,"9":1.3692388535,"10":1.3736412525,"11":1.367284894,"12":1.3693008423,"13":1.371712923},"val_mean_squared_logarithmic_error":{"0":0.2675314844,"1":0.2688027024,"2":0.2689101398,"3":0.2696010172,"4":0.2717119455,"5":0.273042798,"6":0.2744605541,"7":0.2740026712,"8":0.2738136649,"9":0.2738240361,"10":0.2747656405,"11":0.2733124197,"12":0.2737594545,"13":0.2739751637},"val_mean_squared_error":{"0":5.5960431099,"1":5.4480867386,"2":5.3541865349,"3":5.3128318787,"4":5.2930450439,"5":5.2661705017,"6":5.3215050697,"7":5.3198776245,"8":5.3444542885,"9":5.3488092422,"10":5.3998279572,"11":5.3280858994,"12":5.3493461609,"13":5.4023284912}}