{"loss":{"0":0.018550681,"1":0.0187565777,"2":0.0187091231,"3":0.0185916387,"4":0.0183666218,"5":0.0193866454,"6":0.018358944,"7":0.0182498526,"8":0.0183283426,"9":0.0181495845,"10":0.0182386171,"11":0.0183231961,"12":0.0594459027,"13":0.1907116622,"14":0.4280475378,"15":0.3199720979},"mean_squared_logarithmic_error":{"0":0.0063473638,"1":0.0064326869,"2":0.0064028567,"3":0.0063566491,"4":0.0062619583,"5":0.0065247277,"6":0.0063586994,"7":0.0063134446,"8":0.0062598749,"9":0.0062308176,"10":0.0062477118,"11":0.0062872204,"12":0.0083453311,"13":0.0223095678,"14":0.1160207912,"15":0.1320001185},"mean_squared_error":{"0":0.028062284,"1":0.0300879143,"2":0.0299743023,"3":0.0293010473,"4":0.0265030153,"5":0.0303503573,"6":0.0282657016,"7":0.027995171,"8":0.0267071482,"9":0.0265685823,"10":0.0269462895,"11":0.0284188911,"12":44.9726791382,"13":256.4967041016,"14":98.2184829712,"15":0.6640100479},"val_loss":{"0":0.0282200668,"1":0.024789447,"2":0.0267939065,"3":0.028930895,"4":0.0327215306,"5":0.0216021352,"6":0.0246513821,"7":0.0278138127,"8":0.028125139,"9":0.0299003497,"10":0.0224650092,"11":0.0221300274,"12":0.0334039629,"13":0.0611493029,"14":0.217080161,"15":0.2257390171},"val_mean_squared_logarithmic_error":{"0":0.0052043549,"1":0.0047859307,"2":0.0049335472,"3":0.0052652112,"4":0.0051772865,"5":0.0047675469,"6":0.0047256318,"7":0.0047975741,"8":0.0050750268,"9":0.0049257372,"10":0.0046773441,"11":0.00469924,"12":0.0055090729,"13":0.0104967467,"14":0.0898017436,"15":0.0948984623},"val_mean_squared_error":{"0":0.0180011038,"1":0.0166601948,"2":0.0175230633,"3":0.0167210121,"4":0.0193709359,"5":0.0166408066,"6":0.0163390972,"7":0.0174396392,"8":0.0166606326,"9":0.0183324069,"10":0.0160898827,"11":0.0161736794,"12":0.0200186782,"13":1.4122611284,"14":0.4292553365,"15":0.3355457783}}