{"loss":{"0":0.6323401332,"1":0.5321655273,"2":0.6850003004,"3":0.4921243787,"4":0.4517252445,"5":0.4345793724,"6":0.4555116594,"7":0.4400869012,"8":0.4642950892,"9":0.4204903841,"10":0.4221609235,"11":0.4315897226,"12":0.4473430514,"13":0.430182308,"14":0.4190635681},"mean_squared_logarithmic_error":{"0":0.17665416,"1":0.1756028831,"2":0.1771225184,"3":0.1768322885,"4":0.175772205,"5":0.1752314568,"6":0.1752049029,"7":0.1750256568,"8":0.1751134247,"9":0.1750670522,"10":0.1753299385,"11":0.1759913266,"12":0.1766772121,"13":0.176863268,"14":0.1771593243},"mean_squared_error":{"0":14557.7138671875,"1":14332.9716796875,"2":16092.306640625,"3":589.091003418,"4":325.2760009766,"5":144.3858032227,"6":487.5601196289,"7":398.3765869141,"8":4580.7182617188,"9":6.8923177719,"10":84.4162902832,"11":477.9364929199,"12":252.291519165,"13":95.3255310059,"14":1.3766781092},"val_loss":{"0":0.3899411559,"1":0.6097106338,"2":0.408159405,"3":0.4492938221,"4":0.3396346867,"5":0.3406175971,"6":0.3486886024,"7":0.3527119458,"8":0.3414067328,"9":0.3473053277,"10":0.3443773985,"11":0.3578915,"12":0.3501602411,"13":0.35199368,"14":0.3496406376},"val_mean_squared_logarithmic_error":{"0":0.1447656304,"1":0.1460145861,"2":0.1460436881,"3":0.144960016,"4":0.1445865184,"5":0.1443233192,"6":0.1448656768,"7":0.1448794305,"8":0.1450929046,"9":0.1460102648,"10":0.1466385573,"11":0.1475862265,"12":0.1487351656,"13":0.1494072229,"14":0.1500593275},"val_mean_squared_error":{"0":413.9441833496,"1":15971.0078125,"2":284.2553405762,"3":3569.3173828125,"4":0.6773819923,"5":1.3193249702,"6":4.9867086411,"7":33.3167495728,"8":0.6717768908,"9":6.2091617584,"10":0.6819083691,"11":346.1296691895,"12":2.6036217213,"13":1.6109257936,"14":0.6874642372}}