{"loss":{"0":0.0217305645,"1":0.0215937924,"2":0.0212131534,"3":0.0214010347,"4":0.0213743243,"5":0.0214673616,"6":0.0211488605,"7":0.0211241022,"8":0.0208122227,"9":0.0209560692,"10":0.0207339935,"11":0.0206414536,"12":0.0210669693,"13":0.0207506418,"14":0.0205591954,"15":0.0206352156},"mean_squared_logarithmic_error":{"0":0.0072643361,"1":0.0072380207,"2":0.0071233599,"3":0.0072412756,"4":0.007212704,"5":0.0072497749,"6":0.0071581104,"7":0.0071558896,"8":0.0070730252,"9":0.0071361461,"10":0.0070882617,"11":0.0070616785,"12":0.0071858312,"13":0.0070785629,"14":0.0070295613,"15":0.0070270477},"mean_squared_error":{"0":0.0323540159,"1":0.0330630951,"2":0.0312691107,"3":0.0326379389,"4":0.0324160308,"5":0.0332452543,"6":0.0318747945,"7":0.0326597951,"8":0.0310950838,"9":0.0321449973,"10":0.0312254559,"11":0.0310590379,"12":0.0329952836,"13":0.0312544741,"14":0.0312644392,"15":0.0311499573},"val_loss":{"0":0.0168742016,"1":0.0184744522,"2":0.0176679231,"3":0.017432306,"4":0.0184608735,"5":0.0163570456,"6":0.0169618949,"7":0.0165561717,"8":0.0167255066,"9":0.0165008903,"10":0.0174959134,"11":0.0182051994,"12":0.0191425122,"13":0.0218765829,"14":0.0244202912,"15":0.0257805493},"val_mean_squared_logarithmic_error":{"0":0.0054232781,"1":0.0056474558,"2":0.005643989,"3":0.0052700471,"4":0.0054603722,"5":0.0052684471,"6":0.0052159415,"7":0.0054723392,"8":0.0053090993,"9":0.0052368823,"10":0.0053806948,"11":0.0052619535,"12":0.0051703793,"13":0.0054337336,"14":0.0054426035,"15":0.0051794038},"val_mean_squared_error":{"0":0.0188003611,"1":0.0195729919,"2":0.01966005,"3":0.0183269065,"4":0.0189815555,"5":0.0185461864,"6":0.0181651451,"7":0.0188673846,"8":0.0184682515,"9":0.0182778984,"10":0.0186017044,"11":0.0183788352,"12":0.0182228368,"13":0.0190463047,"14":0.0185607541,"15":0.0187102146}}