{"loss":{"0":1.4714797735,"1":0.9190087914,"2":0.4855856597,"3":0.4189376831,"4":0.4008693397,"5":0.3805058897,"6":0.374532342,"7":0.3687253892,"8":0.3744793236,"9":0.3541199565,"10":51.5681877136},"mean_squared_logarithmic_error":{"0":0.1744105518,"1":0.1565413624,"2":0.1565683484,"3":0.1528330743,"4":0.1497314274,"5":0.1461369842,"6":0.1428333819,"7":0.1399410963,"8":0.1358440816,"9":0.1290852726,"10":0.475815177},"mean_squared_error":{"0":1229.2180175781,"1":15200.3720703125,"2":158.6228027344,"3":86.4580841064,"4":54.2808799744,"5":0.7342811823,"6":0.8787509203,"7":2.4745109081,"8":21.6136779785,"9":0.8475375772,"10":7222726.5},"val_loss":{"0":0.1626372784,"1":0.2788743675,"2":0.269662112,"3":0.2673316598,"4":0.2639230788,"5":0.2604183257,"6":0.2558677197,"7":0.250921011,"8":0.2488631755,"9":0.2367239743,"10":19.5582695007},"val_mean_squared_logarithmic_error":{"0":0.0551862456,"1":0.1101723537,"2":0.1108895242,"3":0.1095976382,"4":0.1075573787,"5":0.1051914394,"6":0.1018968374,"7":0.0989720076,"8":0.0936637819,"9":0.0869146064,"10":0.2764791846},"val_mean_squared_error":{"0":0.2274789661,"1":1.1184140444,"2":0.412548542,"3":0.40713498,"4":0.3997542858,"5":0.391359061,"6":0.3795613348,"7":0.3704491854,"8":0.3592312336,"9":0.3343542218,"10":2059940.125}}