{"loss":{"0":0.0631277785,"1":0.0591404252,"2":0.0552401952,"3":0.0513246506,"4":0.04741887,"5":0.0435157679,"6":0.0395942964,"7":0.0356931984,"8":0.0317814648,"9":0.02787311,"10":0.0239689611,"11":0.0200505964,"12":0.0161474179,"13":0.012239119,"14":0.0083249006,"15":0.0044231131,"16":0.0008855687,"17":0.0001442817,"18":0.0001355928,"19":0.0001274172,"20":0.0001374471,"21":0.0001305996,"22":0.000127352,"23":0.0001355583,"24":0.0001262999,"25":0.0001341391,"26":0.0001326319,"27":0.0001281149,"28":0.0001364848,"29":0.0001267118,"30":0.0001336945,"31":0.0001353999,"32":0.000127006,"33":0.00013564,"34":0.0001282871,"35":0.0001348753,"36":0.000135968},"mean_squared_logarithmic_error":{"0":0.0251729991,"1":0.0227713827,"2":0.0204315744,"3":0.0181603804,"4":0.0159653481,"5":0.0138549255,"6":0.0118385237,"7":0.0099267112,"8":0.0081313495,"9":0.0064657992,"10":0.0049451664,"11":0.003586567,"12":0.0024095075,"13":0.0014362611,"14":0.0006923738,"15":0.0002072748,"16":0.000011736,"17":0.0000000331,"18":0.0000000128,"19":0.0000000132,"20":0.0000000132,"21":0.0000000134,"22":0.0000000123,"23":0.0000000134,"24":0.0000000129,"25":0.0000000133,"26":0.0000000133,"27":0.0000000119,"28":0.0000000138,"29":0.0000000126,"30":0.0000000132,"31":0.0000000135,"32":0.0000000118,"33":0.0000000143,"34":0.0000000122,"35":0.0000000138,"36":0.0000000133},"mean_squared_error":{"0":0.0436064415,"1":0.0383606441,"2":0.0334510766,"3":0.0288776811,"4":0.0246404521,"5":0.020739397,"6":0.017174514,"7":0.0139458086,"8":0.0110532762,"9":0.0084969141,"10":0.0062767263,"11":0.0043926924,"12":0.0028448349,"13":0.0016331595,"14":0.0007576686,"15":0.0002183616,"16":0.0000121914,"17":0.0000000489,"18":0.0000000299,"19":0.0000000277,"20":0.0000000302,"21":0.0000000284,"22":0.0000000276,"23":0.0000000299,"24":0.0000000273,"25":0.0000000293,"26":0.0000000291,"27":0.0000000278,"28":0.0000000302,"29":0.0000000274,"30":0.0000000292,"31":0.00000003,"32":0.0000000275,"33":0.0000000301,"34":0.0000000278,"35":0.0000000295,"36":0.0000000301},"val_loss":{"0":0.0610668287,"1":0.0572250746,"2":0.0533439182,"3":0.0493450537,"4":0.0454755202,"5":0.0415605493,"6":0.0376570895,"7":0.0338527188,"8":0.0298932511,"9":0.0260388702,"10":0.0220946223,"11":0.0181934368,"12":0.0143657746,"13":0.0103897955,"14":0.0065379324,"15":0.0026106557,"16":0.0004019675,"17":0.0004005746,"18":0.000309582,"19":0.0003818808,"20":0.0004074835,"21":0.0003007601,"22":0.0003636313,"23":0.0003790782,"24":0.0003394608,"25":0.0004417378,"26":0.0002993399,"27":0.0004286158,"28":0.0003937304,"29":0.0003749245,"30":0.0004158438,"31":0.000324067,"32":0.0004066413,"33":0.0003291284,"34":0.0003861018,"35":0.0004099901,"36":0.0003413024},"val_mean_squared_logarithmic_error":{"0":0.0239382572,"1":0.0215722248,"2":0.0192715935,"3":0.0170435291,"4":0.0148959784,"5":0.0128379138,"6":0.0108793927,"7":0.009031578,"8":0.0073070754,"9":0.0057201227,"10":0.0042868997,"11":0.0030256954,"12":0.00195738,"13":0.0011058707,"14":0.000498638,"15":0.0001674801,"16":0.0001160907,"17":0.000116115,"18":0.0001161653,"19":0.0001161404,"20":0.0001161304,"21":0.000116163,"22":0.0001161041,"23":0.000116153,"24":0.0001161227,"25":0.0001161698,"26":0.0001161596,"27":0.0001160973,"28":0.0001161546,"29":0.000116111,"30":0.0001161724,"31":0.0001161586,"32":0.0001161087,"33":0.0001161587,"34":0.0001161132,"35":0.000116173,"36":0.000116126},"val_mean_squared_error":{"0":0.0408889502,"1":0.0358292721,"2":0.0311058462,"3":0.0267185085,"4":0.0226674136,"5":0.0189524777,"6":0.0155737046,"7":0.0125312023,"8":0.0098246895,"9":0.0074544298,"10":0.0054203481,"11":0.003722474,"12":0.0023607998,"13":0.001335165,"14":0.0006457416,"15":0.0002925895,"16":0.0002416806,"17":0.0002417542,"18":0.0002418689,"19":0.0002417481,"20":0.0002417909,"21":0.0002418952,"22":0.0002416834,"23":0.0002418933,"24":0.0002417366,"25":0.0002419037,"26":0.0002418378,"27":0.0002416768,"28":0.0002419015,"29":0.0002417319,"30":0.0002419591,"31":0.0002417865,"32":0.000241703,"33":0.0002418945,"34":0.0002417246,"35":0.0002419627,"36":0.0002417365}}