{"loss":{"0":0.1522057652,"1":0.1373823881,"2":0.1378502995,"3":0.1370316446,"4":0.160662666,"5":0.1376904696,"6":0.1372242272,"7":0.1370951384,"8":0.1370124668,"9":0.136962235,"10":0.1369964331,"11":0.1369315833,"12":0.1368471682,"13":0.1368457973,"14":0.1373973936,"15":0.1370684505,"16":0.1369335055,"17":0.1369097829,"18":0.1367860287,"19":0.136778146},"mean_squared_logarithmic_error":{"0":0.0673221275,"1":0.0597410016,"2":0.0595088527,"3":0.0594440326,"4":0.0595540181,"5":0.0594240688,"6":0.0594753511,"7":0.0595020913,"8":0.0595149398,"9":0.0594962575,"10":0.0595068485,"11":0.0594378039,"12":0.0593437515,"13":0.0593013652,"14":0.0592467077,"15":0.0593604743,"16":0.0593197457,"17":0.0593018681,"18":0.059249986,"19":0.0592151135},"mean_squared_error":{"0":0.6998037696,"1":0.1680760384,"2":2.1210997105,"3":0.1675775498,"4":4105.5473632812,"5":0.182936132,"6":0.1675997078,"7":0.1676302254,"8":0.1676592678,"9":0.1676030755,"10":0.1679224968,"11":0.1678759158,"12":0.1677107215,"13":0.1680922061,"14":0.6553722024,"15":0.1676614136,"16":0.1672996134,"17":0.1672947854,"18":0.1671780348,"19":0.1671790928},"val_loss":{"0":0.1070134044,"1":0.1058195904,"2":0.1050516516,"3":0.1047843844,"4":0.1056713685,"5":0.1049978882,"6":0.1050618291,"7":0.1049976796,"8":0.1050371304,"9":0.1048513576,"10":0.1070614383,"11":0.1043607965,"12":0.1039402783,"13":0.105069682,"14":0.1041566804,"15":0.1045472324,"16":0.1043189168,"17":0.1042475551,"18":0.1039691716,"19":0.1038512737},"val_mean_squared_logarithmic_error":{"0":0.0465951636,"1":0.044909656,"2":0.0439436883,"3":0.0437860414,"4":0.0433576591,"5":0.0435144641,"6":0.04381961,"7":0.0438117087,"8":0.0439830907,"9":0.0438509956,"10":0.0451798029,"11":0.0437228382,"12":0.0434371568,"13":0.0438465849,"14":0.0429437943,"15":0.0436664447,"16":0.043209631,"17":0.0431901515,"18":0.0429212041,"19":0.0429752879},"val_mean_squared_error":{"0":0.1122880876,"1":0.107816495,"2":0.1057748497,"3":0.1054408848,"4":0.1488725096,"5":0.1049740091,"6":0.1055499241,"7":0.1055509001,"8":0.1058920175,"9":0.1056220904,"10":0.1178481206,"11":0.1057682261,"12":0.1056397855,"13":2.775187254,"14":0.1039598584,"15":0.1053580046,"16":0.1043630913,"17":0.1043065712,"18":0.1037888601,"19":0.1039712429}}