{"loss":{"0":0.3970018923,"1":0.3731729984,"2":0.3671144843,"3":0.3643614948,"4":0.3627072573,"5":0.3608052135,"6":0.359336853,"7":0.3582756817,"8":0.3565576673,"9":0.3588757813,"10":0.3581209183,"11":0.3580518961,"12":0.3586634994,"13":0.3531827927,"14":0.3518436253,"15":0.3498773277,"16":0.3562620878,"17":0.3525469303,"18":0.3586825728,"19":0.3446879387},"mean_squared_logarithmic_error":{"0":0.1589648724,"1":0.1522348672,"2":0.1494627595,"3":0.1480175555,"4":0.1477318108,"5":0.1468514055,"6":0.1461350024,"7":0.1457313299,"8":0.1449895203,"9":0.1454927176,"10":0.1458979398,"11":0.1461482197,"12":0.1461729258,"13":0.1433380544,"14":0.1428561062,"15":0.1419983059,"16":0.1411690563,"17":0.1413261145,"18":0.140273571,"19":0.1400535256},"mean_squared_error":{"0":8.8562545776,"1":0.9221296906,"2":0.7502730489,"3":0.7504384518,"4":0.7125672102,"5":0.7445257902,"6":0.7491261363,"7":0.6920277476,"8":0.6826028228,"9":1.4903378487,"10":0.7546074986,"11":0.6992992759,"12":0.8643980622,"13":0.6736056805,"14":0.6714881063,"15":0.6678144336,"16":13.3063259125,"17":1.3723276854,"18":9.0444288254,"19":0.6595549583},"val_loss":{"0":0.2761947215,"1":0.2696027756,"2":0.2675760984,"3":0.2648529708,"4":0.2638180554,"5":0.2618193328,"6":0.2611530423,"7":0.260006845,"8":0.2591067255,"9":0.2615763247,"10":0.2610779703,"11":0.2611560524,"12":0.2583354712,"13":0.2565298378,"14":0.2551293671,"15":0.2536890209,"16":3.2989344597,"17":0.2526397407,"18":0.2508713007,"19":0.248454839},"val_mean_squared_logarithmic_error":{"0":0.1165494546,"1":0.1134694889,"2":0.1123671457,"3":0.110873431,"4":0.111023806,"5":0.1099296883,"6":0.1096316576,"7":0.1090615988,"8":0.1087351292,"9":0.1100571603,"10":0.109910436,"11":0.1099455357,"12":0.1079186648,"13":0.1073954403,"14":0.1067864001,"15":0.1061767414,"16":0.7044608593,"17":0.1053344533,"18":0.105007492,"19":0.103761211},"val_mean_squared_error":{"0":0.5032578707,"1":0.4462127984,"2":0.4884210527,"3":0.4503143728,"4":0.4183736145,"5":0.4142511189,"6":0.4197736979,"7":0.4118326306,"8":0.4092186689,"9":0.4139376879,"10":0.4134523869,"11":0.5750698447,"12":0.4056942165,"13":0.4037586153,"14":0.4017490149,"15":0.3998745084,"16":232.6568145752,"17":0.3966983259,"18":0.3958206475,"19":0.3906312883}}