{"loss":{"0":0.0218319856,"1":0.0217386894,"2":0.0205072854,"3":0.0202502608,"4":0.0204599649,"5":0.0200349614,"6":0.0197626036,"7":0.0202492885,"8":0.0204325486,"9":0.0196857471,"10":0.0194402523,"11":0.0191610008,"12":0.0192547031,"13":0.0199274011,"14":0.0191234965,"15":0.0189405773,"16":0.018839512,"17":0.0191086307,"18":0.0188342668,"19":0.0186718088},"mean_squared_logarithmic_error":{"0":0.0066409842,"1":0.0066651464,"2":0.0064480952,"3":0.0063591348,"4":0.00648956,"5":0.0063632014,"6":0.0063309632,"7":0.006510695,"8":0.0066073011,"9":0.0064345384,"10":0.0063816048,"11":0.0063393433,"12":0.0063691437,"13":0.0065884618,"14":0.0063735107,"15":0.0063290754,"16":0.0063192076,"17":0.0064227297,"18":0.0063682185,"19":0.0063223606},"mean_squared_error":{"0":0.030343648,"1":0.0319250263,"2":0.0283147134,"3":0.0277457628,"4":0.0296387598,"5":0.0279864259,"6":0.0274079889,"7":0.0310927089,"8":0.0321290046,"9":0.0289971102,"10":0.0281273462,"11":0.0274165254,"12":0.0274809804,"13":0.0298119541,"14":0.0276818592,"15":0.0272959769,"16":0.0272789393,"17":0.028847089,"18":0.0274805576,"19":0.0272520781},"val_loss":{"0":0.0294578094,"1":0.0229489524,"2":0.0249836482,"3":0.0233385675,"4":0.0298910253,"5":0.0256951135,"6":0.0257235635,"7":0.0196736734,"8":0.0199001934,"9":0.0180707406,"10":0.0188278593,"11":0.0251148567,"12":0.019111434,"13":0.0231677424,"14":0.0213725399,"15":0.018321164,"16":0.0180854239,"17":0.0197400283,"18":0.0169484857,"19":0.0151279727},"val_mean_squared_logarithmic_error":{"0":0.0050514713,"1":0.0049037449,"2":0.0048298836,"3":0.0050761229,"4":0.0053368332,"5":0.0054306989,"6":0.0050077406,"7":0.0050749457,"8":0.0051523196,"9":0.005024021,"10":0.0052781454,"11":0.0082379896,"12":0.0054720677,"13":0.006907911,"14":0.0065694866,"15":0.0052419631,"16":0.005362194,"17":0.0057585915,"18":0.0053803571,"19":0.0051099602},"val_mean_squared_error":{"0":0.0189742912,"1":0.0162537787,"2":0.0165125132,"3":0.017766146,"4":0.0168939494,"5":1.3939906359,"6":0.0174635276,"7":0.0171262976,"8":0.0173275769,"9":0.0168635901,"10":0.0181175936,"11":0.0281908903,"12":0.0183500051,"13":0.0230030697,"14":0.0222462285,"15":0.01770542,"16":0.0182559863,"17":0.0196797922,"18":0.018209599,"19":0.0173007287}}