{"loss":{"0":0.3562096059,"1":0.3651625812,"2":0.3062367141,"3":0.2608750761,"4":0.243439123,"5":0.2899041176,"6":0.2436700761,"7":0.2335827649,"8":0.2352694571,"9":0.2329794466,"10":0.2358569056,"11":0.2325182855,"12":0.2343841791,"13":0.2321123928,"14":0.2346755713,"15":0.23393327,"16":0.2315306962,"17":0.231796965,"18":0.2391834408,"19":0.2321390361},"mean_squared_logarithmic_error":{"0":0.1022162214,"1":0.1011366621,"2":0.1000288129,"3":0.0992502868,"4":0.0989215001,"5":0.1006328538,"6":0.0989246815,"7":0.0984840244,"8":0.0985784158,"9":0.0984812602,"10":0.0985762849,"11":0.0984768793,"12":0.0985849574,"13":0.0984331071,"14":0.0983644798,"15":0.0984244719,"16":0.098333694,"17":0.0983336717,"18":0.0987402722,"19":0.0984987095},"mean_squared_error":{"0":2012.8375244141,"1":2097.1750488281,"2":1147.1163330078,"3":185.5377807617,"4":41.9069824219,"5":933.4431762695,"6":19.9251918793,"7":5.2371006012,"8":5.3563399315,"9":8.4992685318,"10":6.2094163895,"11":1.2688032389,"12":9.4615421295,"13":1.2091885805,"14":60.0713233948,"15":4.3018083572,"16":5.2173895836,"17":4.1794815063,"18":65.808883667,"19":0.8359417319},"val_loss":{"0":0.3479526341,"1":0.1765238196,"2":0.225156799,"3":0.1791098863,"4":0.1902907789,"5":0.2196521908,"6":0.1889575869,"7":0.1750043333,"8":0.2006097287,"9":0.1896778941,"10":0.1743996143,"11":0.1743606478,"12":0.1768523902,"13":0.1741673052,"14":0.1741232425,"15":0.1739979386,"16":0.1745085418,"17":0.1754021794,"18":0.1786102504,"19":0.1746452153},"val_mean_squared_logarithmic_error":{"0":0.0778516531,"1":0.075723961,"2":0.0760747716,"3":0.0754415393,"4":0.0759084746,"5":0.0777691007,"6":0.0752997771,"7":0.0751890168,"8":0.075304091,"9":0.0755180195,"10":0.075189732,"11":0.0751862377,"12":0.0752101019,"13":0.0750903413,"14":0.0750851929,"15":0.0750816539,"16":0.0751023069,"17":0.0751171708,"18":0.0753935874,"19":0.0752092451},"val_mean_squared_error":{"0":1136.3747558594,"1":0.6486657262,"2":729.4251708984,"3":11.6330461502,"4":120.1409606934,"5":60.2771339417,"6":203.8260345459,"7":0.8141703606,"8":1787.9354248047,"9":9.4000844955,"10":0.260827601,"11":0.2588090599,"12":4.071803093,"13":0.2464677691,"14":0.260186851,"15":0.2397238612,"16":0.4358590841,"17":2.7066011429,"18":4.2768030167,"19":0.3857478499}}