{"loss":{"0":4.9092712402,"1":1.3152071238,"2":0.8370200396,"3":0.5987146497,"4":0.4727805853,"5":0.4649972618,"6":1.0838900805,"7":0.8026759624,"8":3.4957926273,"9":0.4540212154,"10":0.4539681673,"11":0.4539085329,"12":0.6491404772,"13":0.4537937045,"14":0.453666389,"15":0.453492403,"16":0.4610972106,"17":0.453443706,"18":0.4533693194,"19":0.4630202055},"mean_squared_logarithmic_error":{"0":0.2512052655,"1":0.2013474405,"2":0.1944215,"3":0.1912119836,"4":0.1889138073,"5":0.1881714016,"6":0.189650625,"7":0.1911393255,"8":0.2015479505,"9":0.189535588,"10":0.1895366013,"11":0.1895343363,"12":0.1898197085,"13":0.1895534843,"14":0.1895476133,"15":0.18953453,"16":0.1895208061,"17":0.189498499,"18":0.1894410104,"19":0.1894088238},"mean_squared_error":{"0":287090.53125,"1":155155.03125,"2":7426.1064453125,"3":3496.103515625,"4":32.945892334,"5":16.3867454529,"6":105430.3359375,"7":55390.8984375,"8":222391.234375,"9":1.5067464113,"10":1.4488818645,"11":1.3471846581,"12":11699.0302734375,"13":1.1321662664,"14":1.0167019367,"15":0.9627223015,"16":176.3915252686,"17":0.9626116753,"18":0.962395072,"19":206.4468994141},"val_loss":{"0":2.3683774471,"1":0.3981258869,"2":0.338309288,"3":0.3273964226,"4":0.3267672658,"5":0.3286340237,"6":0.8606015444,"7":0.5149892569,"8":0.3252969384,"9":0.3252530396,"10":0.3252229095,"11":0.3266176879,"12":0.3252417445,"13":0.3251216412,"14":0.3252471685,"15":0.3572870195,"16":0.3251053393,"17":0.3248327672,"18":0.3248573244,"19":0.3246780336},"val_mean_squared_logarithmic_error":{"0":0.1655326486,"1":0.1422678828,"2":0.1398740113,"3":0.1388077736,"4":0.1383573115,"5":0.1379481405,"6":0.1441138685,"7":0.1412897408,"8":0.1395186633,"9":0.1395647228,"10":0.1395525485,"11":0.1395188719,"12":0.1396230459,"13":0.1396317035,"14":0.1396298707,"15":0.1395725608,"16":0.1395985037,"17":0.1394685954,"18":0.1393610835,"19":0.1393696964},"val_mean_squared_error":{"0":36620.7421875,"1":949.3016357422,"2":27.053571701,"3":9.7517271042,"4":0.8096231222,"5":2.321713686,"6":7842.466796875,"7":1908.2550048828,"8":0.5692586899,"9":0.5695095062,"10":0.5693844557,"11":3.9178271294,"12":0.5696831346,"13":0.5696091056,"14":0.569988966,"15":459.8294677734,"16":0.5697794557,"17":0.5690889359,"18":0.5687606335,"19":0.568782568}}