{"loss":{"0":0.2966026366,"1":0.2946249843,"2":9.1497869492,"3":0.2999656796,"4":0.2950967252,"5":0.3286139667,"6":0.6088877916,"7":0.3210698664,"8":0.2960709035,"9":0.2970239222,"10":0.2953104079,"11":0.3129332066},"mean_squared_logarithmic_error":{"0":0.1252370328,"1":0.1247027516,"2":0.1254253536,"3":0.1256703734,"4":0.1254840642,"5":0.1253460646,"6":0.127240926,"7":0.1271342188,"8":0.126487121,"9":0.1263691187,"10":0.1261753291,"11":0.125842765},"mean_squared_error":{"0":0.5810264349,"1":0.517786324,"2":51760868.0,"3":47.7543144226,"4":0.5259308815,"5":4683.087890625,"6":58530.85546875,"7":2753.1608886719,"8":0.5247263312,"9":1.6227468252,"10":0.5232816935,"11":1317.3757324219},"val_loss":{"0":0.2283540666,"1":0.2268845439,"2":0.2282146811,"3":0.2279517502,"4":0.2275803089,"5":0.2270652354,"6":0.2312121987,"7":0.2290023118,"8":0.2283808142,"9":0.2280780375,"10":0.2277962267,"11":0.2277581841},"val_mean_squared_logarithmic_error":{"0":0.1003075838,"1":0.0997069478,"2":0.1009174138,"3":0.100776121,"4":0.1006252691,"5":0.1001736969,"6":0.1027901247,"7":0.101767242,"8":0.1015016288,"9":0.1013037413,"10":0.1011518463,"11":0.1007375717},"val_mean_squared_error":{"0":0.3488740623,"1":0.3472350836,"2":0.3514265418,"3":0.3506752849,"4":0.3502738774,"5":0.3487488329,"6":0.3582724333,"7":0.3542670608,"8":0.3532400429,"9":0.3524957597,"10":0.3518870175,"11":0.3506152332}}