{"loss":{"0":0.2078775167,"1":0.2244936675,"2":0.2072494924,"3":0.2077389061,"4":0.2069524676,"5":0.2125758678,"6":0.2431545854,"7":0.2883756459,"8":0.2182709724,"9":0.5238494873,"10":0.2199940681,"11":0.2088395208,"12":0.2069398314,"13":0.206927821,"14":0.2083896697,"15":0.2069183737,"16":0.2068965435,"17":0.2104813159,"18":0.3144627512,"19":0.238849625},"mean_squared_logarithmic_error":{"0":0.0884981155,"1":0.0885564163,"2":0.0884509832,"3":0.0884478018,"4":0.0883979648,"5":0.0885014683,"6":0.0887087137,"7":0.0887073576,"8":0.0885255337,"9":0.0889758319,"10":0.0884264112,"11":0.0883937553,"12":0.0883647874,"13":0.0883564949,"14":0.0883483514,"15":0.088346146,"16":0.0883407071,"17":0.0883809924,"18":0.0883937031,"19":0.0885736123},"mean_squared_error":{"0":1.2132565975,"1":988.1379394531,"2":1.0709801912,"3":0.6988359094,"4":0.3168886602,"5":26.8758411407,"6":2003.7758789062,"7":8364.298828125,"8":266.7833862305,"9":62496.3125,"10":553.9903564453,"11":6.7847762108,"12":0.3168520331,"13":0.3168075085,"14":47.7289161682,"15":0.3167829216,"16":0.316781044,"17":44.0204696655,"18":13332.9462890625,"19":956.6744995117},"val_loss":{"0":0.1483384669,"1":0.1482442915,"2":0.1482759863,"3":0.1482373476,"4":0.1482149363,"5":0.1526721418,"6":0.1663230658,"7":0.1500348598,"8":0.1812027842,"9":0.1684478223,"10":0.1538411528,"11":0.1480950862,"12":0.1480944753,"13":0.1481089294,"14":0.1480647624,"15":0.1480719894,"16":0.1480300725,"17":0.1481194645,"18":0.6560022831,"19":0.1479048729},"val_mean_squared_logarithmic_error":{"0":0.0652125925,"1":0.0651605278,"2":0.0651395321,"3":0.0651154593,"4":0.0651066452,"5":0.0653667003,"6":0.0653008521,"7":0.0652769282,"8":0.065360114,"9":0.0650948808,"10":0.065094009,"11":0.0650249869,"12":0.0650216192,"13":0.0649960488,"14":0.0649828166,"15":0.0649930611,"16":0.0649757683,"17":0.0650155842,"18":0.0658417493,"19":0.0648928434},"val_mean_squared_error":{"0":0.1875444949,"1":0.1874379963,"2":0.1874136925,"3":0.1873692423,"4":0.1873566955,"5":5.5701999664,"6":127.3500289917,"7":1.3646279573,"8":756.74609375,"9":1330.86328125,"10":20.5009555817,"11":0.1872603744,"12":0.1872398406,"13":0.1872008592,"14":0.1871717721,"15":0.18720074,"16":0.1871598065,"17":0.1872049123,"18":163677.984375,"19":0.1870506108}}