{"loss":{"0":0.3054272234,"1":0.3038065135,"2":0.3037640154,"3":0.3038029671,"4":0.3030652702,"5":0.3032003939,"6":0.3031414449,"7":0.303183347,"8":0.3028386831,"9":0.3027587533,"10":0.3024530113,"11":84.907623291,"12":0.3125012219,"13":0.304908216,"14":0.3040802181,"15":0.3028528988,"16":0.302375406,"17":1.2768090963,"18":0.3140015006,"19":0.305072099},"mean_squared_logarithmic_error":{"0":0.1305852681,"1":0.1304114908,"2":0.1304052323,"3":0.1302440763,"4":0.1299074143,"5":0.1300034672,"6":0.1299670041,"7":0.1300088018,"8":0.1297654063,"9":0.1296813041,"10":0.1292962432,"11":0.132988438,"12":0.1314929873,"13":0.1307370216,"14":0.1299245507,"15":0.1294504255,"16":0.129313767,"17":0.1314875782,"18":0.130505532,"19":0.1300228387},"mean_squared_error":{"0":0.9240362644,"1":0.5714607835,"2":0.5714788437,"3":1.212215066,"4":0.5692718029,"5":0.5695409775,"6":0.5694594383,"7":0.5696622133,"8":0.5690851212,"9":0.5681614876,"10":0.5669956803,"11":9708189696.0,"12":86.0191421509,"13":0.5724152327,"14":1.1274639368,"15":0.5661836863,"16":0.5650488138,"17":1090864.375,"18":240.3727416992,"19":0.5741021037},"val_loss":{"0":0.2318549603,"1":0.2314189225,"2":0.2313938588,"3":0.2307348698,"4":0.2306850851,"5":0.2308216542,"6":0.230503276,"7":0.2309555858,"8":0.229749918,"9":0.2299143374,"10":0.2295997888,"11":0.2384040654,"12":0.2328592837,"13":0.2317171991,"14":0.2306701541,"15":0.2305937707,"16":0.2302739024,"17":0.2420395911,"18":0.2326514721,"19":0.2322969288},"val_mean_squared_logarithmic_error":{"0":0.1022905707,"1":0.1021248028,"2":0.1021435633,"3":0.1017273813,"4":0.1016318873,"5":0.1016877145,"6":0.1015537754,"7":0.1019656733,"8":0.1010271385,"9":0.1012296006,"10":0.1010088772,"11":0.1031603441,"12":0.1023073196,"13":0.1014846861,"14":0.1007539257,"15":0.1010590941,"16":0.1009481549,"17":0.1021019742,"18":0.1016037166,"19":0.1013945118},"val_mean_squared_error":{"0":0.3463856876,"1":0.345882237,"2":0.3459696174,"3":0.3444704711,"4":0.3441008627,"5":0.3443709314,"6":0.3438884318,"7":0.3455817103,"8":0.342037648,"9":0.3428007662,"10":0.341837436,"11":7.2972626686,"12":0.3453040123,"13":0.3434206545,"14":0.3399298489,"15":0.3407396376,"16":0.3403039277,"17":14.9105329514,"18":0.3446993828,"19":0.3521306813}}