{"loss":{"0":0.0201699249,"1":0.0198457073,"2":0.0206702352,"3":0.0194608513,"4":0.0188624281,"5":0.0193895549,"6":0.0192673188,"7":0.0191173125,"8":0.0181034338,"9":0.0182313416,"10":0.017323995,"11":0.0184411444,"12":0.0175655745,"13":0.0179285854,"14":0.0179350767,"15":0.0172812399,"16":0.0170724224,"17":0.0171334483,"18":0.0165059697,"19":0.0162366852},"mean_squared_logarithmic_error":{"0":0.0050417962,"1":0.0051348079,"2":0.0053877705,"3":0.0051761437,"4":0.0050108568,"5":0.0051336563,"6":0.0051160464,"7":0.0051215319,"8":0.0049505131,"9":0.0050559649,"10":0.00486355,"11":0.0052395747,"12":0.005039339,"13":0.0050955247,"14":0.0049930271,"15":0.0048702913,"16":0.0049322923,"17":0.0049794377,"18":0.0048911017,"19":0.0048185498},"mean_squared_error":{"0":0.0248363093,"1":0.0266956165,"2":0.03261967,"3":0.0288281981,"4":0.0241739042,"5":0.02948061,"6":0.0290880073,"7":0.0264563449,"8":0.0222338606,"9":0.0247444268,"10":0.0212873369,"11":0.0286414027,"12":0.0275076553,"13":0.0290438663,"14":0.0257260874,"15":0.0231255926,"16":0.0227832124,"17":0.0260278173,"18":0.0221615303,"19":0.0229532849},"val_loss":{"0":0.0352800861,"1":0.0338308439,"2":0.036535617,"3":0.0384465866,"4":0.0462996475,"5":0.0381081812,"6":0.0418703295,"7":0.028666513,"8":0.0307909977,"9":0.025753824,"10":0.028237544,"11":0.0302717388,"12":0.0324969366,"13":0.0423683599,"14":0.039575506,"15":0.0346797705,"16":0.0272402037,"17":0.0263544861,"18":0.0307441242,"19":0.0274402257},"val_mean_squared_logarithmic_error":{"0":0.0044443668,"1":0.0044263271,"2":0.005301293,"3":0.0046271035,"4":0.0063720825,"5":0.0049450668,"6":0.0046112733,"7":0.0046965592,"8":0.0046319785,"9":0.0043323562,"10":0.0044621071,"11":0.0043902854,"12":0.0047497456,"13":0.005664642,"14":0.0051974803,"15":0.0045075971,"16":0.0047755083,"17":0.0043433486,"18":0.0049163057,"19":0.0047177966},"val_mean_squared_error":{"0":0.0190952048,"1":0.0189233236,"2":0.0195415914,"3":0.0217163414,"4":0.0214883499,"5":0.0220418889,"6":0.0216799844,"7":0.0189257264,"8":0.0192665588,"9":0.0177402366,"10":0.0181015246,"11":0.0193804223,"12":0.0187359657,"13":0.0220641736,"14":0.0223305952,"15":0.0195720047,"16":0.0189623609,"17":0.0187237207,"18":0.0191835668,"19":0.0196635928}}