{"loss":{"0":0.4010407925,"1":0.3914873004,"2":0.3389342725,"3":0.3265227973,"4":0.3299940228,"5":0.3248707652,"6":0.3245946765,"7":0.341539681,"8":0.3250086904,"9":0.3248927295,"10":0.3270978928,"11":0.3247878551,"12":0.3246266544,"13":0.3244473934,"14":0.3242759705,"15":0.3241030872,"16":0.3239599466,"17":0.3238802552,"18":0.32470873,"19":0.3238915801},"mean_squared_logarithmic_error":{"0":0.1396730542,"1":0.138273403,"2":0.1381084472,"3":0.1379839331,"4":0.1380429268,"5":0.1376401335,"6":0.1375074387,"7":0.1380942613,"8":0.1378386617,"9":0.1377627701,"10":0.1377408952,"11":0.1377012879,"12":0.1376214176,"13":0.1375493258,"14":0.1374884397,"15":0.1374330372,"16":0.1373963207,"17":0.1373949498,"18":0.1374477446,"19":0.1373825073},"mean_squared_error":{"0":3805.5803222656,"1":1191.9407958984,"2":369.0737609863,"3":2.2516160011,"4":38.6467514038,"5":0.5969721675,"6":0.5963597894,"7":486.2457580566,"8":0.5974933505,"9":0.5972453356,"10":112.9102935791,"11":0.5969527364,"12":0.5966740847,"13":0.5964784622,"14":0.5963005424,"15":0.5962054729,"16":0.5963859558,"17":0.5959811211,"18":3.9824905396,"19":0.5959503055},"val_loss":{"0":0.2425416559,"1":0.2437642515,"2":0.2419549525,"3":0.2398412377,"4":0.2397395074,"5":0.2387643903,"6":0.2384145111,"7":0.239697963,"8":0.2397678941,"9":0.2395602912,"10":0.2397053689,"11":0.2392069399,"12":0.2390849888,"13":0.2388689369,"14":0.238408789,"15":0.2384824902,"16":0.2390801758,"17":0.2385119349,"18":0.2381922007,"19":0.2380432785},"val_mean_squared_logarithmic_error":{"0":0.1066132337,"1":0.1058952659,"2":0.1063048467,"3":0.1059399247,"4":0.1058895066,"5":0.1053442061,"6":0.1051422879,"7":0.1059328616,"8":0.106052734,"9":0.10591387,"10":0.1059612408,"11":0.1057002023,"12":0.1056343839,"13":0.1055560932,"14":0.1053943858,"15":0.1054443642,"16":0.1057957485,"17":0.1055203974,"18":0.1054438278,"19":0.1054203436},"val_mean_squared_error":{"0":1.137139082,"1":4.7200117111,"2":0.7544116378,"3":0.3670107424,"4":0.3668576479,"5":0.3646625876,"6":0.3638456464,"7":0.3670346439,"8":0.3681327999,"9":0.3672388196,"10":0.3672769368,"11":0.3661549389,"12":0.3660297096,"13":0.3657726943,"14":0.3653604388,"15":0.3656263947,"16":0.3667325079,"17":0.3658376038,"18":0.3656139672,"19":0.3655388355}}