{"loss":{"0":0.2115046382,"1":0.2113975883,"2":0.2111868262,"3":0.2113425881,"4":0.2114077955,"5":0.2113214731,"6":0.2115160525,"7":2.199485302,"8":0.4768666625,"9":0.2156669796,"10":0.2136170268,"11":0.2125793844,"12":0.212732926},"mean_squared_logarithmic_error":{"0":0.0903861895,"1":0.0902817547,"2":0.090192765,"3":0.0903390497,"4":0.0903788432,"5":0.0903255641,"6":0.0903816074,"7":0.0911689103,"8":0.0917472988,"9":0.0911815315,"10":0.0910326391,"11":0.0908488631,"12":0.0907479525},"mean_squared_error":{"0":0.3337652385,"1":0.3328745663,"2":0.3320215344,"3":0.3333002329,"4":0.333266139,"5":0.3332175314,"6":0.3335737586,"7":26486184.0,"8":68971.125,"9":17.7098922729,"10":0.4387154579,"11":0.3379203081,"12":3.0837590694},"val_loss":{"0":0.1425518841,"1":0.1476611644,"2":0.1422082186,"3":0.1445587873,"4":0.1502638906,"5":0.1422495842,"6":0.1429228038,"7":0.1454722285,"8":0.1452810913,"9":0.1468123049,"10":0.1431849748,"11":0.1426994354,"12":0.1424993426},"val_mean_squared_logarithmic_error":{"0":0.0624803342,"1":0.0655860975,"2":0.0624968931,"3":0.0640198141,"4":0.0666580871,"5":0.0623654723,"6":0.062829189,"7":0.0635211319,"8":0.0633331761,"9":0.0635910556,"10":0.0628974289,"11":0.0626176894,"12":0.0625428632},"val_mean_squared_error":{"0":0.1751168966,"1":0.2254673094,"2":0.1747997552,"3":0.1889616102,"4":0.2903268039,"5":0.1748913974,"6":0.1756467074,"7":0.6687698364,"8":0.1800859272,"9":0.2611016631,"10":0.1772526652,"11":0.1757103503,"12":0.1754152626}}