{"loss":{"0":0.1236488223,"1":0.0186372902,"2":0.0003649831,"3":0.0003718222,"4":0.0003742955,"5":0.0003836547,"6":0.0003875876,"7":0.0003779395,"8":0.000381157,"9":0.000376741,"10":0.0003733536,"11":0.0003676825},"mean_squared_logarithmic_error":{"0":0.0673058107,"1":0.0057713422,"2":0.0001337099,"3":0.0001337073,"4":0.0001337119,"5":0.0001337053,"6":0.0001337095,"7":0.0001337107,"8":0.0001337137,"9":0.0001337096,"10":0.0001337092,"11":0.0001337109},"mean_squared_error":{"0":0.1802541912,"1":0.0090059554,"2":0.0002816411,"3":0.0002816336,"4":0.0002816403,"5":0.0002816382,"6":0.0002816435,"7":0.0002816502,"8":0.0002816524,"9":0.000281636,"10":0.0002816445,"11":0.000281639},"val_loss":{"0":0.0653649047,"1":0.000223211,"2":0.0002314117,"3":0.0002447779,"4":0.000236698,"5":0.0002640751,"6":0.0002747673,"7":0.0002373205,"8":0.0002707206,"9":0.0002705642,"10":0.0002365353,"11":0.0002817221},"val_mean_squared_logarithmic_error":{"0":0.0266041644,"1":0.0000746319,"2":0.000074635,"3":0.0000746305,"4":0.000074637,"5":0.0000746421,"6":0.0000746456,"7":0.0000746359,"8":0.0000746286,"9":0.0000746201,"10":0.0000746192,"11":0.0000746154},"val_mean_squared_error":{"0":0.0468287133,"1":0.0001553503,"2":0.0001553824,"3":0.0001553624,"4":0.0001553544,"5":0.0001553667,"6":0.0001553817,"7":0.0001553602,"8":0.0001553337,"9":0.0001553198,"10":0.0001553331,"11":0.0001553279}}