{"loss":{"0":0.5700615644,"1":0.4406992495,"2":0.4302994013,"3":0.4124831557,"4":0.7391453981,"5":0.7092512846,"6":0.6208398342,"7":1.0182138681,"8":1.0145207644,"9":5.5086460114,"10":0.3473370373,"11":0.5274115205,"12":0.458109498,"13":0.3365548253,"14":0.3172490299,"15":0.5368654132,"16":0.5746841431,"17":0.3616236448,"18":0.4079043865,"19":0.5253260732},"mean_squared_logarithmic_error":{"0":0.1315345466,"1":0.1295921355,"2":0.1287854165,"3":0.1285731643,"4":0.1299960613,"5":0.1298270375,"6":0.1290250868,"7":0.1314963102,"8":0.1292259544,"9":0.1289853901,"10":0.1271193177,"11":0.1271763891,"12":0.1267356873,"13":0.1261303872,"14":0.1261673868,"15":0.1268597692,"16":0.1280845553,"17":0.1268125623,"18":0.1265023053,"19":0.1269160062},"mean_squared_error":{"0":6342.9750976562,"1":5276.724609375,"2":3212.2153320312,"3":3294.458984375,"4":26875.42578125,"5":33443.4921875,"6":18965.375,"7":54780.75,"8":33485.14453125,"9":14448070.0,"10":508.9176025391,"11":15927.740234375,"12":3729.3605957031,"13":9915.001953125,"14":2755.0961914062,"15":7983.2104492188,"16":6539.38671875,"17":1418.4776611328,"18":11091.537109375,"19":87076.0625},"val_loss":{"0":0.342300415,"1":0.4546434879,"2":0.8098427653,"3":0.302290827,"4":1.1080536842,"5":0.670642674,"6":0.4031020403,"7":0.7210233212,"8":0.2859455645,"9":0.646910429,"10":0.2975568771,"11":0.3774386048,"12":0.2349609435,"13":0.2349027395,"14":0.2371789813,"15":0.2392678857,"16":0.357599318,"17":0.24184452,"18":0.3175281584,"19":0.2351537943},"val_mean_squared_logarithmic_error":{"0":0.1062908322,"1":0.1075358987,"2":0.1060985699,"3":0.1047904715,"4":0.1071921512,"5":0.1086405441,"6":0.1051721275,"7":0.1057054624,"8":0.1047754809,"9":0.1065775082,"10":0.1047358736,"11":0.1043238267,"12":0.1035846844,"13":0.103465043,"14":0.1035398617,"15":0.1035474166,"16":0.106040597,"17":0.1036629006,"18":0.1045838594,"19":0.1035346389},"val_mean_squared_error":{"0":781.0857543945,"1":4601.82421875,"2":42878.16796875,"3":2216.1804199219,"4":144901.625,"5":26380.388671875,"6":8212.296875,"7":33360.3828125,"8":646.6022949219,"9":10185.060546875,"10":6997.6005859375,"11":1253.7983398438,"12":0.353445828,"13":0.3542276919,"14":5.4153823853,"15":6.8227419853,"16":161.5950622559,"17":23.659778595,"18":418.5794372559,"19":0.4053189456}}