{"loss":{"0":0.8706606627,"1":4.1280355453,"2":0.5851486921,"3":0.7472681403,"4":38.6517333984,"5":5.391582489,"6":3.1744906902,"7":1.3732501268,"8":0.897057116,"9":0.5520065427,"10":0.5178703666,"11":0.4279867709,"12":0.6156044602},"mean_squared_logarithmic_error":{"0":0.143668294,"1":0.1423745453,"2":0.1403328776,"3":0.1397358775,"4":0.3090964258,"5":0.1774417609,"6":0.1633483171,"7":0.152585119,"8":0.1501664221,"9":0.1464070082,"10":0.1454381496,"11":0.1439981014,"12":0.1458221972},"mean_squared_error":{"0":233005.578125,"1":5181111.5,"2":43615.8828125,"3":271983.25,"4":9937376.0,"5":627615.25,"6":320217.34375,"7":78398.5703125,"8":23481.55078125,"9":1388.7725830078,"10":17715.216796875,"11":1365.5072021484,"12":40535.73046875},"val_loss":{"0":0.318667382,"1":0.2472357303,"2":0.2397001833,"3":0.2439113706,"4":7.1954398155,"5":2.1976804733,"6":1.6092592478,"7":0.9423523545,"8":0.9378183484,"9":0.2800763547,"10":0.278244406,"11":0.2856343091,"12":0.3719716966},"val_mean_squared_logarithmic_error":{"0":0.1066577733,"1":0.1053684354,"2":0.1044828519,"3":0.1042252928,"4":0.1668494493,"5":0.1252877116,"6":0.1149133295,"7":0.1136913002,"8":0.1166604906,"9":0.108527571,"10":0.1078267097,"11":0.107537657,"12":0.1112758815},"val_mean_squared_error":{"0":239.7054901123,"1":12.1442041397,"2":0.361246407,"3":4.8476009369,"4":510881.65625,"5":236335.265625,"6":184225.28125,"7":17930.6640625,"8":5513.447265625,"9":93.3690490723,"10":390.1923217773,"11":1242.3608398438,"12":970.1713256836}}