{"loss":{"0":0.0228106286,"1":0.0226182453,"2":0.0226278324,"3":0.022399988,"4":0.0227234047,"5":0.0226894356,"6":0.0227867682,"7":0.0228235032,"8":0.0222976767,"9":0.0223755985,"10":0.0224076733},"mean_squared_logarithmic_error":{"0":0.0076457504,"1":0.0075630317,"2":0.0075091994,"3":0.0074738162,"4":0.0074823848,"5":0.0075275949,"6":0.0075176335,"7":0.0075251367,"8":0.0074160201,"9":0.0073936172,"10":0.0073984214},"mean_squared_error":{"0":0.0360130928,"1":0.0349993445,"2":0.0347478427,"3":0.034485817,"4":0.0344478115,"5":0.0347969085,"6":0.0356932841,"7":0.0358753316,"8":0.0345381424,"9":0.0341123044,"10":0.0340504274},"val_loss":{"0":0.0269999094,"1":0.0276174769,"2":0.0304933432,"3":0.0314049982,"4":0.0342642292,"5":0.0374748111,"6":0.0335643739,"7":0.0313349031,"8":0.0346286967,"9":0.0377383009,"10":0.0322818868},"val_mean_squared_logarithmic_error":{"0":0.0060227211,"1":0.0061147651,"2":0.0062065828,"3":0.0060665766,"4":0.0067142756,"5":0.0066458257,"6":0.0063909437,"7":0.0060289749,"8":0.0061456678,"9":0.0071607628,"10":0.0059994538},"val_mean_squared_error":{"0":0.0232600514,"1":0.0234914813,"2":0.0229189303,"3":0.0237095095,"4":0.0252043586,"5":0.0268886108,"6":0.0238211788,"7":0.0237677451,"8":0.024577003,"9":0.0253793057,"10":0.023919085}}