{"loss":{"0":0.2701998651,"1":0.8338081837,"2":0.3427636623,"3":0.2716289163,"4":0.2714835703,"5":0.2714498043,"6":0.2714144289,"7":0.2713822424,"8":0.2713485062,"9":0.2713173926,"10":0.27128914,"11":0.2712550163,"12":0.2720139027,"13":0.2798092067},"mean_squared_logarithmic_error":{"0":0.1165270209,"1":0.1172357872,"2":0.1152573898,"3":0.1146795228,"4":0.1147396937,"5":0.1148866862,"6":0.1150461063,"7":0.1152073815,"8":0.1153976023,"9":0.1156044751,"10":0.1158368289,"11":0.1160647273,"12":0.1160293818,"13":0.1163213104},"mean_squared_error":{"0":0.443248421,"1":367872.5,"2":7528.0786132812,"3":0.4464908242,"4":0.4468546808,"5":0.4469265044,"6":0.446906805,"7":0.446862787,"8":0.4468736649,"9":0.4469523728,"10":0.4471081495,"11":0.447157979,"12":15.427028656,"13":45.5763206482},"val_loss":{"0":0.1961191297,"1":0.1979663968,"2":0.1922453642,"3":0.190918088,"4":0.1909378618,"5":0.1913186163,"6":0.1918700188,"7":0.1924306154,"8":0.1931108087,"9":0.1937888563,"10":0.1945748925,"11":0.1953806132,"12":0.1966649443,"13":0.1969353259},"val_mean_squared_logarithmic_error":{"0":0.086903438,"1":0.0874042436,"2":0.0840844512,"3":0.0834484696,"4":0.0835974663,"5":0.0838566273,"6":0.0842182338,"7":0.0846351832,"8":0.0850850791,"9":0.0855427459,"10":0.0861085728,"11":0.0865676627,"12":0.086709775,"13":0.0870374292},"val_mean_squared_error":{"0":0.2724866569,"1":0.2813552916,"2":0.2635097802,"3":0.2615691125,"4":0.2619257569,"5":0.2626405358,"6":0.26384601,"7":0.2653126419,"8":0.2669258118,"9":0.2686572075,"10":0.2708047032,"11":0.2723873854,"12":2.2074067593,"13":0.2732201815}}