{"loss":{"0":0.2335126549,"1":0.2325496674,"2":0.2325285673,"3":0.2325508446,"4":0.2327882051,"5":0.2327673137,"6":0.2327607274,"7":0.2327229381,"8":0.2327515036,"9":0.2327600121,"10":0.2328219265},"mean_squared_logarithmic_error":{"0":0.0991419703,"1":0.0987925455,"2":0.0987898409,"3":0.098814182,"4":0.0989878029,"5":0.0989948958,"6":0.0989953652,"7":0.0989783928,"8":0.0989862978,"9":0.0989957973,"10":0.0990034938},"mean_squared_error":{"0":0.3855194151,"1":0.3826949596,"2":0.3827263415,"3":0.3889966309,"4":0.3843218386,"5":0.3843367696,"6":0.3843435943,"7":0.3840398192,"8":0.3842601776,"9":0.3843598962,"10":0.3843806982},"val_loss":{"0":0.1617527306,"1":0.1621748656,"2":0.161992535,"3":0.1625093073,"4":0.1620582193,"5":0.1619556695,"6":0.1620174497,"7":0.1623209864,"8":0.162656799,"9":0.1636762321,"10":0.1634120643},"val_mean_squared_logarithmic_error":{"0":0.0699959472,"1":0.0702137202,"2":0.0699915513,"3":0.0702740252,"4":0.0701201186,"5":0.0701293051,"6":0.0701000541,"7":0.0702010691,"8":0.0701862723,"9":0.0709438175,"10":0.0704063028},"val_mean_squared_error":{"0":0.2149340063,"1":0.2157682627,"2":0.2147475183,"3":0.2157417387,"4":0.2150063515,"5":0.2151197493,"6":0.2150181085,"7":0.2152865529,"8":0.2154985219,"9":0.2231524587,"10":0.2164372951}}