{"loss":{"0":0.3079373837,"1":0.2933319807,"2":0.2953781188,"3":0.2921009362,"4":0.3041598201,"5":0.2893543243,"6":0.3004888296,"7":0.3045944571,"8":0.2869235575,"9":0.4712413549,"10":0.2933334112},"mean_squared_logarithmic_error":{"0":0.1218237802,"1":0.1193303391,"2":0.120068416,"3":0.1186984479,"4":0.1195088923,"5":0.1202270091,"6":0.1212613881,"7":0.1206983253,"8":0.1198558807,"9":0.1205003485,"10":0.1205834895},"mean_squared_error":{"0":539.7144775391,"1":4.5795202255,"2":35.9007301331,"3":2.7125647068,"4":589.9880371094,"5":2.5074131489,"6":2065.5883789062,"7":2625.8728027344,"8":0.7505750656,"9":203096.578125,"10":147.5085601807},"val_loss":{"0":0.217516318,"1":0.2368775755,"2":0.2236424237,"3":0.2551584244,"4":0.2440404594,"5":0.3399986029,"6":2.3437077999,"7":0.2253157496,"8":0.2246908098,"9":0.5120866895,"10":0.2247150242},"val_mean_squared_logarithmic_error":{"0":0.091600962,"1":0.0926365182,"2":0.0936879814,"3":0.0955295861,"4":0.0973585844,"5":0.0981834903,"6":0.0983272195,"7":0.0966343358,"8":0.0964809805,"9":0.0973605365,"10":0.0973369628},"val_mean_squared_error":{"0":0.3535685539,"1":271.4067077637,"2":0.3921589553,"3":1618.1531982422,"4":191.9722137451,"5":12399.95703125,"6":10184894.0,"7":0.3540772796,"8":0.3537907302,"9":521416.6875,"10":0.3553787172}}