{"loss":{"0":0.4821524024,"1":0.5061217546,"2":0.4821433723,"3":0.5431872606,"4":0.4853690863,"5":0.6396032572,"6":0.5210170746,"7":1.0343792439,"8":0.5059504509,"9":0.5099084377,"10":0.4739544392},"mean_squared_logarithmic_error":{"0":0.1642311811,"1":0.1593366861,"2":0.1601745784,"3":0.1599776149,"4":0.1599752307,"5":0.1604356319,"6":0.1601764858,"7":0.1630118787,"8":0.1617888212,"9":0.1614292562,"10":0.1607337743},"mean_squared_error":{"0":34433.5234375,"1":12438.5830078125,"2":2286.9333496094,"3":56100.953125,"4":10521.7294921875,"5":33678.859375,"6":42064.15234375,"7":187051.265625,"8":5352.9438476562,"9":9991.912109375,"10":7646.8115234375},"val_loss":{"0":0.2643248439,"1":0.2719398439,"2":1.0218752623,"3":0.2763309777,"4":0.2702362239,"5":0.3207651675,"6":0.2706255913,"7":0.4725041687,"8":0.3176367879,"9":0.3841407597,"10":0.2780612111},"val_mean_squared_logarithmic_error":{"0":0.113402091,"1":0.1144728735,"2":0.1154221073,"3":0.1150768399,"4":0.1146709993,"5":0.115125224,"6":0.1148646772,"7":0.1168624908,"8":0.1156923175,"9":0.1154798046,"10":0.1151522696},"val_mean_squared_error":{"0":0.4130958319,"1":13.2000246048,"2":145224.515625,"3":77.5762634277,"4":41.435005188,"5":1591.6040039062,"6":3.296841383,"7":15915.12890625,"8":891.3044433594,"9":26741.068359375,"10":688.6221923828}}