{"loss":{"0":0.0077921003,"1":0.0006679001,"2":0.0005534492,"3":0.000530767,"4":0.0005130087,"5":0.0005451068,"6":0.0005266367,"7":0.0005258603,"8":0.0005648161,"9":0.0005188652,"10":0.0005426738,"11":0.0005437835,"12":0.0006137508,"13":0.0005900043},"mean_squared_logarithmic_error":{"0":0.00307509,"1":0.000141927,"2":0.0001358109,"3":0.0001341899,"4":0.0001338989,"5":0.0001340312,"6":0.0001342126,"7":0.0001340599,"8":0.0001359178,"9":0.0001341083,"10":0.0001338472,"11":0.0001338442,"12":0.0001338432,"13":0.0001349998},"mean_squared_error":{"0":0.0066703334,"1":0.0003005316,"2":0.0002867593,"3":0.000283221,"4":0.0002825379,"5":0.0002825976,"6":0.0002829541,"7":0.0002863586,"8":0.0002860288,"9":0.0002830451,"10":0.0002822573,"11":0.0002821715,"12":0.0002827902,"13":0.0002841424},"val_loss":{"0":0.0006867985,"1":0.0005626945,"2":0.0005407537,"3":0.0004047609,"4":0.0005224289,"5":0.0006682508,"6":0.000745333,"7":0.0007520654,"8":0.0005480186,"9":0.000585973,"10":0.0005100016,"11":0.0006443976,"12":0.0007150313,"13":0.0009378658},"val_mean_squared_logarithmic_error":{"0":0.0000895617,"1":0.0000941021,"2":0.0000758088,"3":0.0000775091,"4":0.000101311,"5":0.0000964985,"6":0.0000749125,"7":0.0001882326,"8":0.0000913833,"9":0.00008031,"10":0.0000756871,"11":0.0000793371,"12":0.0001321483,"13":0.0000823291},"val_mean_squared_error":{"0":0.0002025894,"1":0.0001859104,"2":0.0001632424,"3":0.0001709654,"4":0.0001881575,"5":0.0001921417,"6":0.0002779708,"7":0.0003341592,"8":0.0001951172,"9":0.0001691674,"10":0.0001674196,"11":0.0001777462,"12":0.0002297059,"13":0.0002609968}}