{"loss":{"0":0.256970346,"1":0.2568823695,"2":0.2565285563,"3":0.2562110424,"4":0.2559994757,"5":0.2558182478,"6":0.2556488216,"7":0.2554995418,"8":0.2553622723,"9":0.2552302182,"10":0.2551141679,"11":0.2550142705,"12":0.2549283803,"13":0.2548401058,"14":0.2547661662,"15":0.2546969056,"16":0.2546249032},"mean_squared_logarithmic_error":{"0":0.1036781371,"1":0.104664959,"2":0.1045614332,"3":0.1042474061,"4":0.104059875,"5":0.1039018035,"6":0.1037662327,"7":0.1036533266,"8":0.1035365388,"9":0.1034294963,"10":0.1033217385,"11":0.1032194495,"12":0.103122361,"13":0.1030418873,"14":0.1029630229,"15":0.1028909311,"16":0.1028247699},"mean_squared_error":{"0":0.396045059,"1":0.3994962573,"2":0.3987893164,"3":0.3976666629,"4":0.3968993127,"5":0.396294117,"6":0.3957822025,"7":0.3953105807,"8":0.3948059082,"9":0.3943559825,"10":0.3939292133,"11":0.39355129,"12":0.3932085633,"13":0.3929121196,"14":0.3926122487,"15":0.392334193,"16":0.3920772374},"val_loss":{"0":0.1719277203,"1":0.1715847403,"2":0.1713997424,"3":0.1711026728,"4":0.1707414687,"5":0.1704699695,"6":0.1703881174,"7":0.1704152375,"8":0.1704430729,"9":0.1705031693,"10":0.1705232114,"11":0.170525834,"12":0.1705501676,"13":0.1705684811,"14":0.1705841273,"15":0.1705858409,"16":0.1706017852},"val_mean_squared_logarithmic_error":{"0":0.0723104924,"1":0.0722558871,"2":0.0721579492,"3":0.0720419288,"4":0.0719647929,"5":0.0718860403,"6":0.0718486458,"7":0.0718127489,"8":0.0717704892,"9":0.0717816874,"10":0.0718099028,"11":0.0718238577,"12":0.0718342736,"13":0.0718495846,"14":0.0718455985,"15":0.0718312189,"16":0.0718269125},"val_mean_squared_error":{"0":0.2348676473,"1":0.2347190082,"2":0.2346160412,"3":0.234743461,"4":0.2350136936,"5":0.2355253398,"6":0.2358940691,"7":0.2357564121,"8":0.2354993522,"9":0.2353398055,"10":0.2354063839,"11":0.2353668362,"12":0.2353093624,"13":0.2353480011,"14":0.2353389114,"15":0.2352339476,"16":0.2351243645}}