{"loss":{"0":0.2776495218,"1":0.2769263983,"2":0.2765679061,"3":0.276326865,"4":0.276114285,"5":0.2759401798,"6":0.275791198,"7":0.2756550908,"8":0.2755420208,"9":0.2754419744,"10":0.2753443122,"11":0.2752520442,"12":0.2751730084,"13":0.2750929296,"14":0.27500844,"15":0.2749244869,"16":0.2748441994,"17":0.2747642398,"18":0.2746927142,"19":0.2746196389,"20":0.2745504379,"21":0.274481982,"22":0.2744117677,"23":0.2743479908,"24":0.2742848098,"25":0.2742177844,"26":0.2741494477,"27":0.2740870118,"28":0.2740220726,"29":0.2739598155,"30":0.273900032,"31":0.2738375664,"32":0.2737824917,"33":0.2737164497,"34":0.2736642659,"35":0.2736065686,"36":0.2735503912,"37":0.2734814584,"38":0.2734292746,"39":0.2733694613},"mean_squared_logarithmic_error":{"0":0.1054032594,"1":0.1051668674,"2":0.105101198,"3":0.1050754339,"4":0.1050575152,"5":0.1050460562,"6":0.1050335169,"7":0.1050207242,"8":0.1050069705,"9":0.1049956381,"10":0.1049899533,"11":0.1049820855,"12":0.1049774513,"13":0.1049719527,"14":0.1049634516,"15":0.1049537584,"16":0.1049431786,"17":0.1049338281,"18":0.1049235538,"19":0.1049135998,"20":0.1049051434,"21":0.1048971936,"22":0.1048882902,"23":0.1048792824,"24":0.1048675105,"25":0.1048597693,"26":0.1048513725,"27":0.1048432589,"28":0.1048361659,"29":0.1048272178,"30":0.1048197895,"31":0.1048099175,"32":0.1048038006,"33":0.1047976166,"34":0.1047931835,"35":0.1047841758,"36":0.1047784537,"37":0.1047704294,"38":0.1047626734,"39":0.1047530621},"mean_squared_error":{"0":0.4406865239,"1":0.4385960996,"2":0.4378571808,"3":0.4374133348,"4":0.4371246696,"5":0.4369285107,"6":0.4367609918,"7":0.4366090596,"8":0.4364731014,"9":0.4363491833,"10":0.4362509251,"11":0.4361586869,"12":0.436081022,"13":0.436016202,"14":0.4359311759,"15":0.4358308911,"16":0.4357348084,"17":0.4356301725,"18":0.4355410337,"19":0.4354463518,"20":0.4353555441,"21":0.435267657,"22":0.4351842701,"23":0.4350930452,"24":0.4350016117,"25":0.4348949194,"26":0.4347880483,"27":0.4347125292,"28":0.4346316755,"29":0.43455109,"30":0.4344747365,"31":0.4344005287,"32":0.4343307912,"33":0.4342418611,"34":0.4341921806,"35":0.4341006577,"36":0.4340389371,"37":0.4339409769,"38":0.4338833988,"39":0.4338054657},"val_loss":{"0":0.2094051391,"1":0.2091734111,"2":0.208911106,"3":0.2087890804,"4":0.2087702006,"5":0.2087269723,"6":0.2086598426,"7":0.2085810453,"8":0.2084906101,"9":0.2084477693,"10":0.2083789408,"11":0.2083489299,"12":0.2082909942,"13":0.2083066553,"14":0.2082467675,"15":0.2082232982,"16":0.2081509978,"17":0.2081373036,"18":0.2081108689,"19":0.2081039846,"20":0.2080789059,"21":0.2080723345,"22":0.2080488205,"23":0.2080430388,"24":0.208020851,"25":0.2080408484,"26":0.2080331445,"27":0.2080207467,"28":0.2080347836,"29":0.2079893053,"30":0.2080353796,"31":0.2080398053,"32":0.2080053985,"33":0.2080148011,"34":0.2080281675,"35":0.208023563,"36":0.2080275267,"37":0.2080564797,"38":0.2080609202,"39":0.2080541253},"val_mean_squared_logarithmic_error":{"0":0.0829338953,"1":0.0828565732,"2":0.0827462822,"3":0.0828043073,"4":0.0828568935,"5":0.0829016566,"6":0.0828988701,"7":0.0828845054,"8":0.0828710347,"9":0.0828594491,"10":0.082851693,"11":0.0828482062,"12":0.0828541517,"13":0.0828642249,"14":0.0828951895,"15":0.0829047635,"16":0.0829361007,"17":0.0829425678,"18":0.0829845741,"19":0.0829950571,"20":0.0830166936,"21":0.0830401704,"22":0.0830545202,"23":0.0830701068,"24":0.083104901,"25":0.0831348896,"26":0.0831713006,"27":0.0831915587,"28":0.0832283422,"29":0.0832538977,"30":0.0832728744,"31":0.0833054408,"32":0.0833329037,"33":0.0833580494,"34":0.0833798945,"35":0.0834136531,"36":0.0834447294,"37":0.0834548771,"38":0.0834831968,"39":0.0835071728},"val_mean_squared_error":{"0":0.2923314571,"1":0.2923775017,"2":0.2925147712,"3":0.292804122,"4":0.2930317223,"5":0.2931751907,"6":0.2932045758,"7":0.2933078706,"8":0.2933519781,"9":0.2933966517,"10":0.2934387326,"11":0.293456465,"12":0.2935318947,"13":0.2936091423,"14":0.2937050462,"15":0.2937401831,"16":0.2938572466,"17":0.2939502597,"18":0.2940912843,"19":0.2941436172,"20":0.294200629,"21":0.294285059,"22":0.2943544984,"23":0.2944066226,"24":0.2945011258,"25":0.2945584059,"26":0.2946668565,"27":0.2947184741,"28":0.2947766781,"29":0.2948396504,"30":0.294916153,"31":0.2950191498,"32":0.295125097,"33":0.2952121794,"34":0.2952797711,"35":0.2953803241,"36":0.2955061495,"37":0.2955320776,"38":0.2956738472,"39":0.2957454622}}