{"loss":{"0":0.2355223,"1":0.2297816724,"2":0.2290470153,"3":0.2286578864,"4":0.228392899,"5":0.2282174975,"6":0.2280830294,"7":0.2279698402,"8":0.2278563231,"9":0.2277681828,"10":0.2276805192,"11":0.2276016027,"12":0.2275295109,"13":0.2274633795,"14":0.2273790836,"15":0.2273348272,"16":0.2272752225,"17":0.2272167057,"18":0.2271583527,"19":0.2271019965,"20":0.2270557433,"21":0.2270114571,"22":0.2269668728,"23":0.2269204259,"24":0.2268790007,"25":0.2268456072,"26":0.2267982662,"27":0.2267608345,"28":0.2267201841,"29":0.2266829312,"30":0.2266454995,"31":0.2266132087,"32":0.2265816778,"33":0.2265464067,"34":0.2265153825},"mean_squared_logarithmic_error":{"0":0.0988082811,"1":0.0956944376,"2":0.0955361649,"3":0.0954743326,"4":0.0954384729,"5":0.0954262316,"6":0.0954116508,"7":0.0953965783,"8":0.095386833,"9":0.0953737423,"10":0.0953667909,"11":0.0953566954,"12":0.0953446105,"13":0.0953331739,"14":0.0953409076,"15":0.0953459591,"16":0.0953321084,"17":0.0953191668,"18":0.0953123197,"19":0.0953053832,"20":0.0952979103,"21":0.0952937752,"22":0.0952863097,"23":0.095284164,"24":0.095277667,"25":0.0952716172,"26":0.0952658877,"27":0.0952592641,"28":0.0952529982,"29":0.0952479839,"30":0.0952431932,"31":0.0952349901,"32":0.0952328742,"33":0.0952255204,"34":0.0952235162},"mean_squared_error":{"0":0.3691051602,"1":0.3467014432,"2":0.3450463414,"3":0.3442324102,"4":0.3437651396,"5":0.3434548974,"6":0.3431875408,"7":0.3429762125,"8":0.3427938819,"9":0.3426354527,"10":0.3424934447,"11":0.3423618078,"12":0.3422178924,"13":0.3421133459,"14":0.3422287107,"15":0.3423269093,"16":0.3422237337,"17":0.3421390951,"18":0.3420167863,"19":0.3419337571,"20":0.3418189883,"21":0.3417612612,"22":0.341678977,"23":0.3415992856,"24":0.3415289223,"25":0.3414627016,"26":0.3413799703,"27":0.3413036466,"28":0.3412344158,"29":0.3411706984,"30":0.3411022723,"31":0.3410282433,"32":0.3409824073,"33":0.3409291506,"34":0.3408808112},"val_loss":{"0":0.1601661891,"1":0.1601204872,"2":0.1600740999,"3":0.1600900143,"4":0.1600078195,"5":0.1600177288,"6":0.1600132287,"7":0.1600168794,"8":0.1599976271,"9":0.1599801332,"10":0.1599756032,"11":0.1599241793,"12":0.159863919,"13":0.159710899,"14":0.1595419347,"15":0.1594589949,"16":0.1594411433,"17":0.1594279706,"18":0.1593846381,"19":0.1593710482,"20":0.1593593955,"21":0.1593730152,"22":0.1593602598,"23":0.1593668908,"24":0.1592974514,"25":0.1593305767,"26":0.1593229473,"27":0.1593220681,"28":0.1593227535,"29":0.1593351811,"30":0.1593387127,"31":0.1593342125,"32":0.1593398303,"33":0.1593351513,"34":0.1593490541},"val_mean_squared_logarithmic_error":{"0":0.0678862184,"1":0.0678861812,"2":0.0678377375,"3":0.0678103194,"4":0.067851305,"5":0.0678735971,"6":0.0678743869,"7":0.067900084,"8":0.0679295883,"9":0.0679362491,"10":0.0679540113,"11":0.0679725111,"12":0.0679766536,"13":0.0680092871,"14":0.0680564865,"15":0.0680741295,"16":0.068088375,"17":0.0681086928,"18":0.0681262538,"19":0.0681297854,"20":0.0681499839,"21":0.0681622252,"22":0.0681824237,"23":0.0681823269,"24":0.068189092,"25":0.0682011992,"26":0.0682252571,"27":0.0682331622,"28":0.0682469904,"29":0.0682604834,"30":0.0682812184,"31":0.0682875961,"32":0.0683024526,"33":0.0683067068,"34":0.0683282763},"val_mean_squared_error":{"0":0.2140105814,"1":0.2131646276,"2":0.212671876,"3":0.2126107365,"4":0.2125891894,"5":0.2124601752,"6":0.2123444825,"7":0.2122224271,"8":0.2121365815,"9":0.2120524347,"10":0.2120041102,"11":0.2119544446,"12":0.2118468434,"13":0.212005496,"14":0.2122727036,"15":0.2122354954,"16":0.212179333,"17":0.2121523023,"18":0.2121430337,"19":0.2121090442,"20":0.2121235579,"21":0.2121097147,"22":0.212115258,"23":0.2120988816,"24":0.2120954245,"25":0.2120766342,"26":0.2120949477,"27":0.2120559663,"28":0.2120502442,"29":0.2120476663,"30":0.2120749801,"31":0.2120648175,"32":0.2120922357,"33":0.2120889127,"34":0.2121111155}}