{"loss":{"0":0.2928816974,"1":0.292553097,"2":0.2923960388,"3":0.2922611833,"4":0.2921548188,"5":0.2920542359,"6":0.2919629216,"7":0.2918800712,"8":0.2918117344,"9":0.291741848,"10":0.2916716337},"mean_squared_logarithmic_error":{"0":0.1211360618,"1":0.1211819351,"2":0.1211927906,"3":0.1211691797,"4":0.1211672798,"5":0.1211564466,"6":0.1211389378,"7":0.1211295351,"8":0.1211175546,"9":0.121095486,"10":0.1211006865},"mean_squared_error":{"0":0.4796667695,"1":0.4801834822,"2":0.4799554944,"3":0.4796346724,"4":0.4794369638,"5":0.479198128,"6":0.4789494574,"7":0.4787868559,"8":0.4786024988,"9":0.4784114063,"10":0.4782857895},"val_loss":{"0":0.2079029083,"1":0.2080581486,"2":0.2080443799,"3":0.2081032544,"4":0.2081517875,"5":0.2081484646,"6":0.2081458569,"7":0.208089292,"8":0.2080785483,"9":0.2080261856,"10":0.208068803},"val_mean_squared_logarithmic_error":{"0":0.0875196978,"1":0.087478213,"2":0.0876073539,"3":0.0876241773,"4":0.0876779482,"5":0.087728098,"6":0.0876989737,"7":0.0876993909,"8":0.0877021477,"9":0.0877286941,"10":0.0876988992},"val_mean_squared_error":{"0":0.2906244993,"1":0.2904454172,"2":0.2906754017,"3":0.290719837,"4":0.2908029854,"5":0.2908682823,"6":0.2908121943,"7":0.2907669246,"8":0.290748328,"9":0.2907868624,"10":0.2907124162}}