{"loss":{"0":0.3725072145,"1":0.3716594577,"2":0.3713483512,"3":0.3711352944,"4":0.3709527552,"5":0.3707786202,"6":0.3706286252,"7":0.3704952002,"8":0.3703752756,"9":0.3702464402,"10":0.3701069653},"mean_squared_logarithmic_error":{"0":0.1453173459,"1":0.1452714652,"2":0.1453754306,"3":0.1454549581,"4":0.1455254555,"5":0.1455891877,"6":0.1456110179,"7":0.1456119865,"8":0.1455672085,"9":0.1454050541,"10":0.1449683458},"mean_squared_error":{"0":0.6611374617,"1":0.6595893502,"2":0.6590122581,"3":0.6587469578,"4":0.6585104465,"5":0.658260107,"6":0.6579892635,"7":0.6577609777,"8":0.6574895978,"9":0.6569596529,"10":0.6558343172},"val_loss":{"0":0.2603421807,"1":0.260433346,"2":0.260407418,"3":0.2604281008,"4":0.2605127096,"5":0.2605549395,"6":0.2605358958,"7":0.2605276108,"8":0.2606625855,"9":0.2606579959,"10":0.2607472837},"val_mean_squared_logarithmic_error":{"0":0.1064424291,"1":0.1065891609,"2":0.1066438779,"3":0.1067635491,"4":0.1068807542,"5":0.1069591045,"6":0.1070131585,"7":0.1070689783,"8":0.1071117446,"9":0.1071432531,"10":0.1071975157},"val_mean_squared_error":{"0":0.3901351392,"1":0.3902365267,"2":0.390216738,"3":0.3903649151,"4":0.3905586898,"5":0.3906917572,"6":0.3907831013,"7":0.3909137547,"8":0.3910682797,"9":0.3911337852,"10":0.3912717402}}