{"loss":{"0":0.2919074595,"1":0.2905839086,"2":0.2901628315,"3":0.2899125516,"4":0.2897209823,"5":0.2895547748,"6":0.2894023955,"7":0.2892550826,"8":0.2891495526,"9":0.2890594602,"10":0.288957268,"11":0.2888840437,"12":0.2888150811,"13":0.2887424231,"14":0.2886744142,"15":0.2886022627,"16":0.288547188,"17":0.2884889841,"18":0.2884281278,"19":0.2883712053,"20":0.2883205712,"21":0.2882558107,"22":0.2881957889,"23":0.2881334722,"24":0.2880841494,"25":0.2880358994,"26":0.28798002,"27":0.2879292369,"28":0.2878706753,"29":0.2878181338,"30":0.2877689898,"31":0.287719816,"32":0.2876649201,"33":0.287615031,"34":0.2875599265,"35":0.2875013351,"36":0.2874553502,"37":0.2874000371,"38":0.2873460054,"39":0.2872860432,"40":0.2872377336,"41":0.2871936262,"42":0.2871434689,"43":0.2870935798,"44":0.2870467603,"45":0.2869907916,"46":0.2869468927,"47":0.2868953049,"48":0.2868483067,"49":0.2868003845,"50":0.286747098,"51":0.2866954505},"mean_squared_logarithmic_error":{"0":0.1180717796,"1":0.118858017,"2":0.1187106967,"3":0.1186440215,"4":0.1186168715,"5":0.1185391694,"6":0.1185106263,"7":0.1185132191,"8":0.1185309812,"9":0.1185181215,"10":0.1185172871,"11":0.1185076162,"12":0.118490234,"13":0.1184787601,"14":0.1184838936,"15":0.1184734255,"16":0.1184578687,"17":0.1184447333,"18":0.1184398532,"19":0.1184266806,"20":0.1184141561,"21":0.1184049174,"22":0.1183976606,"23":0.1183822751,"24":0.1183763742,"25":0.1183680445,"26":0.1183620393,"27":0.1183560789,"28":0.1183496192,"29":0.1183374301,"30":0.1183183789,"31":0.1183225811,"32":0.1183248684,"33":0.1183098331,"34":0.1183064133,"35":0.1182977334,"36":0.1182809249,"37":0.1182771176,"38":0.1182746291,"39":0.1182720885,"40":0.1182629094,"41":0.1182622463,"42":0.1182462797,"43":0.1182492152,"44":0.1182457954,"45":0.1182434633,"46":0.1182319075,"47":0.1182327271,"48":0.1182291582,"49":0.1182237491,"50":0.1182201281,"51":0.1182175353},"mean_squared_error":{"0":0.4962004423,"1":0.497415185,"2":0.4963724911,"3":0.4958641231,"4":0.4955945611,"5":0.4950694144,"6":0.4947119951,"7":0.4944330752,"8":0.4943118989,"9":0.4941872358,"10":0.4940569997,"11":0.4939224124,"12":0.4937730432,"13":0.4936307073,"14":0.4935316741,"15":0.4934262037,"16":0.4933074415,"17":0.4931924641,"18":0.4930966794,"19":0.4929833412,"20":0.4928834438,"21":0.4927696884,"22":0.4926666617,"23":0.4925428927,"24":0.4924428463,"25":0.492341429,"26":0.4922484756,"27":0.4921551943,"28":0.4920617044,"29":0.4919484258,"30":0.4918289781,"31":0.4917370081,"32":0.4916502237,"33":0.4915323555,"34":0.4914327264,"35":0.4912960529,"36":0.4911932647,"37":0.4910728931,"38":0.4909684062,"39":0.4908695221,"40":0.4907506406,"41":0.4906801581,"42":0.4905333221,"43":0.4904299378,"44":0.4903416634,"45":0.4902201295,"46":0.4901108444,"47":0.4900222123,"48":0.4899190068,"49":0.489854008,"50":0.4897233844,"51":0.4896351695},"val_loss":{"0":0.200688228,"1":0.2007401139,"2":0.1993036419,"3":0.1983667314,"4":0.1980850548,"5":0.1979302168,"6":0.1978344619,"7":0.1978180856,"8":0.1975885779,"9":0.1976023614,"10":0.1975470036,"11":0.1976388842,"12":0.1975884885,"13":0.1974662989,"14":0.1974562109,"15":0.1974369437,"16":0.1974175572,"17":0.1975157112,"18":0.1973787695,"19":0.1972504556,"20":0.1971967667,"21":0.1971447021,"22":0.1971891671,"23":0.1971559525,"24":0.1971819699,"25":0.1970687807,"26":0.1970953643,"27":0.1971115619,"28":0.1971705258,"29":0.1971144825,"30":0.1970494688,"31":0.1970656663,"32":0.1970202625,"33":0.1971327513,"34":0.197085306,"35":0.1971159726,"36":0.1970345527,"37":0.1970699131,"38":0.19703798,"39":0.1970975399,"40":0.1970178336,"41":0.1970130205,"42":0.1971426159,"43":0.1970955282,"44":0.1970852166,"45":0.1971191764,"46":0.1972216219,"47":0.1971795857,"48":0.1971953213,"49":0.1973029524,"50":0.1973621547,"51":0.197292611},"val_mean_squared_logarithmic_error":{"0":0.0843363851,"1":0.0843850747,"2":0.0836919174,"3":0.0833725482,"4":0.0832931399,"5":0.0832817331,"6":0.0832429677,"7":0.0831786543,"8":0.083214201,"9":0.0832352117,"10":0.083223477,"11":0.0832805857,"12":0.0832839757,"13":0.0832939371,"14":0.0832578391,"15":0.0832409635,"16":0.0832203552,"17":0.0832154378,"18":0.0832283646,"19":0.0832405984,"20":0.08316762,"21":0.0832173228,"22":0.083181344,"23":0.0831839144,"24":0.0831823796,"25":0.0832368061,"26":0.0832400247,"27":0.0832565576,"28":0.0832177624,"29":0.0832006037,"30":0.0831983462,"31":0.0832566544,"32":0.0832519904,"33":0.0832090303,"34":0.0832710564,"35":0.0832587779,"36":0.0832298696,"37":0.0832696706,"38":0.0832547694,"39":0.0832817033,"40":0.0832962543,"41":0.0832844377,"42":0.0833352283,"43":0.0833625272,"44":0.0833922774,"45":0.0833993927,"46":0.0834554434,"47":0.083476305,"48":0.0834711641,"49":0.0835081935,"50":0.0835200995,"51":0.0835779384},"val_mean_squared_error":{"0":0.2771175206,"1":0.2775507569,"2":0.2755289376,"3":0.2744399905,"4":0.2740648687,"5":0.2739591897,"6":0.2738802731,"7":0.2737826109,"8":0.2738130987,"9":0.2738598287,"10":0.2738240063,"11":0.2739551663,"12":0.2739595473,"13":0.2739810944,"14":0.2739346623,"15":0.2738987505,"16":0.2738846838,"17":0.2739137113,"18":0.2739292681,"19":0.2739354372,"20":0.2738240361,"21":0.2739244401,"22":0.2738685608,"23":0.2738936841,"24":0.2739277482,"25":0.2740365565,"26":0.2740714848,"27":0.2741462588,"28":0.2741115987,"29":0.2740648091,"30":0.2740603983,"31":0.2742053568,"32":0.2742053866,"33":0.2741448581,"34":0.2742707431,"35":0.2742929757,"36":0.2742424011,"37":0.2743746936,"38":0.2743533254,"39":0.2744405568,"40":0.2744781673,"41":0.2744689286,"42":0.2746208012,"43":0.2746851444,"44":0.2747414112,"45":0.2747889459,"46":0.2749320269,"47":0.2749908566,"48":0.2750062943,"49":0.2751438916,"50":0.2752087712,"51":0.2753184736}}