{"loss":{"0":0.2658827305,"1":0.2600908577,"2":0.258554101,"3":0.2575282753,"4":0.2570003271,"5":0.2566416264,"6":0.2564008534,"7":0.2562028766,"8":0.2560341358,"9":0.2558769584,"10":0.2557324171,"11":0.2555949986,"12":0.2554506063,"13":0.2553299367,"14":0.2552193105,"15":0.2551139891,"16":0.2550103962,"17":0.2549165785,"18":0.2548212409},"mean_squared_logarithmic_error":{"0":0.0997332111,"1":0.0959228054,"2":0.0946176648,"3":0.0940610468,"4":0.0940658376,"5":0.0940937549,"6":0.0941170752,"7":0.0941399038,"8":0.0941540897,"9":0.0941647142,"10":0.0941718146,"11":0.0941751823,"12":0.0941723064,"13":0.0941735134,"14":0.0941741765,"15":0.0941839516,"16":0.0941824168,"17":0.0941806212,"18":0.0941790417},"mean_squared_error":{"0":0.4390611947,"1":0.41510427,"2":0.4101149738,"3":0.4074666202,"4":0.4070634842,"5":0.407025367,"6":0.407071799,"7":0.4071461558,"8":0.407102108,"9":0.4070083499,"10":0.4069345593,"11":0.4068000019,"12":0.4066337645,"13":0.4065082669,"14":0.4064147472,"15":0.4063704312,"16":0.4062496424,"17":0.4061357975,"18":0.4060193598},"val_loss":{"0":0.1983424127,"1":0.1970456392,"2":0.1964258552,"3":0.1961657256,"4":0.1959637403,"5":0.1958010495,"6":0.1956837773,"7":0.1955766976,"8":0.1955436617,"9":0.1955995262,"10":0.195654273,"11":0.1956631541,"12":0.1956798434,"13":0.1957156062,"14":0.1956943423,"15":0.1957085282,"16":0.1957255751,"17":0.1956765205,"18":0.1957233846},"val_mean_squared_logarithmic_error":{"0":0.0750626177,"1":0.0746551156,"2":0.0742964894,"3":0.0743832886,"4":0.0744508654,"5":0.0745359436,"6":0.0746037513,"7":0.074665688,"8":0.0747025535,"9":0.0747662708,"10":0.074829258,"11":0.0748810992,"12":0.0749411434,"13":0.0750268623,"14":0.0750822276,"15":0.0751515776,"16":0.0752084479,"17":0.0752411708,"18":0.0752759874},"val_mean_squared_error":{"0":0.2867884338,"1":0.2858571112,"2":0.2844519019,"3":0.2840825021,"4":0.2838611901,"5":0.2839315832,"6":0.2838346362,"7":0.2837254405,"8":0.2835735977,"9":0.2834183574,"10":0.2833430767,"11":0.28327474,"12":0.2832954526,"13":0.2833941281,"14":0.2834608853,"15":0.2835710645,"16":0.283647418,"17":0.2837055624,"18":0.2837561667}}