{"loss":{"0":0.2018245161,"1":0.2019988894,"2":0.2018713206,"3":0.2017648518,"4":0.2016960829,"5":0.2016052008,"6":0.2015189379,"7":0.2014399171,"8":0.2013576925,"9":0.2012973279,"10":0.2012306154,"11":0.2011699528,"12":0.2011117339,"13":0.2010650337,"14":0.2010092437,"15":0.2009577155,"16":0.2009100765,"17":0.2008612454,"18":0.2008172721,"19":0.2007766813,"20":0.2007276714,"21":0.2006833106,"22":0.2006469816,"23":0.2006079853,"24":0.2005669624,"25":0.2005310208,"26":0.2004954517,"27":0.2004595846,"28":0.2004317939,"29":0.2003962994,"30":0.200362429,"31":0.2003372461,"32":0.20031178,"33":0.2002732903,"34":0.2002497613,"35":0.2002183348,"36":0.200187251,"37":0.2001521736,"38":0.2001181841,"39":0.200085327,"40":0.2000533789,"41":0.2000247389,"42":0.1999886632,"43":0.1999616027,"44":0.1999276876,"45":0.1998922825,"46":0.1998600364,"47":0.1998317391,"48":0.1997950226,"49":0.1997630894,"50":0.1997339129,"51":0.1997010559,"52":0.199675858,"53":0.199644044,"54":0.1996103376,"55":0.1995811015,"56":0.1995568722,"57":0.199526906,"58":0.1994964629,"59":0.1994615197,"60":0.199435547,"61":0.199407205,"62":0.1993800551,"63":0.1993509531,"64":0.1993250698},"mean_squared_logarithmic_error":{"0":0.08471293,"1":0.084773913,"2":0.0848033279,"3":0.0848055854,"4":0.0848007128,"5":0.0847916901,"6":0.0847850963,"7":0.0847893506,"8":0.0848012269,"9":0.0848065913,"10":0.0848158002,"11":0.0848246366,"12":0.0848314241,"13":0.084838897,"14":0.0848489329,"15":0.0848563835,"16":0.0848629624,"17":0.0848679543,"18":0.0848732516,"19":0.0848786607,"20":0.0848833174,"21":0.0848859176,"22":0.0848872289,"23":0.0848913193,"24":0.0848980024,"25":0.0849019065,"26":0.0849063769,"27":0.0849078968,"28":0.0849115998,"29":0.0849138424,"30":0.0849174187,"31":0.084917739,"32":0.084918499,"33":0.0849184841,"34":0.0849181488,"35":0.0849142894,"36":0.0849155188,"37":0.0849130601,"38":0.084908843,"39":0.0849067569,"40":0.0849028453,"41":0.0848980621,"42":0.0848938748,"43":0.0848892927,"44":0.0848828554,"45":0.0848815218,"46":0.0848746374,"47":0.0848727077,"48":0.0848666281,"49":0.0848637,"50":0.0848565325,"51":0.0848532468,"52":0.0848482549,"53":0.0848431215,"54":0.0848387331,"55":0.084834449,"56":0.0848311335,"57":0.0848250985,"58":0.0848201811,"59":0.0848152414,"60":0.0848088562,"61":0.0848060623,"62":0.084802635,"63":0.0847973302,"64":0.0847943351},"mean_squared_error":{"0":0.2891763747,"1":0.2909604013,"2":0.290966481,"3":0.2909393609,"4":0.2910228372,"5":0.291097194,"6":0.2911195755,"7":0.2911127806,"8":0.2911089659,"9":0.2911070287,"10":0.2910978794,"11":0.2910631001,"12":0.2910270393,"13":0.2909798324,"14":0.290964067,"15":0.2909522355,"16":0.2909404933,"17":0.2909070253,"18":0.2908845544,"19":0.2908705473,"20":0.2908476889,"21":0.290825516,"22":0.2907985747,"23":0.2907760441,"24":0.2907676995,"25":0.2907451093,"26":0.2907328904,"27":0.2907322645,"28":0.290741533,"29":0.2907262444,"30":0.2907289267,"31":0.2907162309,"32":0.2906987667,"33":0.2906768918,"34":0.2906547487,"35":0.2906191051,"36":0.2906014621,"37":0.2905649245,"38":0.2905372381,"39":0.2905064821,"40":0.2904967368,"41":0.2904663384,"42":0.2904304862,"43":0.2904040217,"44":0.2903716564,"45":0.2903576493,"46":0.2903419733,"47":0.290309757,"48":0.2902719975,"49":0.290224731,"50":0.2901834846,"51":0.2901649773,"52":0.2901425064,"53":0.2901153862,"54":0.2900854647,"55":0.290073514,"56":0.2900573611,"57":0.2900288403,"58":0.2900123298,"59":0.2899717093,"60":0.2899495065,"61":0.289925456,"62":0.2899078727,"63":0.2898762524,"64":0.2898591459},"val_loss":{"0":0.142523244,"1":0.1424498409,"2":0.1423118562,"3":0.1422504336,"4":0.1422096193,"5":0.1421829015,"6":0.1421528608,"7":0.1421101689,"8":0.142021805,"9":0.1419804841,"10":0.1419451237,"11":0.1418816149,"12":0.1418370754,"13":0.1417892724,"14":0.1417778134,"15":0.1417433769,"16":0.1417459846,"17":0.1417280436,"18":0.1418011487,"19":0.1417470276,"20":0.1416976005,"21":0.1417011917,"22":0.1417324096,"23":0.1416995674,"24":0.1417171359,"25":0.1416922361,"26":0.1416520029,"27":0.1416778415,"28":0.1416516006,"29":0.1416369081,"30":0.1416093856,"31":0.1416357309,"32":0.1416117698,"33":0.1415994167,"34":0.1416027844,"35":0.1415934712,"36":0.1415866464,"37":0.1416178793,"38":0.1415540874,"39":0.1415425837,"40":0.1415419281,"41":0.1415842474,"42":0.14155972,"43":0.1415410489,"44":0.1415338665,"45":0.1415355504,"46":0.141536206,"47":0.1415110826,"48":0.1415419281,"49":0.1415370554,"50":0.1415436417,"51":0.1415791959,"52":0.14156726,"53":0.1415805072,"54":0.1415098906,"55":0.1415161192,"56":0.1416005641,"57":0.1415560693,"58":0.1415705532,"59":0.1415735781,"60":0.141552344,"61":0.1416335553,"62":0.1416026503,"63":0.1415798664,"64":0.1416053474},"val_mean_squared_logarithmic_error":{"0":0.0609301403,"1":0.0609078333,"2":0.0609376281,"3":0.0610106029,"4":0.0610767826,"5":0.061116904,"6":0.0611381792,"7":0.0611565709,"8":0.0611963011,"9":0.0612225309,"10":0.0612341911,"11":0.061245203,"12":0.0612444133,"13":0.061264433,"14":0.0612809993,"15":0.0613012053,"16":0.0613186955,"17":0.0613547899,"18":0.0613684617,"19":0.0613916963,"20":0.0614221506,"21":0.0614459403,"22":0.0614635311,"23":0.0614842214,"24":0.0615087077,"25":0.0615260229,"26":0.0615396462,"27":0.0615383349,"28":0.0615506247,"29":0.061571382,"30":0.0615805648,"31":0.0615823194,"32":0.061586719,"33":0.0615978576,"34":0.061610911,"35":0.0616156086,"36":0.0616273433,"37":0.0616255961,"38":0.0616415367,"39":0.0616433695,"40":0.0616633371,"41":0.0616673827,"42":0.0616689436,"43":0.0616800822,"44":0.0616846494,"45":0.0616817288,"46":0.0616819263,"47":0.0616865344,"48":0.0616783276,"49":0.0616962463,"50":0.0617065802,"51":0.0617099702,"52":0.0617027543,"53":0.061700657,"54":0.061717432,"55":0.0617233701,"56":0.0617245622,"57":0.0617375188,"58":0.0617489591,"59":0.0617538802,"60":0.061759714,"61":0.0617572889,"62":0.0617569499,"63":0.0617761575,"64":0.061778482},"val_mean_squared_error":{"0":0.1803291291,"1":0.1800932139,"2":0.180175364,"3":0.1803265512,"4":0.1806609333,"5":0.1809072644,"6":0.1810530126,"7":0.1811136901,"8":0.1811921,"9":0.1812840551,"10":0.1813038737,"11":0.1812760979,"12":0.1812240183,"13":0.1812093556,"14":0.1811863035,"15":0.1811687201,"16":0.1811541319,"17":0.1811947078,"18":0.1812086254,"19":0.1812233329,"20":0.1812607348,"21":0.1812931597,"22":0.181328252,"23":0.1813418716,"24":0.1813807636,"25":0.1813949943,"26":0.1813783646,"27":0.1813734621,"28":0.1813793331,"29":0.1813996583,"30":0.181420818,"31":0.1814154983,"32":0.1814194471,"33":0.1814372092,"34":0.1814674586,"35":0.1814779639,"36":0.1815031767,"37":0.1814889163,"38":0.1815078259,"39":0.1815080047,"40":0.1815549582,"41":0.1815569252,"42":0.1815598607,"43":0.1815823764,"44":0.1815934777,"45":0.1815918833,"46":0.181603089,"47":0.1816070974,"48":0.1816092581,"49":0.1816329211,"50":0.1816382855,"51":0.1816432774,"52":0.1816218197,"53":0.1816040277,"54":0.181615606,"55":0.1816173345,"56":0.1816191673,"57":0.1816305518,"58":0.1816458106,"59":0.181652844,"60":0.1816438437,"61":0.1816380769,"62":0.1816100031,"63":0.1816270351,"64":0.1816292852}}