{"loss":{"0":0.2244856656,"1":0.2239571214,"2":0.2237129956,"3":0.2235811055,"4":0.2234765142,"5":0.2233840078,"6":0.2233001739,"7":0.2232283801,"8":0.2231733203,"9":0.2231221944,"10":0.2230812907,"11":0.2230309099,"12":0.2229889482},"mean_squared_logarithmic_error":{"0":0.0937596858,"1":0.0936122015,"2":0.0935891196,"3":0.0935926288,"4":0.0935855806,"5":0.0935736597,"6":0.0935649872,"7":0.0935598314,"8":0.0935578719,"9":0.0935577229,"10":0.0935569778,"11":0.0935588926,"12":0.0935593992},"mean_squared_error":{"0":0.3369095922,"1":0.3373887241,"2":0.3370712996,"3":0.3369646668,"4":0.336832881,"5":0.3366820514,"6":0.3365508616,"7":0.3364223242,"8":0.3363778293,"9":0.3363652825,"10":0.3363598883,"11":0.3363482952,"12":0.3363178968},"val_loss":{"0":0.171948269,"1":0.1718019396,"2":0.1716422141,"3":0.1717864126,"4":0.1719412506,"5":0.1720430702,"6":0.1720433086,"7":0.1719863415,"8":0.1720098704,"9":0.172052905,"10":0.1720838696,"11":0.1720333248,"12":0.1720225364},"val_mean_squared_logarithmic_error":{"0":0.072656855,"1":0.0727424994,"2":0.0727763474,"3":0.0727548972,"4":0.0727645606,"5":0.0727825537,"6":0.0728705078,"7":0.0729485005,"8":0.0730310827,"9":0.0730946213,"10":0.0731454119,"11":0.0731714517,"12":0.0731874034},"val_mean_squared_error":{"0":0.2327870727,"1":0.2331369966,"2":0.2329415083,"3":0.2322553843,"4":0.2320018262,"5":0.231868729,"6":0.2320703715,"7":0.2324008495,"8":0.2327530533,"9":0.2330645323,"10":0.2332026958,"11":0.2331693918,"12":0.233101666}}