{"loss":{"0":0.3628505468,"1":0.3622129858,"2":0.3619898558,"3":0.3618381321,"4":0.3617140651,"5":0.3615894914,"6":0.3614717126,"7":0.3612196743,"8":0.360783875,"9":0.3605408967,"10":0.3603700995,"11":0.3602183163,"12":0.3600610495,"13":0.3599278033,"14":0.3597895801,"15":0.3596735895,"16":0.3595606387,"17":0.3594504893,"18":0.3593423069,"19":0.3592394888,"20":0.359136343,"21":0.3590255082,"22":0.3589193523,"23":0.3588117957,"24":0.3586857617,"25":0.3585742414},"mean_squared_logarithmic_error":{"0":0.1496008784,"1":0.1495082378,"2":0.1493763626,"3":0.1491967589,"4":0.1489385366,"5":0.1485708058,"6":0.1478866339,"7":0.1462819278,"8":0.1452615261,"9":0.1450330466,"10":0.1449365169,"11":0.1448825151,"12":0.1448649615,"13":0.1448690593,"14":0.1448891014,"15":0.1448942721,"16":0.1448841542,"17":0.1448515952,"18":0.1448074132,"19":0.1447474509,"20":0.1446522772,"21":0.1445557624,"22":0.1444222927,"23":0.1442718059,"24":0.1441162527,"25":0.1439732313},"mean_squared_error":{"0":0.6297807097,"1":0.6276321411,"2":0.6268455982,"3":0.6262047291,"4":0.6254630089,"5":0.6245126724,"6":0.6229459643,"7":0.6187724471,"8":0.6156290174,"9":0.6145793796,"10":0.6139321327,"11":0.6134346724,"12":0.6130428314,"13":0.612749517,"14":0.6124968529,"15":0.6122342348,"16":0.6119509935,"17":0.6116670966,"18":0.6113687158,"19":0.6110265255,"20":0.6106209159,"21":0.6102012396,"22":0.6097234488,"23":0.6092053056,"24":0.608668685,"25":0.6081683636},"val_loss":{"0":0.2692531943,"1":0.2693333328,"2":0.2691412568,"3":0.2690553963,"4":0.2690783441,"5":0.2690405846,"6":0.2691619694,"7":0.2691425681,"8":0.2692178786,"9":0.2690982223,"10":0.2690797746,"11":0.2690913677,"12":0.2689828575,"13":0.2690288126,"14":0.2689540088,"15":0.2688888013,"16":0.2689358592,"17":0.2689764202,"18":0.2689906359,"19":0.2690345347,"20":0.2690198123,"21":0.2690303624,"22":0.2691079378,"23":0.2690698504,"24":0.269094944,"25":0.2691066861},"val_mean_squared_logarithmic_error":{"0":0.1115825102,"1":0.111770466,"2":0.1116368994,"3":0.1116437539,"4":0.1116203442,"5":0.1115675941,"6":0.1115247607,"7":0.1113474667,"8":0.111208424,"9":0.1112133488,"10":0.1112009138,"11":0.111140199,"12":0.111142613,"13":0.1111335978,"14":0.1111235023,"15":0.111091651,"16":0.1111330837,"17":0.1111742258,"18":0.1111614108,"19":0.1112100258,"20":0.111223571,"21":0.1112430915,"22":0.1112191528,"23":0.1112349033,"24":0.1112189442,"25":0.1112249419},"val_mean_squared_error":{"0":0.4115514755,"1":0.4119877517,"2":0.4117940664,"3":0.4118231237,"4":0.4117131531,"5":0.4115998149,"6":0.4115337729,"7":0.41124174,"8":0.4110283852,"9":0.411021024,"10":0.411005795,"11":0.4109124541,"12":0.4109166265,"13":0.4109226763,"14":0.4108747542,"15":0.4108287096,"16":0.4109426439,"17":0.4110894203,"18":0.4110870361,"19":0.4111841321,"20":0.4112252295,"21":0.4112915397,"22":0.4112625122,"23":0.4113069475,"24":0.4113175869,"25":0.4113604426}}