{"loss":{"0":0.3779286146,"1":0.3720020056,"2":0.3707784712,"3":0.3698334098,"4":0.3690835536,"5":0.3684375286,"6":0.367998451,"7":0.3676618934,"8":0.3673893213,"9":0.3671493828,"10":0.3669300377,"11":0.3667298555,"12":0.3665495217,"13":0.3663562834,"14":0.3661934137,"15":0.3660338819,"16":0.3658846021,"17":0.3657219708,"18":0.3655757904,"19":0.3654319644,"20":0.3652900159,"21":0.3651551604,"22":0.3650314808,"23":0.3649083078,"24":0.3647675812,"25":0.3646500707,"26":0.3645317852,"27":0.3644029498,"28":0.3642984033,"29":0.3641973138,"30":0.364089787,"31":0.3639763296,"32":0.3638742268,"33":0.3637960553,"34":0.3637021184,"35":0.3635950685,"36":0.3635106981},"mean_squared_logarithmic_error":{"0":0.1373874247,"1":0.1335163265,"2":0.1331451237,"3":0.1330306828,"4":0.1330671906,"5":0.1331002414,"6":0.1330866218,"7":0.1330899894,"8":0.1330809295,"9":0.1330623925,"10":0.1330450326,"11":0.1330593228,"12":0.1330593973,"13":0.1330719739,"14":0.1330658644,"15":0.1330817044,"16":0.1330884546,"17":0.133089304,"18":0.1330882609,"19":0.1330951601,"20":0.1330967993,"21":0.1330990344,"22":0.1330998391,"23":0.1331012696,"24":0.1331027299,"25":0.1331081986,"26":0.1331021935,"27":0.1330920309,"28":0.1331014931,"29":0.133091554,"30":0.1330832392,"31":0.1330791563,"32":0.1330754459,"33":0.1330590844,"34":0.133058399,"35":0.1330344975,"36":0.1330325454},"mean_squared_error":{"0":0.7543091178,"1":0.720641315,"2":0.7136150599,"3":0.7091748714,"4":0.7065406442,"5":0.7046242356,"6":0.7027760148,"7":0.7014499903,"8":0.7003208995,"9":0.699190557,"10":0.6981925368,"11":0.697565496,"12":0.6968775988,"13":0.6961782575,"14":0.6955875158,"15":0.6951249242,"16":0.6945750713,"17":0.6940155029,"18":0.6933811903,"19":0.6929887533,"20":0.6923718452,"21":0.6918926835,"22":0.6915367842,"23":0.690970242,"24":0.6903167367,"25":0.6899487972,"26":0.6894282699,"27":0.688788116,"28":0.6883789301,"29":0.6880428791,"30":0.6875400543,"31":0.6868937612,"32":0.6864079237,"33":0.6860523224,"34":0.6854226589,"35":0.6847697496,"36":0.6844838262},"val_loss":{"0":0.3146789074,"1":0.3131782115,"2":0.3116806149,"3":0.3110935986,"4":0.3108672202,"5":0.310821265,"6":0.3107200563,"7":0.3102726638,"8":0.3100825548,"9":0.3099015057,"10":0.3098097146,"11":0.309612602,"12":0.3095563948,"13":0.3094442785,"14":0.3093111515,"15":0.3092043698,"16":0.3091073036,"17":0.3091210127,"18":0.3090253472,"19":0.3089599907,"20":0.3090096712,"21":0.3088827729,"22":0.3088744283,"23":0.3087662458,"24":0.3087376356,"25":0.3087206483,"26":0.3087097406,"27":0.3087176383,"28":0.3088157177,"29":0.3087421358,"30":0.3088350296,"31":0.3088563979,"32":0.3089933693,"33":0.3089678288,"34":0.3089469671,"35":0.3090241253,"36":0.3091257215},"val_mean_squared_logarithmic_error":{"0":0.1176798642,"1":0.1174522936,"2":0.1167792976,"3":0.116718024,"4":0.1169262007,"5":0.1171032563,"6":0.117090553,"7":0.1169641241,"8":0.1169133261,"9":0.1168908849,"10":0.1167677268,"11":0.1167474985,"12":0.1167321429,"13":0.1167242676,"14":0.1167322919,"15":0.1167243347,"16":0.1167242974,"17":0.1167495102,"18":0.116773434,"19":0.1167646199,"20":0.1167707145,"21":0.1168362871,"22":0.1168514788,"23":0.1168581769,"24":0.1168869883,"25":0.1169226617,"26":0.1169275492,"27":0.1169236004,"28":0.1169605479,"29":0.1169810966,"30":0.1169749349,"31":0.1170050055,"32":0.1170496717,"33":0.1170406267,"34":0.1170876473,"35":0.1170980558,"36":0.1171330065},"val_mean_squared_error":{"0":0.5341573358,"1":0.5304723382,"2":0.5279312134,"3":0.5273410082,"4":0.5277665257,"5":0.528322041,"6":0.5284520984,"7":0.5281416178,"8":0.5279588103,"9":0.5279049873,"10":0.5276792645,"11":0.5275397897,"12":0.5275509953,"13":0.5275350213,"14":0.527466774,"15":0.5275138021,"16":0.5275268555,"17":0.527733326,"18":0.5279501081,"19":0.5280640125,"20":0.5282208323,"21":0.5285459757,"22":0.5286951065,"23":0.5287844539,"24":0.5289350748,"25":0.529060185,"26":0.5291246772,"27":0.5290380716,"28":0.5290259123,"29":0.5289931893,"30":0.5289530158,"31":0.5289979577,"32":0.5291147232,"33":0.5290195346,"34":0.5291665196,"35":0.529127419,"36":0.5293091536}}