{"loss":{"0":0.3609881103,"1":0.3604141772,"2":0.3601357341,"3":0.3599475622,"4":0.3598035872,"5":0.3596608341,"6":0.3595184386,"7":0.3593727052,"8":0.3592319489,"9":0.3591076434,"10":0.3589850366},"mean_squared_logarithmic_error":{"0":0.1484495699,"1":0.1483460963,"2":0.1481316537,"3":0.147907123,"4":0.1476420462,"5":0.147309199,"6":0.1468004435,"7":0.1461990327,"8":0.1457511932,"9":0.1452623159,"10":0.1445812732},"mean_squared_error":{"0":0.6311496496,"1":0.6290253997,"2":0.6278353333,"3":0.6268354654,"4":0.6258631945,"5":0.6248388886,"6":0.6234089732,"7":0.6217743158,"8":0.6204999089,"9":0.6192177534,"10":0.6174753308},"val_loss":{"0":0.2660321891,"1":0.2664300501,"2":0.266408205,"3":0.2663471997,"4":0.2662369311,"5":0.2663599253,"6":0.2664550245,"7":0.266615659,"8":0.2666067779,"9":0.2667706311,"10":0.2668751478},"val_mean_squared_logarithmic_error":{"0":0.1103821173,"1":0.1107710674,"2":0.1107608601,"3":0.1107017919,"4":0.1106415689,"5":0.1106083393,"6":0.1104752719,"7":0.1104169041,"8":0.1103991345,"9":0.110426724,"10":0.1104715765},"val_mean_squared_error":{"0":0.4023810923,"1":0.4031103253,"2":0.403198868,"3":0.4030842483,"4":0.4028960764,"5":0.4027730227,"6":0.4024624527,"7":0.4022697806,"8":0.4022623599,"9":0.4023300111,"10":0.4024971426}}