{"loss":{"0":0.310525775,"1":0.3066398501,"2":0.3049795032,"3":0.3044589758,"4":0.3041248918,"5":0.3038744926,"6":0.3036487699,"7":0.3034412265,"8":0.3032665253,"9":0.303121388,"10":0.3029922843},"mean_squared_logarithmic_error":{"0":0.1193758696,"1":0.1151645929,"2":0.1146400273,"3":0.1145546585,"4":0.1145569757,"5":0.1145769581,"6":0.1146011278,"7":0.1146230921,"8":0.1146516427,"9":0.1146695465,"10":0.1146842167},"mean_squared_error":{"0":0.5069727898,"1":0.4902054667,"2":0.4853606224,"3":0.4842593074,"4":0.4838511348,"5":0.4835740626,"6":0.4833217263,"7":0.4831017256,"8":0.4829308391,"9":0.4827637672,"10":0.4826568961},"val_loss":{"0":0.2223388404,"1":0.2231494337,"2":0.2239163816,"3":0.2241643518,"4":0.2241904736,"5":0.2241273224,"6":0.2240726948,"7":0.2240031958,"8":0.2239911407,"9":0.224007383,"10":0.2238687128},"val_mean_squared_logarithmic_error":{"0":0.090413034,"1":0.0872101188,"2":0.0869766921,"3":0.0871156454,"4":0.0872507915,"5":0.0873860642,"6":0.0875411555,"7":0.0877017453,"8":0.0878222361,"9":0.0878814384,"10":0.0878904909},"val_mean_squared_error":{"0":0.3213223517,"1":0.3130217791,"2":0.3116710484,"3":0.3116337955,"4":0.3119258881,"5":0.3121459782,"6":0.3124445677,"7":0.3127273917,"8":0.3130374849,"9":0.313079834,"10":0.3129047751}}