{"loss":{"0":0.2795712054,"1":0.2791538239,"2":0.2785082161,"3":0.2781801224,"4":0.2780126333,"5":0.2779092193,"6":0.277828902,"7":0.2777476907,"8":0.2776740193,"9":0.2775864005,"10":0.2775078416,"11":0.2774347961,"12":0.2773673534,"13":0.277305752,"14":0.2772420049,"15":0.2771883607},"mean_squared_logarithmic_error":{"0":0.1157845557,"1":0.1153104156,"2":0.114685297,"3":0.1145063937,"4":0.1144622937,"5":0.1144226119,"6":0.1143945828,"7":0.1143876836,"8":0.1143894047,"9":0.1143798232,"10":0.1143642217,"11":0.1143561453,"12":0.1143509001,"13":0.1143455878,"14":0.1143460646,"15":0.1143410355},"mean_squared_error":{"0":0.4608750939,"1":0.4596329033,"2":0.4584779441,"3":0.4581044912,"4":0.457898438,"5":0.4576483667,"6":0.4574483633,"7":0.4572936296,"8":0.4571367502,"9":0.4569529295,"10":0.45673877,"11":0.4565817714,"12":0.4564571381,"13":0.4563424885,"14":0.4562360346,"15":0.456120491},"val_loss":{"0":0.2145585716,"1":0.2127119154,"2":0.2122351974,"3":0.2122418284,"4":0.2122315466,"5":0.2122089267,"6":0.2122714967,"7":0.2122297436,"8":0.2122618407,"9":0.2122884095,"10":0.2122726738,"11":0.2122582644,"12":0.2122749239,"13":0.2122598141,"14":0.2122991383,"15":0.2122751623},"val_mean_squared_logarithmic_error":{"0":0.0894680247,"1":0.089259252,"2":0.088920325,"3":0.0887864903,"4":0.0888254419,"5":0.0889221355,"6":0.0889856815,"7":0.0890671462,"8":0.0890551731,"9":0.0891162008,"10":0.0891014934,"11":0.08912839,"12":0.0891671106,"13":0.0892065167,"14":0.0892464966,"15":0.0892617181},"val_mean_squared_error":{"0":0.3027983904,"1":0.3045695424,"2":0.3033822477,"3":0.3030242324,"4":0.3031329215,"5":0.3034752011,"6":0.3036792874,"7":0.3039123714,"8":0.3038985133,"9":0.303922236,"10":0.3038574755,"11":0.303927809,"12":0.3040209711,"13":0.3041016757,"14":0.3042181134,"15":0.3042736351}}