{"loss":{"0":0.3201945126,"1":0.3201507628,"2":0.3199090362,"3":0.3196907341,"4":0.3195074201,"5":0.3193874359,"6":0.3192877471,"7":0.319206357,"8":0.319119364,"9":0.3190500736,"10":0.3189705014},"mean_squared_logarithmic_error":{"0":0.1295474023,"1":0.131437853,"2":0.131429702,"3":0.1312812716,"4":0.1311100721,"5":0.1310598403,"6":0.1310212314,"7":0.1309998333,"8":0.1309732944,"9":0.1309383363,"10":0.1309087873},"mean_squared_error":{"0":0.5298528671,"1":0.5356078744,"2":0.5352879167,"3":0.5345035195,"4":0.533583343,"5":0.533221662,"6":0.5328786373,"7":0.5326381326,"8":0.5323932171,"9":0.5321208239,"10":0.5318868756},"val_loss":{"0":0.2240471244,"1":0.2242381871,"2":0.2244626284,"3":0.2243956327,"4":0.2243646979,"5":0.2244104296,"6":0.2244275808,"7":0.2244721949,"8":0.2243905365,"9":0.224386096,"10":0.2245102972},"val_mean_squared_logarithmic_error":{"0":0.0935384557,"1":0.0938437209,"2":0.0938259959,"3":0.0938227698,"4":0.0938536376,"5":0.0939690769,"6":0.0940388441,"7":0.0940484032,"8":0.0940664187,"9":0.094045341,"10":0.0939754024},"val_mean_squared_error":{"0":0.3204969168,"1":0.320695132,"2":0.3202836812,"3":0.320268631,"4":0.3204725683,"5":0.3207484186,"6":0.320962429,"7":0.3210708797,"8":0.3210929036,"9":0.3210563064,"10":0.320989728}}