{"loss":{"0":0.4214215279,"1":0.4186440706,"2":0.4173454642,"3":0.4166606963,"4":0.4161945879,"5":0.4158435464,"6":0.4155401289,"7":0.4152945876,"8":0.4150847197,"9":0.4148935974,"10":0.414724201,"11":0.4145456851,"12":0.4143854678,"13":0.4142242074,"14":0.4140705764,"15":0.4138914049,"16":0.4137241542,"17":0.413571775,"18":0.4134314656,"19":0.4132965803},"mean_squared_logarithmic_error":{"0":0.1562813967,"1":0.154251948,"2":0.1548534185,"3":0.1555240005,"4":0.1559704989,"5":0.1562971324,"6":0.1565261781,"7":0.1566847116,"8":0.1568155438,"9":0.1569091827,"10":0.1569741368,"11":0.1570130736,"12":0.1570167094,"13":0.1569887251,"14":0.1569281518,"15":0.1568501294,"16":0.1568088979,"17":0.1568071097,"18":0.1568291634,"19":0.1568641961},"mean_squared_error":{"0":0.7670168877,"1":0.7561998963,"2":0.7550202608,"3":0.7552329302,"4":0.7552971244,"5":0.755268693,"6":0.7550919056,"7":0.7548875809,"8":0.7546755672,"9":0.7544376254,"10":0.7541818023,"11":0.7538812757,"12":0.7535284162,"13":0.7530702353,"14":0.7525638938,"15":0.7518901825,"16":0.7513354421,"17":0.7509545684,"18":0.7507040501,"19":0.7505210042},"val_loss":{"0":0.290867269,"1":0.2909332216,"2":0.2905889153,"3":0.2902247012,"4":0.2900569439,"5":0.2900131941,"6":0.2900397182,"7":0.2899534106,"8":0.2899448276,"9":0.28993541,"10":0.2899930775,"11":0.2899908423,"12":0.290058732,"13":0.2900595963,"14":0.2900701761,"15":0.2900901735,"16":0.2901307046,"17":0.2901735008,"18":0.2901422679,"19":0.2901882529},"val_mean_squared_logarithmic_error":{"0":0.1126940548,"1":0.113674745,"2":0.1142555624,"3":0.1146624461,"4":0.1149913222,"5":0.1152912974,"6":0.1155310571,"7":0.1157226413,"8":0.1158953309,"9":0.1160508394,"10":0.1161858365,"11":0.1162796989,"12":0.1163711771,"13":0.1164431795,"14":0.1165065169,"15":0.1165541932,"16":0.1166194826,"17":0.1166273206,"18":0.1166863292,"19":0.1167527586},"val_mean_squared_error":{"0":0.4444435835,"1":0.4442705512,"2":0.4450534582,"3":0.4455678165,"4":0.4459546506,"5":0.446421653,"6":0.4468785822,"7":0.4472561777,"8":0.4476080835,"9":0.4479120076,"10":0.4481913149,"11":0.4483637214,"12":0.4485518932,"13":0.4486735463,"14":0.4487588108,"15":0.4488350451,"16":0.4489273727,"17":0.4489555061,"18":0.4490563273,"19":0.4491702318}}