{"loss":{"0":0.3684465885,"1":0.365719974,"2":0.3654181361,"3":0.3652410209,"4":0.3650899529,"5":0.364962697,"6":0.3648498058,"7":0.3646511436,"8":0.3644208908,"9":0.3643027246,"10":0.3641456366},"mean_squared_logarithmic_error":{"0":0.1522570401,"1":0.1514030248,"2":0.151308164,"3":0.1511781365,"4":0.1510804147,"5":0.1509907544,"6":0.150667116,"7":0.14940992,"8":0.1490486413,"9":0.1486761868,"10":0.1471644193},"mean_squared_error":{"0":0.6730621457,"1":0.6585707664,"2":0.6574254036,"3":0.6565826535,"4":0.6558716893,"5":0.6552718878,"6":0.6543770432,"7":0.6512673497,"8":0.6500224471,"9":0.6489991546,"10":0.6454803348},"val_loss":{"0":0.2546606958,"1":0.2549866438,"2":0.2550375462,"3":0.2551363409,"4":0.2550126314,"5":0.2549456656,"6":0.254896462,"7":0.2549851835,"8":0.2549200058,"9":0.2548802495,"10":0.2551631331},"val_mean_squared_logarithmic_error":{"0":0.1061855704,"1":0.1064980701,"2":0.1065934375,"3":0.1066943929,"4":0.106689997,"5":0.1066573635,"6":0.1065636948,"7":0.1062612161,"8":0.1061874107,"9":0.1061041802,"10":0.105788134},"val_mean_squared_error":{"0":0.3841408193,"1":0.3841578364,"2":0.3841875792,"3":0.38423419,"4":0.3841114342,"5":0.3839877248,"6":0.3837915361,"7":0.3832587302,"8":0.3830282986,"9":0.3828304112,"10":0.3822753131}}