{"loss":{"0":0.0473771207,"1":0.0358626619,"2":0.0215584487,"3":0.009747806,"4":0.0041121445,"5":0.0017964095,"6":0.0013972494,"7":0.0011281696,"8":0.0010026097,"9":0.0008774978,"10":0.0007834493,"11":0.0007037699,"12":0.0007095329,"13":0.0006120793,"14":0.0006402066,"15":0.0006273892,"16":0.000637127,"17":0.0005588777,"18":0.0005175307,"19":0.0005164503,"20":0.0005233405,"21":0.0005430999,"22":0.0004932015,"23":0.000543151,"24":0.0004880775,"25":0.0004947286,"26":0.0004845753,"27":0.000485261,"28":0.0004688028,"29":0.0005075402,"30":0.0004240342,"31":0.000403978,"32":0.0004159892,"33":0.0003542386,"34":0.0004363033,"35":0.0003846199,"36":0.0003755645,"37":0.0003886197,"38":0.0003631829,"39":0.0003576544,"40":0.0004436302,"41":0.000436229,"42":0.0004007972,"43":0.0003475239,"44":0.0004014356,"45":0.0003965797,"46":0.0004104548,"47":0.0003242354,"48":0.0003381628},"mean_squared_logarithmic_error":{"0":0.0218743253,"1":0.0158668831,"2":0.008377119,"3":0.0027673731,"4":0.0008866037,"5":0.00022199,"6":0.0001640814,"7":0.0001245147,"8":0.000094077,"9":0.0000615719,"10":0.0000442808,"11":0.0000367754,"12":0.000031567,"13":0.0000272818,"14":0.0000233911,"15":0.0000198831,"16":0.0000168791,"17":0.0000141969,"18":0.0000118673,"19":0.0000105346,"20":0.0000091116,"21":0.0000080335,"22":0.0000071053,"23":0.0000062925,"24":0.0000054288,"25":0.0000046755,"26":0.0000039918,"27":0.0000033886,"28":0.0000029495,"29":0.0000027546,"30":0.0000025219,"31":0.0000022017,"32":0.0000021502,"33":0.0000019086,"34":0.000001892,"35":0.000001705,"36":0.0000015992,"37":0.0000016119,"38":0.0000015018,"39":0.0000014802,"40":0.0000014889,"41":0.0000014519,"42":0.0000014341,"43":0.0000014212,"44":0.0000013158,"45":0.0000013169,"46":0.0000013111,"47":0.0000011452,"48":0.0000011494},"mean_squared_error":{"0":0.0443870649,"1":0.0309529454,"2":0.0152123347,"3":0.0048519624,"4":0.0014081516,"5":0.0003584985,"6":0.0002625762,"7":0.0002009103,"8":0.0001528345,"9":0.0000998731,"10":0.0000716088,"11":0.0000592452,"12":0.0000506916,"13":0.0000435079,"14":0.000037471,"15":0.0000322197,"16":0.0000276885,"17":0.0000236219,"18":0.0000200416,"19":0.0000179358,"20":0.000015783,"21":0.0000143211,"22":0.0000126523,"23":0.000011534,"24":0.0000101567,"25":0.0000090512,"26":0.0000080648,"27":0.0000072718,"28":0.0000065755,"29":0.0000062424,"30":0.0000055971,"31":0.0000051762,"32":0.000004881,"33":0.0000044303,"34":0.0000043321,"35":0.000004009,"36":0.0000038268,"37":0.0000037091,"38":0.0000035164,"39":0.0000033466,"40":0.0000035217,"41":0.0000032558,"42":0.0000031241,"43":0.0000028812,"44":0.0000029281,"45":0.0000027521,"46":0.000002696,"47":0.0000023972,"48":0.0000023571},"val_loss":{"0":0.0437309444,"1":0.0301795825,"2":0.0155885499,"3":0.0070372452,"4":0.0027518081,"5":0.0020680327,"6":0.001675566,"7":0.0015467437,"8":0.0013350077,"9":0.0011393218,"10":0.0010698665,"11":0.0010764981,"12":0.0010809299,"13":0.0010581277,"14":0.0010137211,"15":0.0010906952,"16":0.0008835671,"17":0.0008509983,"18":0.000819747,"19":0.0009500569,"20":0.0007999323,"21":0.0007934862,"22":0.0007983731,"23":0.0007661502,"24":0.0008774056,"25":0.0007799029,"26":0.0008141025,"27":0.0007284702,"28":0.0009114243,"29":0.0008592079,"30":0.0007996215,"31":0.0006432318,"32":0.0006615755,"33":0.0007628729,"34":0.0007544939,"35":0.0006808336,"36":0.0006921892,"37":0.0006651692,"38":0.000567282,"39":0.0006497746,"40":0.0008154839,"41":0.0007092337,"42":0.000588162,"43":0.0006242743,"44":0.0006892674,"45":0.0007301944,"46":0.0005738438,"47":0.0006054691,"48":0.0006891123},"val_mean_squared_logarithmic_error":{"0":0.0199725032,"1":0.012821639,"2":0.0054931343,"3":0.0019671822,"4":0.0005124502,"5":0.0003465979,"6":0.0002981707,"7":0.0002538313,"8":0.0002102183,"9":0.0001766704,"10":0.0001662951,"11":0.0001588474,"12":0.0001569175,"13":0.0001510132,"14":0.0001495129,"15":0.0001467984,"16":0.0001416925,"17":0.0001385128,"18":0.0001357068,"19":0.0001345127,"20":0.0001334701,"21":0.0001319513,"22":0.0001312014,"23":0.0001307182,"24":0.0001290369,"25":0.0001282411,"26":0.0001272688,"27":0.0001260542,"28":0.0001247892,"29":0.0001243329,"30":0.0001239199,"31":0.0001237394,"32":0.0001229495,"33":0.0001223269,"34":0.0001221424,"35":0.0001213303,"36":0.0001216668,"37":0.0001208779,"38":0.0001209516,"39":0.0001205568,"40":0.0001198567,"41":0.0001197456,"42":0.0001201043,"43":0.0001197547,"44":0.0001193528,"45":0.0001190749,"46":0.0001191503,"47":0.0001188865,"48":0.000118722},"val_mean_squared_error":{"0":0.0399587266,"1":0.0244551338,"2":0.009646548,"3":0.0033619588,"4":0.0008533854,"5":0.0006073065,"6":0.0005258238,"7":0.0004609032,"8":0.0003939805,"9":0.0003429372,"10":0.0003261678,"11":0.0003141176,"12":0.0003066311,"13":0.0002988022,"14":0.0002925636,"15":0.0002868091,"16":0.0002799873,"17":0.0002748459,"18":0.000270767,"19":0.0002691323,"20":0.0002665402,"21":0.000264854,"22":0.0002637945,"23":0.0002617837,"24":0.0002607526,"25":0.0002586644,"26":0.0002574043,"27":0.0002557169,"28":0.0002554287,"29":0.0002541374,"30":0.000253441,"31":0.0002524426,"32":0.0002512893,"33":0.0002509307,"34":0.0002496917,"35":0.0002496795,"36":0.0002489877,"37":0.0002485263,"38":0.0002483794,"39":0.0002478418,"40":0.0002483902,"41":0.0002480207,"42":0.0002472454,"43":0.0002465556,"44":0.000247144,"45":0.0002468159,"46":0.0002460635,"47":0.000246224,"48":0.0002461359}}