{"loss":{"0":0.1312193871,"1":0.1305120289,"2":0.1303363293,"3":0.1302125156,"4":0.1301361769,"5":0.1300817728,"6":0.1300294697,"7":0.1299839169,"8":0.1299485862,"9":0.1299163699,"10":0.1298860908,"11":0.129869014,"12":0.1298553348,"13":0.12984249,"14":0.1298384815,"15":0.1298176348,"16":0.1298073828,"17":0.1297831982,"18":0.1297748834,"19":0.1297660321,"20":0.1297526211,"21":0.1297332942,"22":0.1297142655,"23":0.1297162473,"24":0.1296985447,"25":0.1296919286},"mean_squared_logarithmic_error":{"0":0.0573370308,"1":0.0575089417,"2":0.0575722381,"3":0.0576068647,"4":0.0576390363,"5":0.0576533079,"6":0.0576562546,"7":0.0576584525,"8":0.0576559156,"9":0.0576604605,"10":0.0576667078,"11":0.0576700196,"12":0.05767316,"13":0.0576709434,"14":0.0576811023,"15":0.0576733425,"16":0.0576735474,"17":0.0576793179,"18":0.0576834641,"19":0.0576823875,"20":0.057680428,"21":0.057683792,"22":0.0576853789,"23":0.0576809049,"24":0.0576799586,"25":0.0576759093},"mean_squared_error":{"0":0.1657830626,"1":0.1664789617,"2":0.1667782813,"3":0.1669272333,"4":0.1670554578,"5":0.1671178937,"6":0.1671333909,"7":0.1671416014,"8":0.1671455503,"9":0.1671586186,"10":0.1671765894,"11":0.1671895534,"12":0.1671944112,"13":0.1671827734,"14":0.1672070622,"15":0.1671825647,"16":0.1671784669,"17":0.1671911627,"18":0.1671993285,"19":0.1671846956,"20":0.1671762168,"21":0.1671850383,"22":0.1671915203,"23":0.1671757251,"24":0.1671696901,"25":0.1671536118},"val_loss":{"0":0.0958744958,"1":0.0956083536,"2":0.095450446,"3":0.0951654017,"4":0.0950652659,"5":0.0950714648,"6":0.0950552449,"7":0.0950315073,"8":0.0950917304,"9":0.0950209945,"10":0.0949150696,"11":0.0947977155,"12":0.0947826281,"13":0.0947735608,"14":0.0947370902,"15":0.0947244242,"16":0.0947363004,"17":0.0947385579,"18":0.094742842,"19":0.0947649926,"20":0.0947668329,"21":0.0948065072,"22":0.0947606117,"23":0.0948057622,"24":0.0947257578,"25":0.0947450697},"val_mean_squared_logarithmic_error":{"0":0.0428741351,"1":0.042944815,"2":0.0429581255,"3":0.0429908261,"4":0.0430421792,"5":0.0430578962,"6":0.043094065,"7":0.0431139469,"8":0.0431051068,"9":0.0431236327,"10":0.0431496501,"11":0.0431788862,"12":0.0431696437,"13":0.0431819409,"14":0.0431805961,"15":0.0431383774,"16":0.0431924462,"17":0.043180801,"18":0.0431743972,"19":0.0431536213,"20":0.0431910343,"21":0.0431705154,"22":0.0432316586,"23":0.0431809984,"24":0.0432329215,"25":0.0431909412},"val_mean_squared_error":{"0":0.106174998,"1":0.1063255966,"2":0.1064352691,"3":0.1067727432,"4":0.106942527,"5":0.1069584787,"6":0.1070297137,"7":0.1070471182,"8":0.107031554,"9":0.1071001068,"10":0.1072280928,"11":0.1073793769,"12":0.107374236,"13":0.1074273437,"14":0.1074362993,"15":0.1073374972,"16":0.1074477658,"17":0.107407786,"18":0.1073879078,"19":0.1073494405,"20":0.1074208915,"21":0.1073692515,"22":0.1074844301,"23":0.1073828116,"24":0.1074720174,"25":0.1074026003}}