{"loss":{"0":0.2508243322,"1":0.2380828559,"2":0.2370867282,"3":0.236091435,"4":0.235111177,"5":0.2346330732,"6":0.2342002988,"7":0.2337209135,"8":0.2333647907,"9":0.2330174744,"10":0.2327909023,"11":0.2325214744,"12":0.2323345393,"13":0.2321950048,"14":0.2321202606,"15":0.2318440378,"16":0.231851086,"17":0.2316657305,"18":0.2315703779,"19":0.2314150035,"20":0.2313025296,"21":0.2312559932,"22":0.2311393172,"23":0.2310775667,"24":0.2309661806,"25":0.2308680564,"26":0.2308045477,"27":0.2307625115,"28":0.2306827903,"29":0.2305799127,"30":0.2305050939,"31":0.2304708213,"32":0.2304019183,"33":0.2303218991,"34":0.230265975,"35":0.2301689535,"36":0.2301188409,"37":0.2300251126,"38":0.2300427109,"39":0.229934305,"40":0.229866311,"41":0.2298104614,"42":0.2296767533,"43":0.2296441793,"44":0.2295904309,"45":0.2295541316,"46":0.2294362783,"47":0.2294075936,"48":0.2293636501,"49":0.2292844355,"50":0.2292293608,"51":0.229181841,"52":0.2290901542,"53":0.2290741801,"54":0.2289977521,"55":0.2289429605,"56":0.2289090306,"57":0.2288161516,"58":0.2287844121,"59":0.2287231386,"60":0.2286674976,"61":0.2286155373,"62":0.2285686135,"63":0.2285175323,"64":0.2284732163,"65":0.2284160554,"66":0.2284004986,"67":0.2283036113,"68":0.228296563,"69":0.2282490581,"70":0.2282100469,"71":0.2281486094,"72":0.228127107,"73":0.2280595005,"74":0.2280339897,"75":0.2279952466,"76":0.2279380411,"77":0.2279151082,"78":0.2278745621,"79":0.227830112,"80":0.2277945727,"81":0.2277471125,"82":0.2277159542,"83":0.2276542187,"84":0.2276141495,"85":0.2275987118,"86":0.2275543213,"87":0.2275169194,"88":0.2274784595,"89":0.2274387032,"90":0.2274064273,"91":0.2273700237,"92":0.2273299098,"93":0.2273001224,"94":0.2272545099,"95":0.2272159904},"mean_squared_logarithmic_error":{"0":0.09194199,"1":0.085116595,"2":0.0849595517,"3":0.0849145427,"4":0.0850171372,"5":0.0850151405,"6":0.0850203484,"7":0.0850612894,"8":0.0851025656,"9":0.0851481333,"10":0.085170567,"11":0.0851958692,"12":0.0852066129,"13":0.0852165073,"14":0.0852241814,"15":0.0852539763,"16":0.0852514133,"17":0.085271731,"18":0.085290201,"19":0.085319452,"20":0.0853360966,"21":0.0853547305,"22":0.0853747129,"23":0.085393168,"24":0.0854208618,"25":0.0854492858,"26":0.0854692161,"27":0.0854942575,"28":0.0855044499,"29":0.085533306,"30":0.0855442882,"31":0.085565038,"32":0.0855771899,"33":0.0856015235,"34":0.0856095478,"35":0.0856295377,"36":0.0856395736,"37":0.085654296,"38":0.0856577009,"39":0.0856736451,"40":0.0856840387,"41":0.0856861323,"42":0.0857052878,"43":0.0857103243,"44":0.0857182965,"45":0.0857196599,"46":0.0857415348,"47":0.0857378766,"48":0.0857455805,"49":0.0857589692,"50":0.0857669041,"51":0.0857805908,"52":0.0857861638,"53":0.0857884809,"54":0.0857961476,"55":0.0858035386,"56":0.0858104005,"57":0.0858227238,"58":0.085824132,"59":0.0858287588,"60":0.0858321488,"61":0.0858394206,"62":0.0858418867,"63":0.0858447403,"64":0.0858477205,"65":0.0858517587,"66":0.0858475044,"67":0.0858613402,"68":0.0858571157,"69":0.0858589709,"70":0.0858640522,"71":0.0858700871,"72":0.0858698934,"73":0.0858755261,"74":0.085880138,"75":0.0858797878,"76":0.0858805478,"77":0.0858795345,"78":0.0858822688,"79":0.0858871266,"80":0.0858879909,"81":0.0858919844,"82":0.0858937278,"83":0.0858974755,"84":0.0858989879,"85":0.0858941674,"86":0.0858965144,"87":0.0858968943,"88":0.0858999863,"89":0.0858987793,"90":0.0858981013,"91":0.0858989283,"92":0.0858948678,"93":0.0858929902,"94":0.0858921334,"95":0.085886322},"mean_squared_error":{"0":0.4223716557,"1":0.3822836578,"2":0.3808308542,"3":0.3800796866,"4":0.3797282875,"5":0.3792028725,"6":0.3787506819,"7":0.3784845173,"8":0.3782245517,"9":0.3780065179,"10":0.3778235912,"11":0.3776803315,"12":0.3775027096,"13":0.3773593307,"14":0.3772335947,"15":0.3771432638,"16":0.3770588934,"17":0.3770194352,"18":0.3769756556,"19":0.3769625425,"20":0.3769631982,"21":0.3769707084,"22":0.3769992292,"23":0.377011627,"24":0.3770393729,"25":0.3770492673,"26":0.3770520687,"27":0.3770649433,"28":0.3770443797,"29":0.377073288,"30":0.3770375848,"31":0.3770483136,"32":0.3770297766,"33":0.3770444691,"34":0.377015084,"35":0.3770098686,"36":0.3769897223,"37":0.376973629,"38":0.37693277,"39":0.3768924475,"40":0.3768496215,"41":0.3768028915,"42":0.3767547905,"43":0.3767195642,"44":0.3766784966,"45":0.3766179979,"46":0.3766176403,"47":0.3765504658,"48":0.3765149117,"49":0.3764892519,"50":0.3764519393,"51":0.3764320314,"52":0.3763652444,"53":0.3763122559,"54":0.3762496114,"55":0.3761924803,"56":0.3761514127,"57":0.3761121333,"58":0.3760389388,"59":0.3759805262,"60":0.375918597,"61":0.3758738637,"62":0.3757963181,"63":0.375743717,"64":0.3756787181,"65":0.3756215572,"66":0.3755469918,"67":0.375505358,"68":0.3754414618,"69":0.3753855228,"70":0.375341028,"71":0.3753038645,"72":0.375256598,"73":0.3752172291,"74":0.3751659095,"75":0.3751238286,"76":0.3750755787,"77":0.3750231266,"78":0.3749853373,"79":0.3749517798,"80":0.374907583,"81":0.3748749793,"82":0.3748469055,"83":0.37481004,"84":0.3747785687,"85":0.3747386932,"86":0.3747073114,"87":0.3746638894,"88":0.3746194541,"89":0.3745731711,"90":0.3745159507,"91":0.374499172,"92":0.3744169176,"93":0.37436831,"94":0.3742894828,"95":0.3742389381},"val_loss":{"0":0.2080628872,"1":0.2083426118,"2":0.2068027556,"3":0.205468446,"4":0.2050633579,"5":0.2040303499,"6":0.2031041086,"7":0.2036195695,"8":0.2039466798,"9":0.2032773048,"10":0.2032724619,"11":0.2030717283,"12":0.2021267414,"13":0.2019401789,"14":0.2017422467,"15":0.2013081759,"16":0.2016161531,"17":0.2017175108,"18":0.201293245,"19":0.200878337,"20":0.2012347728,"21":0.2005675733,"22":0.2005818039,"23":0.200980559,"24":0.2001634091,"25":0.2004941702,"26":0.2011380792,"27":0.200337857,"28":0.2006054521,"29":0.2001229972,"30":0.2004798949,"31":0.1998620927,"32":0.2000199705,"33":0.2002250552,"34":0.2006691843,"35":0.1998482645,"36":0.199996531,"37":0.1998109221,"38":0.1995099336,"39":0.2001697719,"40":0.1993450969,"41":0.1993301362,"42":0.1995180249,"43":0.1992950886,"44":0.1996668428,"45":0.1994707882,"46":0.199549675,"47":0.1990136057,"48":0.1993563175,"49":0.1990018636,"50":0.1989558488,"51":0.1991885751,"52":0.1988761425,"53":0.1989254206,"54":0.1989753991,"55":0.1992736012,"56":0.1992787719,"57":0.1987279356,"58":0.1990432441,"59":0.1986038983,"60":0.1990662366,"61":0.1985100359,"62":0.1985625774,"63":0.1989554167,"64":0.1987930834,"65":0.1986286491,"66":0.1984672993,"67":0.1985036433,"68":0.1987333894,"69":0.1986379772,"70":0.1988387406,"71":0.1986044198,"72":0.1986921877,"73":0.1985633075,"74":0.1985036731,"75":0.1983066499,"76":0.1984716356,"77":0.1983662695,"78":0.1983386427,"79":0.1983013898,"80":0.1983151734,"81":0.1984147131,"82":0.1984227747,"83":0.1982779801,"84":0.1983538121,"85":0.1982007474,"86":0.1982136369,"87":0.1982900947,"88":0.1982350349,"89":0.198388353,"90":0.1982452869,"91":0.1983173043,"92":0.1982820183,"93":0.1983460188,"94":0.1983463615,"95":0.1983043402},"val_mean_squared_logarithmic_error":{"0":0.0737871379,"1":0.0732649863,"2":0.0730634555,"3":0.073241584,"4":0.0735927671,"5":0.0734973401,"6":0.0736430958,"7":0.0737739652,"8":0.0738189593,"9":0.0739016086,"10":0.0740563869,"11":0.0740072131,"12":0.0739395022,"13":0.074098289,"14":0.0742116719,"15":0.0743412748,"16":0.0743411928,"17":0.0744896457,"18":0.0744148716,"19":0.0745107904,"20":0.0745346695,"21":0.0746275708,"22":0.0745882168,"23":0.0746318102,"24":0.0747082606,"25":0.0747302249,"26":0.0748591274,"27":0.0747753754,"28":0.074961178,"29":0.0748986229,"30":0.0749205276,"31":0.0750325844,"32":0.0750383735,"33":0.075073719,"34":0.0750729144,"35":0.0752221495,"36":0.0750817284,"37":0.07510712,"38":0.075200662,"39":0.0751942024,"40":0.0753147528,"41":0.0752597451,"42":0.0752865821,"43":0.0753200874,"44":0.0753097832,"45":0.0752719045,"46":0.0753355697,"47":0.0753630176,"48":0.0754134953,"49":0.0754663274,"50":0.0754478127,"51":0.0754559115,"52":0.0754623041,"53":0.0754971057,"54":0.0755645558,"55":0.0755104646,"56":0.075492166,"57":0.0755362362,"58":0.0755915269,