{"loss":{"0":0.2081238776,"1":0.2081788927,"2":0.2080471218,"3":0.2079365849,"4":0.2078490108,"5":0.2077721357,"6":0.2077126801,"7":0.2076502591,"8":0.2075964659,"9":0.2075455487,"10":0.2075008154,"11":0.2074596882},"mean_squared_logarithmic_error":{"0":0.0877692625,"1":0.0878304765,"2":0.0878019184,"3":0.0877815932,"4":0.0877720863,"5":0.0877653733,"6":0.0877598301,"7":0.0877544135,"8":0.087753363,"9":0.0877528191,"10":0.0877521038,"11":0.0877503306},"mean_squared_error":{"0":0.3063060641,"1":0.3075575233,"2":0.3073267341,"3":0.3071228266,"4":0.3069892526,"5":0.3068508506,"6":0.3067502975,"7":0.3066620231,"8":0.3066213727,"9":0.3065734804,"10":0.3065432906,"11":0.3065001667},"val_loss":{"0":0.1368430555,"1":0.1367846727,"2":0.1368052959,"3":0.1368129253,"4":0.1368269622,"5":0.1368546486,"6":0.1368641406,"7":0.1369265169,"8":0.1368931383,"9":0.1369473934,"10":0.136932373,"11":0.1369631886},"val_mean_squared_logarithmic_error":{"0":0.0594649054,"1":0.059470199,"2":0.0594659783,"3":0.0594685562,"4":0.0594904199,"5":0.0595055446,"6":0.0595374331,"7":0.059558697,"8":0.0596052557,"9":0.0596149825,"10":0.0596405081,"11":0.0596443191},"val_mean_squared_error":{"0":0.1717013866,"1":0.1716683656,"2":0.1716389358,"3":0.171623081,"4":0.1716682762,"5":0.1716973633,"6":0.1717777997,"7":0.1718397439,"8":0.1719400138,"9":0.1719559282,"10":0.1720146984,"11":0.1720276922}}