{"loss":{"0":0.2876508534,"1":0.2842405736,"2":0.2833538353,"3":0.28273651,"4":0.282308042,"5":0.2819654942,"6":0.2816943228,"7":0.2814841866,"8":0.2812941968,"9":0.2811387777,"10":0.2809820771,"11":0.2808332741},"mean_squared_logarithmic_error":{"0":0.1124080271,"1":0.1086845398,"2":0.107858628,"3":0.1073305979,"4":0.1072075814,"5":0.1071504653,"6":0.1071117222,"7":0.1071066186,"8":0.1071041077,"9":0.1071154475,"10":0.1071196496,"11":0.1071323603},"mean_squared_error":{"0":0.4837915599,"1":0.4650326073,"2":0.4613780081,"3":0.4595213532,"4":0.4590089321,"5":0.4585069716,"6":0.4579240084,"7":0.457357198,"8":0.4568802416,"9":0.456595093,"10":0.4562107027,"11":0.4558305442},"val_loss":{"0":0.21466811,"1":0.2144309282,"2":0.2148840576,"3":0.2151307464,"4":0.2153322101,"5":0.2154725492,"6":0.2156132311,"7":0.215723142,"8":0.2158263177,"9":0.2158390731,"10":0.215808019,"11":0.2158693224},"val_mean_squared_logarithmic_error":{"0":0.0853556916,"1":0.0854471549,"2":0.0850845575,"3":0.0851417407,"4":0.0852294192,"5":0.0852655992,"6":0.0853268504,"7":0.0854561031,"8":0.0855606645,"9":0.0856789798,"10":0.085775435,"11":0.0858864114},"val_mean_squared_error":{"0":0.2919186354,"1":0.2915646434,"2":0.2901649475,"3":0.2898144722,"4":0.2895502448,"5":0.2893113792,"6":0.2891943753,"7":0.2892836928,"8":0.2893614173,"9":0.2895136476,"10":0.289729178,"11":0.2899279892}}