{"loss":{"0":0.3323808908,"1":0.3317857087,"2":0.3315520585,"3":0.3313709497,"4":0.3312333524,"5":0.3311185837,"6":0.3310127556,"7":0.3309197724,"8":0.330830127,"9":0.3307563663,"10":0.3306782544},"mean_squared_logarithmic_error":{"0":0.1367702335,"1":0.1367077678,"2":0.1366465837,"3":0.1365480572,"4":0.1364691108,"5":0.1363887191,"6":0.1362698227,"7":0.1361422539,"8":0.1360075623,"9":0.1358048469,"10":0.1355079263},"mean_squared_error":{"0":0.5655384064,"1":0.5635921359,"2":0.5629101396,"3":0.5623636842,"4":0.5619663,"5":0.5615691543,"6":0.5611335039,"7":0.5607060194,"8":0.5603091717,"9":0.5598043799,"10":0.5591335297},"val_loss":{"0":0.2267936468,"1":0.2271191776,"2":0.2271093279,"3":0.2270885557,"4":0.2270812243,"5":0.2271835804,"6":0.2273142487,"7":0.227340892,"8":0.227303043,"9":0.2272746712,"10":0.2272492498},"val_mean_squared_logarithmic_error":{"0":0.0947039947,"1":0.0946834311,"2":0.0946839228,"3":0.09466663,"4":0.0946923867,"5":0.0947648063,"6":0.0947813988,"7":0.0947785825,"8":0.0947254598,"9":0.0947511271,"10":0.0946972221},"val_mean_squared_error":{"0":0.3233768046,"1":0.3238657415,"2":0.3237520754,"3":0.3234330714,"4":0.3232933879,"5":0.3234247267,"6":0.3234546483,"7":0.3235010207,"8":0.3233325779,"9":0.3233705461,"10":0.3231989145}}