{"loss":{"0":0.0265286304,"1":0.0249356851,"2":0.0253678374,"3":0.0252537932,"4":0.0241447967,"5":0.02406317,"6":0.0246303696,"7":0.0244389158,"8":0.0233375151,"9":0.0239735171,"10":0.023603376,"11":0.0232229233,"12":0.0246190857,"13":0.0237075407,"14":0.0233429093,"15":0.0233486705,"16":0.0228560325,"17":0.0242636334,"18":0.0234970469,"19":0.0226410218,"20":0.0231222808,"21":0.0227181166,"22":0.0228998382,"23":0.0237907469,"24":0.023086071,"25":0.0227728654,"26":0.0227704681,"27":0.0223855898,"28":0.022532776,"29":0.0232879966},"mean_squared_error":{"0":0.0207202099,"1":0.0203965548,"2":0.0203584526,"3":0.0204703417,"4":0.0202762093,"5":0.0203527547,"6":0.0203757901,"7":0.0203465354,"8":0.0202244762,"9":0.0202725828,"10":0.0202127211,"11":0.0201975014,"12":0.0203119665,"13":0.020180542,"14":0.020246841,"15":0.020165449,"16":0.0201389641,"17":0.0202230699,"18":0.0201795008,"19":0.020131547,"20":0.0201649703,"21":0.0200521648,"22":0.0200963225,"23":0.0201771315,"24":0.0201229211,"25":0.0200744756,"26":0.0200504009,"27":0.0200250428,"28":0.0200326219,"29":0.0201610476},"val_loss":{"0":0.0199694689,"1":0.0222291145,"2":0.0210970826,"3":0.016961325,"4":0.0186487027,"5":0.0210123993,"6":0.0198794864,"7":0.0179282594,"8":0.0172181465,"9":0.0206626114,"10":0.0196263753,"11":0.0188654363,"12":0.0169841778,"13":0.0165663119,"14":0.0168627761,"15":0.0195975378,"16":0.0191750322,"17":0.0191093609,"18":0.0184967481,"19":0.0190040339,"20":0.0180124454,"21":0.0177001432,"22":0.0168991312,"23":0.0154908486,"24":0.0164958276,"25":0.0173236541,"26":0.0182255488,"27":0.0197673626,"28":0.0169242155,"29":0.0175645892},"val_mean_squared_error":{"0":0.0132086808,"1":0.0134536475,"2":0.0132205319,"3":0.0129995272,"4":0.0130819622,"5":0.0132820886,"6":0.0131840911,"7":0.0130624119,"8":0.0130308252,"9":0.0132069401,"10":0.0131345699,"11":0.0130992262,"12":0.0129984962,"13":0.0129935816,"14":0.0129047269,"15":0.0131697003,"16":0.0131136412,"17":0.0131830238,"18":0.0131536014,"19":0.0131904148,"20":0.013171507,"21":0.0129914777,"22":0.0130434595,"23":0.0129086133,"24":0.0129893897,"25":0.0130065698,"26":0.0131312227,"27":0.0132184308,"28":0.0130318804,"29":0.0132454494}}