{"loss":{"0":0.0376715437,"1":0.0380287729,"2":0.037297111,"3":0.0357966907,"4":0.0355322026,"5":0.0347884223,"6":0.0327306017,"7":0.0336569138,"8":0.0313885994,"9":0.0333748795,"10":0.0327990651,"11":0.0316398144,"12":0.0334673524,"13":0.0308356695,"14":0.0324725173,"15":0.0322679654,"16":0.0312840827,"17":0.032030955},"mean_squared_error":{"0":0.0396756716,"1":0.0378607288,"2":0.0359314606,"3":0.034751907,"4":0.0344217382,"5":0.0336834565,"6":0.0329078101,"7":0.0325268246,"8":0.0322859548,"9":0.0326870158,"10":0.0323867276,"11":0.0319915041,"12":0.0324389711,"13":0.0318752453,"14":0.0321091898,"15":0.0320131183,"16":0.0317815021,"17":0.0318746231},"val_loss":{"0":0.0310087055,"1":0.0291173887,"2":0.0312068481,"3":0.0271127857,"4":0.0278752465,"5":0.0249294527,"6":0.0256427154,"7":0.0239774548,"8":0.0279656965,"9":0.0264021959,"10":0.0260885488,"11":0.0262431875,"12":0.0268928986,"13":0.0246545337,"14":0.0243502725,"15":0.0249564294,"16":0.0259487331,"17":0.0273701511},"val_mean_squared_error":{"0":0.0262107011,"1":0.0248668808,"2":0.0252364371,"3":0.023947062,"4":0.0239018444,"5":0.0233678799,"6":0.02324472,"7":0.0231472831,"8":0.0234181434,"9":0.0232609324,"10":0.0232554916,"11":0.0232615471,"12":0.023319928,"13":0.0229947828,"14":0.0228389129,"15":0.0230163187,"16":0.0231983848,"17":0.0232348442}}