{"loss":{"0":0.0200401414,"1":0.0192010831,"2":0.0196184888,"3":0.0183410235,"4":0.0188147221,"5":0.0187009443,"6":0.0177230295,"7":0.0173326116,"8":0.018291086,"9":0.0174334608,"10":0.0175753683,"11":0.017252,"12":0.0171777103,"13":0.0171391387,"14":0.016987009,"15":0.0168202464,"16":0.0172384642,"17":0.0165019296,"18":0.0164978616,"19":0.0165433064,"20":0.0167103838,"21":0.0165407714,"22":0.0167929158,"23":0.016530633,"24":0.0167263653,"25":0.0164427068,"26":0.0161032993,"27":0.0166876018},"mean_squared_error":{"0":0.0156759247,"1":0.0149559295,"2":0.0149716092,"3":0.0147707537,"4":0.0148575641,"5":0.0147810262,"6":0.0146826021,"7":0.0146713126,"8":0.0147230728,"9":0.0146553814,"10":0.0146408342,"11":0.0146317305,"12":0.014653556,"13":0.0146068987,"14":0.0145914312,"15":0.0145875737,"16":0.0146137597,"17":0.014569453,"18":0.0145491185,"19":0.014567933,"20":0.014558794,"21":0.0145347863,"22":0.0145412115,"23":0.0145219583,"24":0.014565968,"25":0.0145407813,"26":0.0145028504,"27":0.0145477476},"val_loss":{"0":0.0132826865,"1":0.012492789,"2":0.0148788337,"3":0.0128200017,"4":0.0129685318,"5":0.0118983695,"6":0.0125487689,"7":0.0120788738,"8":0.0129392995,"9":0.0127907908,"10":0.013216801,"11":0.0119152553,"12":0.0119340811,"13":0.0107152229,"14":0.0117965322,"15":0.0114289438,"16":0.011270551,"17":0.0105697308,"18":0.0127721159,"19":0.0122338757,"20":0.0118771065,"21":0.0128829191,"22":0.0120208543,"23":0.0132152652,"24":0.0116623482,"25":0.0124347406,"26":0.0121207153,"27":0.0110049201},"val_mean_squared_error":{"0":0.0090601165,"1":0.009064829,"2":0.0092417635,"3":0.0090661831,"4":0.0090133203,"5":0.0089867348,"6":0.0090209739,"7":0.008970201,"8":0.0089828996,"9":0.0089886421,"10":0.0090896823,"11":0.0089716082,"12":0.0089372993,"13":0.0089186709,"14":0.0089403568,"15":0.0089001516,"16":0.0089199115,"17":0.0088833841,"18":0.0090349521,"19":0.0090458337,"20":0.0089786015,"21":0.009018315,"22":0.0089539336,"23":0.0090294341,"24":0.0089666387,"25":0.0089506609,"26":0.0089382883,"27":0.0088831391}}