{"loss":{"0":0.0222293977,"1":0.0236969143,"2":0.0227721389,"3":0.0228649862,"4":0.0220941491,"5":0.0230463538,"6":0.0222618468,"7":0.020957265,"8":0.0223153513,"9":0.0217370708,"10":0.0222242866,"11":0.0212675352,"12":0.0216716081,"13":0.0216091555,"14":0.0212682448,"15":0.0216961671,"16":0.0217623003,"17":0.0219654571,"18":0.0213981364,"19":0.021037519,"20":0.0214375835,"21":0.0212261509,"22":0.0212986618,"23":0.021236686,"24":0.0211787969,"25":0.0214601085,"26":0.0202975031,"27":0.0213794559,"28":0.0209426526,"29":0.0205127615},"mean_squared_error":{"0":0.0194137804,"1":0.0193761028,"2":0.0192787256,"3":0.0192716215,"4":0.0191633813,"5":0.0193039794,"6":0.0192009062,"7":0.0190262757,"8":0.0191309322,"9":0.0191037003,"10":0.0191539265,"11":0.0190391541,"12":0.0191478301,"13":0.019063266,"14":0.0190370679,"15":0.0191111956,"16":0.0190716833,"17":0.0190670751,"18":0.0190378241,"19":0.0190285426,"20":0.0190131459,"21":0.019043522,"22":0.0189780314,"23":0.0190069024,"24":0.0189851485,"25":0.0189948454,"26":0.0189042687,"27":0.0189899653,"28":0.0189624112,"29":0.0188935585},"val_loss":{"0":0.0169745758,"1":0.0163816065,"2":0.0179107375,"3":0.018322384,"4":0.0162059274,"5":0.0158912763,"6":0.0156046553,"7":0.0160928611,"8":0.0167805739,"9":0.0161231644,"10":0.0158653781,"11":0.0155349895,"12":0.0155430622,"13":0.0164899807,"14":0.0161034334,"15":0.0180838741,"16":0.0174904335,"17":0.0171379782,"18":0.0164937861,"19":0.0148765082,"20":0.0137582636,"21":0.0167689621,"22":0.0172959659,"23":0.0170297939,"24":0.0161794722,"25":0.0148912687,"26":0.0147170592,"27":0.0147204818,"28":0.0157599561,"29":0.0167620517},"val_mean_squared_error":{"0":0.012296685,"1":0.0122349588,"2":0.0123865921,"3":0.0124301016,"4":0.0122471508,"5":0.0121889804,"6":0.0122354282,"7":0.0122222174,"8":0.012273849,"9":0.0122362962,"10":0.0122293811,"11":0.0121937478,"12":0.0122025656,"13":0.012311697,"14":0.0122449081,"15":0.0124243964,"16":0.0124174254,"17":0.0123599051,"18":0.0123275733,"19":0.0121481633,"20":0.0121148303,"21":0.0123037221,"22":0.0123705361,"23":0.012318545,"24":0.0122777345,"25":0.0121697588,"26":0.012140614,"27":0.0121457297,"28":0.0122184148,"29":0.0122920685}}