{"loss":{"0":0.0198909286,"1":0.0185522344,"2":0.0184008032,"3":0.0184398443,"4":0.0182379335,"5":0.0180703811,"6":0.0180003624,"7":0.0171690602,"8":0.0175430272,"9":0.0178174544,"10":0.0175302252,"11":0.0171924625,"12":0.0173014458,"13":0.0170900896,"14":0.0174126811,"15":0.0169825479,"16":0.0169317052,"17":0.0169364884,"18":0.0173273887,"19":0.0171738453,"20":0.0173070282},"mean_squared_error":{"0":0.0147881666,"1":0.0147520173,"2":0.0146785742,"3":0.0146658029,"4":0.0146424612,"5":0.0146134123,"6":0.0146008516,"7":0.0145522822,"8":0.0145286722,"9":0.0145610534,"10":0.0145392949,"11":0.0145252272,"12":0.0145336268,"13":0.0145040751,"14":0.0145376017,"15":0.0144927073,"16":0.014490108,"17":0.0144923311,"18":0.0145052262,"19":0.0145030739,"20":0.0145233264},"val_loss":{"0":0.0151455635,"1":0.0176108722,"2":0.0160100572,"3":0.0138642434,"4":0.0155167012,"5":0.0151842935,"6":0.0151795689,"7":0.0143008325,"8":0.0153438775,"9":0.0154860178,"10":0.0133067202,"11":0.0144051248,"12":0.0156733915,"13":0.0139381997,"14":0.01333341,"15":0.0135693364,"16":0.0144120278,"17":0.0156552251,"18":0.014266761,"19":0.0144677442,"20":0.0143581741},"val_mean_squared_error":{"0":0.0099926628,"1":0.0100991968,"2":0.0101438472,"3":0.0098670535,"4":0.0100006554,"5":0.0099762576,"6":0.0099883219,"7":0.0098540056,"8":0.0099450517,"9":0.0100032501,"10":0.0097836768,"11":0.0099097379,"12":0.009931311,"13":0.0097820368,"14":0.0098021375,"15":0.0098292539,"16":0.0098337065,"17":0.0100364881,"18":0.0098338472,"19":0.0097855171,"20":0.0098699462}}