{"loss":{"0":0.0453745984,"1":0.0429930128,"2":0.0431813896,"3":0.042326469,"4":0.0406904109,"5":0.0421790332,"6":0.040301282,"7":0.0407240205,"8":0.0409241058,"9":0.0382776707,"10":0.0394827276,"11":0.0408783853,"12":0.0386233181,"13":0.0389442556,"14":0.0392652377,"15":0.0391993001,"16":0.0385150537,"17":0.0388728529,"18":0.0385295339,"19":0.0379641987,"20":0.0383713916,"21":0.0372021161},"mean_squared_error":{"0":0.0385627821,"1":0.03756129,"2":0.037267413,"3":0.0370485857,"4":0.0367017761,"5":0.0367856137,"6":0.0365162455,"7":0.0365589783,"8":0.0364449099,"9":0.0359808356,"10":0.0360926837,"11":0.0363157429,"12":0.0359271914,"13":0.0359621011,"14":0.03599222,"15":0.0358754434,"16":0.0357178226,"17":0.035823904,"18":0.035706643,"19":0.0354723893,"20":0.0356900804,"21":0.0353658386},"val_loss":{"0":0.03207504,"1":0.0243487693,"2":0.0265446864,"3":0.0322164334,"4":0.02732547,"5":0.0243100747,"6":0.0289246254,"7":0.030067794,"8":0.0298132859,"9":0.02555006,"10":0.0254799407,"11":0.0233479571,"12":0.0299252123,"13":0.0248536617,"14":0.0305336826,"15":0.0285517592,"16":0.0240531582,"17":0.0267445501,"18":0.0301928837,"19":0.0246779285,"20":0.0269045457,"21":0.0240039583},"val_mean_squared_error":{"0":0.0211322643,"1":0.0203096308,"2":0.0204597134,"3":0.0211363435,"4":0.0204372667,"5":0.0202314369,"6":0.0205298569,"7":0.0208395775,"8":0.0205896124,"9":0.0200667158,"10":0.0202394519,"11":0.0199320056,"12":0.0206321385,"13":0.0200351682,"14":0.0206783116,"15":0.0204265621,"16":0.0199977905,"17":0.0201634876,"18":0.0204811208,"19":0.0200108904,"20":0.0199811812,"21":0.0198690835}}