{"loss":{"0":0.0312107578,"1":0.029408915,"2":0.0281978957,"3":0.0290753935,"4":0.0277511012,"5":0.0286322311,"6":0.0277697127,"7":0.028471902,"8":0.0275409967,"9":0.0286213905,"10":0.0272546504,"11":0.0275132488,"12":0.0272799451,"13":0.0286371503,"14":0.0273943041,"15":0.0270229541,"16":0.0278016943,"17":0.0273820069,"18":0.0270248987,"19":0.0271407161,"20":0.0269088093,"21":0.0264965463,"22":0.0274774358,"23":0.0269161705,"24":0.0261597447,"25":0.0267475583,"26":0.0262108147,"27":0.0272491779,"28":0.0259940661,"29":0.0268811248},"mean_squared_error":{"0":0.0216570888,"1":0.0215643123,"2":0.0214310698,"3":0.0214560684,"4":0.0213724189,"5":0.0214299485,"6":0.0213214271,"7":0.0213675741,"8":0.0213254467,"9":0.0214045066,"10":0.0212540478,"11":0.0212989096,"12":0.0212494619,"13":0.0213753916,"14":0.0212710164,"15":0.0212412179,"16":0.0213120785,"17":0.021252282,"18":0.0212329142,"19":0.0212589875,"20":0.0212005656,"21":0.0211495105,"22":0.0212946218,"23":0.0212279335,"24":0.0211609919,"25":0.0211472698,"26":0.0211466905,"27":0.0212529078,"28":0.0211030673,"29":0.0211917199},"val_loss":{"0":0.0218338799,"1":0.0220587943,"2":0.0230729822,"3":0.0208810791,"4":0.0189971328,"5":0.020314604,"6":0.020435052,"7":0.0229511242,"8":0.0223757867,"9":0.0186353046,"10":0.0193309542,"11":0.0206394251,"12":0.0210598372,"13":0.0199573711,"14":0.0196683109,"15":0.0204784889,"16":0.0199853461,"17":0.0191593524,"18":0.0205878392,"19":0.0177211743,"20":0.0213326905,"21":0.0200253539,"22":0.0205050819,"23":0.0188501962,"24":0.0173600968,"25":0.0175598487,"26":0.0214953478,"27":0.0206401907,"28":0.0203277376,"29":0.0182804856},"val_mean_squared_error":{"0":0.0127802975,"1":0.0127875991,"2":0.0128421932,"3":0.0127453171,"4":0.0124684554,"5":0.0125244791,"6":0.0126982732,"7":0.0129257254,"8":0.0127822086,"9":0.0125178248,"10":0.0125010498,"11":0.0127071887,"12":0.0126623791,"13":0.0126749352,"14":0.0125440825,"15":0.012591402,"16":0.0125068221,"17":0.0126173887,"18":0.0126643032,"19":0.0124282623,"20":0.0126951914,"21":0.012682165,"22":0.0127023999,"23":0.0125206783,"24":0.0124295596,"25":0.0124737676,"26":0.0126808183,"27":0.0125510069,"28":0.012758174,"29":0.0124649573}}