{"loss":{"0":0.0108592184,"1":0.0099448077,"2":0.0097890096,"3":0.0090009328,"4":0.0091659548,"5":0.0095499847,"6":0.0091919145,"7":0.0091927573,"8":0.009317467,"9":0.0094084507,"10":0.0091475826,"11":0.0089880442,"12":0.008913991,"13":0.0089326892,"14":0.0090847686,"15":0.00938858,"16":0.0089201005,"17":0.009016348,"18":0.0090770274,"19":0.009113065,"20":0.0090328371,"21":0.0090450887,"22":0.0089142658,"23":0.0094672292,"24":0.0093308901,"25":0.0090504466,"26":0.0088680685,"27":0.0092833284,"28":0.0092483237,"29":0.009201223},"mean_squared_error":{"0":0.0069253324,"1":0.0069119623,"2":0.0069150962,"3":0.0068966397,"4":0.0068887398,"5":0.0069058049,"6":0.0069029457,"7":0.0068977945,"8":0.0069063995,"9":0.0069135008,"10":0.0069042235,"11":0.006898799,"12":0.006906284,"13":0.0069031259,"14":0.0069058998,"15":0.0069189603,"16":0.006908929,"17":0.0069099003,"18":0.0069156568,"19":0.0069218818,"20":0.0069188955,"21":0.0069243326,"22":0.0069203284,"23":0.0069432072,"24":0.0069486601,"25":0.006933134,"26":0.00692354,"27":0.0069461684,"28":0.0069511929,"29":0.0069476902},"val_loss":{"0":0.0080275927,"1":0.008507981,"2":0.0080139479,"3":0.0068661724,"4":0.0074549774,"5":0.0075450605,"6":0.0070206686,"7":0.0071371887,"8":0.0065581203,"9":0.0070139654,"10":0.0069214506,"11":0.0067196502,"12":0.006315364,"13":0.0074875494,"14":0.0071430556,"15":0.0063131903,"16":0.0070652035,"17":0.0075293118,"18":0.0062574712,"19":0.0064772549,"20":0.0061020195,"21":0.0068047582,"22":0.0075403107,"23":0.0067003034,"24":0.0070513566,"25":0.0066040917,"26":0.0071879188,"27":0.006553709,"28":0.006939786,"29":0.0067017307},"val_mean_squared_error":{"0":0.0042506107,"1":0.0042919712,"2":0.0042512268,"3":0.0042689545,"4":0.0043199756,"5":0.0042833621,"6":0.0042557288,"7":0.0042836028,"8":0.0042588152,"9":0.0042709834,"10":0.0042608576,"11":0.0042566867,"12":0.0042522424,"13":0.0042940117,"14":0.0042726994,"15":0.0042679766,"16":0.0043334397,"17":0.0043420708,"18":0.0042565037,"19":0.0042325794,"20":0.0042444486,"21":0.0042756619,"22":0.0042881691,"23":0.0042789858,"24":0.0042931675,"25":0.0042971955,"26":0.0042905086,"27":0.0042445585,"28":0.0042654867,"29":0.0042654797}}