{"loss":{"0":0.0160332732,"1":0.0158286206,"2":0.0157100037,"3":0.015680803,"4":0.0151264211,"5":0.0155834705,"6":0.0153427953,"7":0.0155187314,"8":0.0150216417,"9":0.0155458255,"10":0.0154417595,"11":0.0152431186,"12":0.0154629191,"13":0.0151934959,"14":0.015318865,"15":0.015539865,"16":0.0150071857,"17":0.0152950846,"18":0.0152228437,"19":0.015438824},"mean_squared_error":{"0":0.0123873595,"1":0.0124871098,"2":0.0125487046,"3":0.0125668645,"4":0.0125260502,"5":0.0125547554,"6":0.0125543987,"7":0.0125684738,"8":0.012521199,"9":0.0125618838,"10":0.0125507154,"11":0.0125439148,"12":0.0125579089,"13":0.0125203552,"14":0.0125384899,"15":0.0125580505,"16":0.012516153,"17":0.0125313159,"18":0.0125190411,"19":0.0125475274},"val_loss":{"0":0.0113080125,"1":0.0118332515,"2":0.0110332938,"3":0.0112454277,"4":0.0110028554,"5":0.0120014222,"6":0.0116268545,"7":0.0108780125,"8":0.0123440241,"9":0.0101441387,"10":0.0123238768,"11":0.01206329,"12":0.0115427757,"13":0.0128829731,"14":0.0105834706,"15":0.0115489904,"16":0.0119925365,"17":0.0117941117,"18":0.0107554961,"19":0.0109424647},"val_mean_squared_error":{"0":0.0077085043,"1":0.0077194236,"2":0.0076621366,"3":0.0075832121,"4":0.0075998809,"5":0.0076988288,"6":0.0076793344,"7":0.0076134885,"8":0.0077334959,"9":0.0076109469,"10":0.0076766871,"11":0.0076867961,"12":0.0076683038,"13":0.0077870428,"14":0.0076320469,"15":0.0076532578,"16":0.0076779756,"17":0.0077104014,"18":0.0076358775,"19":0.0076005496}}