{"loss":{"0":0.0371601954,"1":0.0367136113,"2":0.0366920084,"3":0.0363267772,"4":0.0359977894,"5":0.0359805636,"6":0.035037715,"7":0.0352879018,"8":0.0345368385,"9":0.0353243873,"10":0.0349452756,"11":0.0346244276},"mean_squared_error":{"0":0.0312322248,"1":0.0308116209,"2":0.0305573158,"3":0.030391477,"4":0.0301353801,"5":0.0299765114,"6":0.0297724493,"7":0.0295924712,"8":0.0295739751,"9":0.0295660812,"10":0.0295131002,"11":0.0293895267},"val_loss":{"0":0.0262648147,"1":0.022142522,"2":0.0258325804,"3":0.0277492069,"4":0.0266818572,"5":0.0243478138,"6":0.0246228296,"7":0.0261444915,"8":0.0241119079,"9":0.0245998912,"10":0.0221507084,"11":0.026321454},"val_mean_squared_error":{"0":0.0175118688,"1":0.0169786699,"2":0.0173064452,"3":0.0174981188,"4":0.0172895472,"5":0.0170084387,"6":0.0169609692,"7":0.0170694645,"8":0.0166949276,"9":0.0169459246,"10":0.0166374762,"11":0.0170113817}}