{"loss":{"0":0.0332036354,"1":0.0347133763,"2":0.033725109,"3":0.032380987,"4":0.0316653103,"5":0.0302116871,"6":0.0302785169,"7":0.0295130052,"8":0.0301828459,"9":0.0291886479,"10":0.0294932611,"11":0.0285985824,"12":0.0295323059,"13":0.0282389615,"14":0.0277349893,"15":0.0285540055,"16":0.028320333,"17":0.0285912137},"mean_squared_error":{"0":0.0322693661,"1":0.0298309978,"2":0.0295140501,"3":0.0289899446,"4":0.0289428476,"5":0.0286760125,"6":0.0286782589,"7":0.0285379197,"8":0.0286180675,"9":0.0284116901,"10":0.028448252,"11":0.0283514243,"12":0.0284263529,"13":0.0282187965,"14":0.0282164998,"15":0.0282815844,"16":0.0282471646,"17":0.0282826796},"val_loss":{"0":0.0222212505,"1":0.0229670815,"2":0.0192519091,"3":0.0211110115,"4":0.0210940409,"5":0.0196416993,"6":0.0206238981,"7":0.017499363,"8":0.0205498207,"9":0.0191896111,"10":0.0200296082,"11":0.0212481897,"12":0.0201412123,"13":0.0191522371,"14":0.0179493073,"15":0.0216974132,"16":0.0204062089,"17":0.0187391173},"val_mean_squared_error":{"0":0.0166311432,"1":0.0168188121,"2":0.0163004026,"3":0.0165693108,"4":0.0165609717,"5":0.016390752,"6":0.0166039933,"7":0.0163158737,"8":0.0165411029,"9":0.0163983516,"10":0.0164771844,"11":0.016580442,"12":0.0165519211,"13":0.0163997225,"14":0.0162681174,"15":0.0166206341,"16":0.0164897516,"17":0.0165378284}}