{"loss":{"0":0.0240593739,"1":0.0239371788,"2":0.0239675436,"3":0.0225085951,"4":0.021665819,"5":0.0219974294,"6":0.0210954193,"7":0.0218650177,"8":0.0210952479,"9":0.0209824201,"10":0.0203476101,"11":0.0194001235,"12":0.0204312317,"13":0.0208423454,"14":0.0202424228,"15":0.0200491492,"16":0.0206771828,"17":0.0194693785,"18":0.02037137,"19":0.0194011182},"mean_squared_error":{"0":0.0220378358,"1":0.0200868789,"2":0.0192601047,"3":0.0185304023,"4":0.018258594,"5":0.0182740167,"6":0.0180753954,"7":0.0180586465,"8":0.0179861058,"9":0.0179189201,"10":0.0178644843,"11":0.0177368075,"12":0.0178293809,"13":0.0178541001,"14":0.0177797899,"15":0.0177473407,"16":0.0178334936,"17":0.0176544692,"18":0.017741872,"19":0.0176845491},"val_loss":{"0":0.0201895721,"1":0.0162003674,"2":0.0151599022,"3":0.0156301875,"4":0.015447502,"5":0.0190056805,"6":0.0171074104,"7":0.0176248439,"8":0.0145985773,"9":0.013024617,"10":0.0151435761,"11":0.0145250773,"12":0.0173818506,"13":0.0141392108,"14":0.0160453636,"15":0.0162286442,"16":0.0137660336,"17":0.0156630576,"18":0.0130928149,"19":0.0168104712},"val_mean_squared_error":{"0":0.0143035324,"1":0.0132003883,"2":0.0125970971,"3":0.012440674,"4":0.012314477,"5":0.0125521822,"6":0.0123376185,"7":0.0124225803,"8":0.0121030509,"9":0.0120189572,"10":0.0121272178,"11":0.0120450733,"12":0.0122635365,"13":0.0119887097,"14":0.0121268062,"15":0.0121415341,"16":0.0119516188,"17":0.0120866885,"18":0.0119058136,"19":0.0121341785}}