{"loss":{"0":0.0370458402,"1":0.0376128927,"2":0.0354376771,"3":0.0348785669,"4":0.0355821289,"5":0.0338065363,"6":0.0346106775,"7":0.0341012999,"8":0.0336956494,"9":0.0339855589,"10":0.0327256434,"11":0.0335913599,"12":0.0327520072},"mean_squared_error":{"0":0.0291025061,"1":0.0285324063,"2":0.0282096583,"3":0.0281309169,"4":0.0281416196,"5":0.0279434603,"6":0.0280094072,"7":0.0278724208,"8":0.0278499667,"9":0.0278576836,"10":0.0277603604,"11":0.0277668051,"12":0.027738804},"val_loss":{"0":0.0256830063,"1":0.0241171177,"2":0.0224640127,"3":0.0241972301,"4":0.0234102774,"5":0.0240262486,"6":0.0274836682,"7":0.0274526943,"8":0.024677299,"9":0.0227810163,"10":0.0261146482,"11":0.0226970986,"12":0.0232532788},"val_mean_squared_error":{"0":0.0181278232,"1":0.0179474186,"2":0.0178288762,"3":0.0180198848,"4":0.0179571658,"5":0.018040441,"6":0.0183435623,"7":0.0184592642,"8":0.0180999879,"9":0.017810246,"10":0.0181332845,"11":0.0178994481,"12":0.0179086868}}