{"loss":{"0":0.1636683345,"1":0.1563549936,"2":0.1506967396,"3":0.1399650127,"4":0.1342600137,"5":0.1272937655,"6":0.1190067828,"7":0.1158659533,"8":0.1128528491,"9":0.11119809,"10":0.1061316133,"11":0.1032694578,"12":0.0990798324,"13":0.095510304,"14":0.0925186872,"15":0.0913162902,"16":0.0884046927,"17":0.0888311043,"18":0.0856628269,"19":0.0874418914,"20":0.0852725655,"21":0.0856324062,"22":0.0835020021,"23":0.0841596052,"24":0.0839645788,"25":0.0839027613,"26":0.0826646984,"27":0.0831414014,"28":0.0822401568,"29":0.0833479539},"mean_squared_error":{"0":0.190358445,"1":0.1753123254,"2":0.1580247581,"3":0.1422381997,"4":0.1342332661,"5":0.1281996518,"6":0.1227308959,"7":0.1192422137,"8":0.1155244708,"9":0.1127448827,"10":0.1091463491,"11":0.103509374,"12":0.0977481902,"13":0.094235532,"14":0.0930433571,"15":0.092502676,"16":0.0918564498,"17":0.092052348,"18":0.0912800804,"19":0.0917248949,"20":0.0913490579,"21":0.0913978294,"22":0.0909575149,"23":0.0911955684,"24":0.091114521,"25":0.0911488757,"26":0.0908041745,"27":0.0908592939,"28":0.0908049718,"29":0.090836145},"val_loss":{"0":0.1013242453,"1":0.0992241353,"2":0.0967209712,"3":0.0914414525,"4":0.0890670791,"5":0.0838779062,"6":0.0763652325,"7":0.0815968886,"8":0.0765902996,"9":0.0717048272,"10":0.0693464652,"11":0.0701925606,"12":0.0627488047,"13":0.0623621158,"14":0.0609193295,"15":0.0582793653,"16":0.0613931976,"17":0.0574353337,"18":0.0605917834,"19":0.0580455884,"20":0.0597608276,"21":0.055466719,"22":0.0558514446,"23":0.0558147766,"24":0.0559506156,"25":0.0548784807,"26":0.0574309826,"27":0.059672419,"28":0.0575031862,"29":0.0533028953},"val_mean_squared_error":{"0":0.1089559123,"1":0.1002093479,"2":0.0899165198,"3":0.0827998668,"4":0.0802828968,"5":0.0772411749,"6":0.0742379054,"7":0.0726745427,"8":0.0701114237,"9":0.0685811043,"10":0.0664314926,"11":0.0619604327,"12":0.0575376563,"13":0.0562562905,"14":0.0558944643,"15":0.0557051599,"16":0.0558984056,"17":0.0553136617,"18":0.055860959,"19":0.0553843044,"20":0.0556705408,"21":0.0552546568,"22":0.0552883781,"23":0.0553377122,"24":0.0552782193,"25":0.055249963,"26":0.055551134,"27":0.0558212176,"28":0.0554050058,"29":0.0551036559}}