{"loss":{"0":0.1021915674,"1":0.1033268273,"2":0.1012391225,"3":0.0993084684,"4":0.1001598462,"5":0.0989585519,"6":0.099271901,"7":0.0989556909,"8":0.0978699774,"9":0.0990249887,"10":0.0980016887,"11":0.0974405482,"12":0.0975246429,"13":0.0964295715,"14":0.0976612195,"15":0.0963571146,"16":0.0961217955,"17":0.0963085219,"18":0.095186241,"19":0.0942117199,"20":0.0914681032,"21":0.088646464,"22":0.082843408,"23":0.0799045935,"24":0.0770206898,"25":0.0750188455,"26":0.0747056007,"27":0.0741317421,"28":0.0719171017,"29":0.0731578097},"mean_squared_error":{"0":0.1106958017,"1":0.1104445383,"2":0.1098220423,"3":0.1096223146,"4":0.1095648035,"5":0.1092848182,"6":0.1092127413,"7":0.1091196164,"8":0.1088299602,"9":0.1088972688,"10":0.1086196378,"11":0.1083442941,"12":0.108065024,"13":0.1076873243,"14":0.1075381562,"15":0.1067369133,"16":0.1058972403,"17":0.1043588668,"18":0.1009784192,"19":0.0964545533,"20":0.0897896215,"21":0.0836209208,"22":0.0779547393,"23":0.0748651624,"24":0.0739547238,"25":0.073219575,"26":0.0728021711,"27":0.0723395273,"28":0.0716893002,"29":0.0713270903},"val_loss":{"0":0.0705257952,"1":0.0680561662,"2":0.0668111593,"3":0.0716870353,"4":0.0673305616,"5":0.0698156059,"6":0.0673162714,"7":0.0723276958,"8":0.0710529611,"9":0.0678541511,"10":0.0665112808,"11":0.0665856451,"12":0.0667290911,"13":0.0707695857,"14":0.0663503259,"15":0.0664842278,"16":0.0721938163,"17":0.0682582408,"18":0.0658955574,"19":0.0666344836,"20":0.0636795163,"21":0.0587014779,"22":0.0562915578,"23":0.0555220507,"24":0.0537664257,"25":0.0498090796,"26":0.053162612,"27":0.053893812,"28":0.0522932038,"29":0.0469223373},"val_mean_squared_error":{"0":0.0715581477,"1":0.0714645237,"2":0.0712673366,"3":0.0717799589,"4":0.0713710859,"5":0.071575813,"6":0.0711662993,"7":0.0716791749,"8":0.0714604333,"9":0.071093291,"10":0.0709624216,"11":0.0708879381,"12":0.0707305521,"13":0.0710831508,"14":0.0704437867,"15":0.0702001676,"16":0.0700726882,"17":0.0690094903,"18":0.0667454377,"19":0.0628706664,"20":0.0568972044,"21":0.0513535887,"22":0.0478718914,"23":0.0473243669,"24":0.0467031598,"25":0.0457198769,"26":0.0459120497,"27":0.045793619,"28":0.0455822311,"29":0.0447251685}}