{"loss":{"0":0.0152257103,"1":0.0147579052,"2":0.0153668765,"3":0.0195364319,"4":0.0175117794,"5":0.0160461366,"6":0.0155110257,"7":0.015311121,"8":0.0149116823,"9":0.0150872162,"10":0.0143812858,"11":0.0147909392},"mean_squared_error":{"0":0.0130605679,"1":0.0144076515,"2":0.0216011088,"3":0.3629933894,"4":0.0135748461,"5":0.0135406852,"6":0.0133665353,"7":0.0132162347,"8":0.0131591614,"9":0.0131554287,"10":0.0131277768,"11":0.0131231444},"val_loss":{"0":0.0104357637,"1":0.0092453491,"2":0.0106173027,"3":0.0128917117,"4":0.0124398675,"5":0.0107565047,"6":0.0114564216,"7":0.0114384918,"8":0.0104441671,"9":0.0109368032,"10":0.0100722872,"11":0.0098487698},"val_mean_squared_error":{"0":0.0072278995,"1":0.0071774027,"2":0.0072923163,"3":0.007361046,"4":0.007471351,"5":0.007317706,"6":0.0073691118,"7":0.0073901708,"8":0.0072330721,"9":0.0073582237,"10":0.0072819572,"11":0.0072660237}}