{"loss":{"0":0.0285140909,"1":0.0283196438,"2":0.0274192784,"3":0.0265444424,"4":0.0274889227,"5":0.0267068185,"6":0.0271738134,"7":0.0269394871,"8":0.0274180658,"9":0.0261837542,"10":0.0267726574,"11":0.0273770019,"12":0.0270056538,"13":0.0264497176,"14":0.0267593525},"mean_squared_error":{"0":0.0232993793,"1":0.023658229,"2":0.0236162245,"3":0.023506863,"4":0.0236741081,"5":0.0235661529,"6":0.0235889014,"7":0.0235472005,"8":0.023664156,"9":0.0235290546,"10":0.0235277861,"11":0.023622198,"12":0.0235563759,"13":0.0235314444,"14":0.0235777162},"val_loss":{"0":0.0201880522,"1":0.0216498766,"2":0.0190456193,"3":0.0202551056,"4":0.017706221,"5":0.0202516913,"6":0.018233873,"7":0.0178962406,"8":0.0186934378,"9":0.0209703594,"10":0.0218344387,"11":0.0218850877,"12":0.0208467264,"13":0.0217296705,"14":0.0186494943},"val_mean_squared_error":{"0":0.0141104711,"1":0.0142939445,"2":0.0140305152,"3":0.0141225187,"4":0.0139117585,"5":0.0141059365,"6":0.0139099853,"7":0.0139567563,"8":0.01400181,"9":0.0140729826,"10":0.0142955771,"11":0.0142914094,"12":0.0141524887,"13":0.0142637203,"14":0.0138722183}}