{"loss":{"0":0.2758459449,"1":0.2312252671,"2":0.1996937394,"3":0.1682953089,"4":0.1511909813,"5":0.1434379071,"6":0.138192445,"7":0.1303282231,"8":0.1220318973,"9":0.1147371307,"10":0.1127644777,"11":0.1102037504,"12":0.1097480804,"13":0.1077928469,"14":0.1062591821,"15":0.1067394093,"16":0.1048726887,"17":0.1050294414,"18":0.1042868942,"19":0.1031284854,"20":0.1034997329,"21":0.1032459959,"22":0.1029705331,"23":0.1022993252,"24":0.1019895077,"25":0.1021186933,"26":0.1014080793,"27":0.1012615561,"28":0.1008351669,"29":0.1000781879},"mean_squared_error":{"0":0.5409632921,"1":0.3401889503,"2":0.2463720292,"3":0.1891227812,"4":0.1689381003,"5":0.1604078114,"6":0.1539220512,"7":0.144034341,"8":0.1377996057,"9":0.1340285987,"10":0.1331735998,"11":0.1313889921,"12":0.1307503134,"13":0.1295844764,"14":0.1287167072,"15":0.1284636557,"16":0.1276444197,"17":0.1273271441,"18":0.1265980899,"19":0.1259321123,"20":0.125464499,"21":0.124792017,"22":0.1240906119,"23":0.1231705099,"24":0.1221148223,"25":0.1209824085,"26":0.11931853,"27":0.1173150763,"28":0.1153720021,"29":0.113954246},"val_loss":{"0":0.2051369995,"1":0.1875414699,"2":0.1471503526,"3":0.1275342405,"4":0.1170826927,"5":0.1135716885,"6":0.1067681611,"7":0.1024229005,"8":0.0894881859,"9":0.0935809389,"10":0.0892871097,"11":0.085342139,"12":0.0859854668,"13":0.084404476,"14":0.0878559649,"15":0.0797871128,"16":0.0805602521,"17":0.0829330906,"18":0.0805334598,"19":0.0830712169,"20":0.0801465213,"21":0.0793950632,"22":0.07985387,"23":0.0797399059,"24":0.0811158121,"25":0.0786109269,"26":0.0796848759,"27":0.0808521435,"28":0.0775683522,"29":0.0777460262},"val_mean_squared_error":{"0":0.2884993255,"1":0.2355564982,"2":0.1456587464,"3":0.1270626634,"4":0.1181964427,"5":0.1139345989,"6":0.1070217863,"7":0.1008250862,"8":0.0954380855,"9":0.0957887694,"10":0.0943886489,"11":0.0933037102,"12":0.0924985632,"13":0.0922280997,"14":0.0933698267,"15":0.0912666768,"16":0.090997301,"17":0.0913123414,"18":0.0907793343,"19":0.0910276398,"20":0.0905710831,"21":0.0901711062,"22":0.0904119983,"23":0.0902643278,"24":0.0901330784,"25":0.0897225738,"26":0.089534916,"27":0.0894742161,"28":0.0883528516,"29":0.0885637626}}