{"loss":{"0":0.0808196962,"1":0.08060617,"2":0.0775813758,"3":0.0740387589,"4":0.0732631534,"5":0.0681906715,"6":0.0653547868,"7":0.0633913875,"8":0.0618222021,"9":0.05838608,"10":0.0553055778,"11":0.0540408753,"12":0.0521454066,"13":0.0519869551,"14":0.0495080948,"15":0.050146047,"16":0.0482251123,"17":0.0465858355,"18":0.0471101478,"19":0.0451828167,"20":0.0437113643,"21":0.0416739658,"22":0.041347716,"23":0.0401530676,"24":0.0396822765,"25":0.0405278206,"26":0.0378468856,"27":0.0384546109,"28":0.038107831,"29":0.0368301794},"mean_squared_error":{"0":0.0795635656,"1":0.0763895884,"2":0.0711423457,"3":0.0656979159,"4":0.0622731894,"5":0.0583941042,"6":0.0556614473,"7":0.0523216128,"8":0.0490888841,"9":0.0460666493,"10":0.0440285429,"11":0.0425172113,"12":0.0415045992,"13":0.0408003144,"14":0.0398452058,"15":0.0392312855,"16":0.0382179208,"17":0.0370078646,"18":0.0356915146,"19":0.0335893854,"20":0.0311258491,"21":0.0296760723,"22":0.0292708445,"23":0.0288512073,"24":0.0287400708,"25":0.0288349055,"26":0.0284657609,"27":0.0285208132,"28":0.0283627473,"29":0.0281829834},"val_loss":{"0":0.0606277473,"1":0.058221817,"2":0.0549616776,"3":0.0548164845,"4":0.0526934639,"5":0.0537633635,"6":0.0520993136,"7":0.0478207096,"8":0.0450029485,"9":0.0436967164,"10":0.0422208905,"11":0.0397421867,"12":0.0399341136,"13":0.0412791073,"14":0.0393312648,"15":0.0334205776,"16":0.0388740152,"17":0.0319021568,"18":0.0391432419,"19":0.0344292596,"20":0.0312626325,"21":0.0350561291,"22":0.0323706269,"23":0.0319015905,"24":0.0310121737,"25":0.029328486,"26":0.0260843709,"27":0.0311581381,"28":0.0301497728,"29":0.0286065415},"val_mean_squared_error":{"0":0.053742975,"1":0.0515037701,"2":0.0489976071,"3":0.0457892455,"4":0.0429315716,"5":0.0414916687,"6":0.0394535922,"7":0.0371838659,"8":0.0337452255,"9":0.0315672308,"10":0.0302851517,"11":0.0291808974,"12":0.028721815,"13":0.0280192625,"14":0.0275845751,"15":0.0264823847,"16":0.025907129,"17":0.0245828014,"18":0.0234707501,"19":0.0221477523,"20":0.0194354877,"21":0.0192177705,"22":0.0185858179,"23":0.0185531788,"24":0.0182390846,"25":0.018208582,"26":0.0179415699,"27":0.0184010137,"28":0.0181706753,"29":0.0180836041}}