{"loss":{"0":0.026821956,"1":0.0268085934,"2":0.026640702,"3":0.0251001064,"4":0.0245898571,"5":0.0248754025,"6":0.0254788175,"7":0.0241708979,"8":0.024906937,"9":0.024278935,"10":0.0248947944,"11":0.0245856289,"12":0.0239357334},"mean_squared_error":{"0":0.0230325311,"1":0.0232974477,"2":0.0230733976,"3":0.0228222664,"4":0.0226786193,"5":0.0226509497,"6":0.0225906819,"7":0.0223845877,"8":0.0223973822,"9":0.0222858842,"10":0.0222571995,"11":0.0222023875,"12":0.0221145023},"val_loss":{"0":0.0190386884,"1":0.017030051,"2":0.0167137776,"3":0.0181797277,"4":0.0207469892,"5":0.0200191531,"6":0.0174071975,"7":0.0218231827,"8":0.0176100358,"9":0.0168272983,"10":0.0203129612,"11":0.018400548,"12":0.0190063585},"val_mean_squared_error":{"0":0.0137809515,"1":0.0134874526,"2":0.013431509,"3":0.0134755997,"4":0.0139035545,"5":0.0137352394,"6":0.0134123135,"7":0.0138982441,"8":0.0134336781,"9":0.0132985283,"10":0.0136855487,"11":0.0134356236,"12":0.0134616978}}