{"loss":{"0":0.0255317502,"1":0.0265623964,"2":0.0250374693,"3":0.0243629161,"4":0.0238291081,"5":0.0251382403,"6":0.0239602029,"7":0.0231875125,"8":0.0230724998,"9":0.0244348105,"10":0.0226708911,"11":0.0238049235,"12":0.0234109983,"13":0.0219809096,"14":0.0230137557,"15":0.0232556202,"16":0.0225855727,"17":0.022961745,"18":0.0227665473,"19":0.0224818699,"20":0.0232735239,"21":0.0225669947},"mean_squared_error":{"0":0.0223356858,"1":0.0219402816,"2":0.0217539333,"3":0.0215183552,"4":0.021379523,"5":0.0213865768,"6":0.02123571,"7":0.021108536,"8":0.0209875014,"9":0.0211001411,"10":0.0208471026,"11":0.0209243223,"12":0.0208507702,"13":0.0206723809,"14":0.0206816252,"15":0.0206459202,"16":0.0205407348,"17":0.0205827951,"18":0.0204994213,"19":0.0204488914,"20":0.0205031633,"21":0.0204260871},"val_loss":{"0":0.0188205242,"1":0.0181057733,"2":0.0176165029,"3":0.016720023,"4":0.0162190832,"5":0.0194370784,"6":0.0177298822,"7":0.0176246725,"8":0.0165786427,"9":0.0153637016,"10":0.0160532463,"11":0.0149484677,"12":0.0156727321,"13":0.0161501002,"14":0.018294476,"15":0.0176890828,"16":0.0180390663,"17":0.0197501611,"18":0.0170711838,"19":0.0173553601,"20":0.0178124141,"21":0.0184530206},"val_mean_squared_error":{"0":0.012991678,"1":0.012723797,"2":0.0126973391,"3":0.0126283774,"4":0.0126304375,"5":0.0128785186,"6":0.0126910657,"7":0.0126716271,"8":0.012617901,"9":0.0125254001,"10":0.0125809247,"11":0.0125138536,"12":0.0124916593,"13":0.0125632482,"14":0.0126772029,"15":0.0125754774,"16":0.0126498807,"17":0.0127978399,"18":0.0125673311,"19":0.0125340363,"20":0.0126332575,"21":0.0126078911}}