{"loss":{"0":0.0217801873,"1":0.0207002144,"2":0.0207038764,"3":0.0202416629,"4":0.0204199981,"5":0.0198596511,"6":0.020540582,"7":0.0204438027,"8":0.0195266753,"9":0.0203229375,"10":0.0198144037,"11":0.0204254277},"mean_squared_error":{"0":0.0175527595,"1":0.0176808555,"2":0.0176501591,"3":0.0175676066,"4":0.0175544638,"5":0.0175077561,"6":0.0175309703,"7":0.0175468232,"8":0.0174493939,"9":0.0175064653,"10":0.0174188558,"11":0.0175037943},"val_loss":{"0":0.0133541645,"1":0.0126024401,"2":0.0147186127,"3":0.0154468426,"4":0.0133250821,"5":0.0140520483,"6":0.0138391564,"7":0.0130436337,"8":0.0156591479,"9":0.0146119911,"10":0.0126644373,"11":0.0140504427},"val_mean_squared_error":{"0":0.0100064743,"1":0.0100304643,"2":0.01015817,"3":0.0102728419,"4":0.0101098744,"5":0.010126817,"6":0.010135537,"7":0.0100583602,"8":0.0102777313,"9":0.010190092,"10":0.0100038704,"11":0.0100441352}}