{"loss":{"0":0.7964422107,"1":0.3815530241,"2":0.5370822549,"3":0.311881572,"4":0.3082346022,"5":0.2990444005,"6":2.1440601349,"7":0.5637105107,"8":0.3481666148,"9":0.4601544738,"10":0.9075033665,"11":0.3258013427},"mean_squared_logarithmic_error":{"0":0.1198939905,"1":0.114435032,"2":0.1139832214,"3":0.1163488403,"4":0.1143215075,"5":0.1145526469,"6":0.1218261421,"7":0.1157519147,"8":0.1145099103,"9":0.1140902191,"10":0.1182342246,"11":0.1146350428},"mean_squared_error":{"0":25703.490234375,"1":141592.171875,"2":8135.73828125,"3":224.6456298828,"4":354.2890014648,"5":179.7060241699,"6":261372.78125,"7":149084.640625,"8":6811.357421875,"9":23357.00390625,"10":53953.125,"11":1491.8719482422},"val_loss":{"0":0.2846441865,"1":0.2273892164,"2":0.5999405384,"3":0.2333020121,"4":0.2310035378,"5":0.2367066294,"6":0.3151206374,"7":0.2828324735,"8":0.2498292029,"9":0.3281376958,"10":0.2365978956,"11":0.239954263},"val_mean_squared_logarithmic_error":{"0":0.0950537398,"1":0.091253221,"2":0.0897392258,"3":0.0953260362,"4":0.093033582,"5":0.0983467326,"6":0.0977945104,"7":0.0960562751,"8":0.0950331464,"9":0.0948992297,"10":0.0969101191,"11":0.0964450315},"val_mean_squared_error":{"0":835.6979370117,"1":6.0852365494,"2":7632.4155273438,"3":0.9605656862,"4":2.9287326336,"5":0.4363771975,"6":7826.845703125,"7":833.6915283203,"8":120.5557403564,"9":2193.6206054688,"10":2.1874194145,"11":4.4655203819}}