{"loss":{"0":0.2981393337,"1":0.1995236725,"2":0.1780107617,"3":149.075012207,"4":780.0891723633,"5":1.5543365479,"6":0.8982562423,"7":0.4320510328,"8":0.3549166024,"9":0.3382791281,"10":0.3258349597,"11":0.3247300982,"12":0.3244192004},"mean_squared_logarithmic_error":{"0":0.0999401286,"1":0.0734368935,"2":0.0673248172,"3":0.3467747867,"4":0.9690606594,"5":0.1849832982,"6":0.1801574081,"7":0.1497080177,"8":0.1411717683,"9":0.1378991306,"10":0.1367213726,"11":0.1365823299,"12":0.136479184},"mean_squared_error":{"0":1306.8023681641,"1":0.3290682733,"2":0.3029857576,"3":89853264.0,"4":1927236992.0,"5":41298.203125,"6":5009.7739257812,"7":162.5325775146,"8":5.1737589836,"9":6.7600903511,"10":0.7517926693,"11":0.6044082046,"12":0.6109276414},"val_loss":{"0":0.1654220372,"1":0.1063451692,"2":0.0432660133,"3":74956.46875,"4":0.8039982319,"5":0.3367420733,"6":0.3820750117,"7":0.2645530701,"8":0.2649313211,"9":0.2611941993,"10":0.2604998052,"11":0.2605463862,"12":0.2612265944},"val_mean_squared_logarithmic_error":{"0":0.0601287968,"1":0.0363900252,"2":0.007962741,"3":22.2524681091,"4":0.1360336542,"5":0.1179537401,"6":0.1183707714,"7":0.1125204265,"8":0.1129125878,"9":0.1118018702,"10":0.1117870808,"11":0.1118540615,"12":0.1120000705},"val_mean_squared_error":{"0":0.258956939,"1":0.1637129933,"2":0.048397623,"3":158642716672.0,"4":5840.4663085938,"5":171.8186798096,"6":328.7128295898,"7":0.4893408418,"8":0.843731463,"9":0.5629897118,"10":0.474537313,"11":0.5323600769,"12":0.6154930592}}