{"loss":{"0":0.0177835841,"1":0.0179206338,"2":0.017827386,"3":0.0173252653,"4":0.0173622649,"5":0.0170989018,"6":0.0173151083,"7":0.0172140114,"8":22.213804245,"9":5.3662934303,"10":0.3117676079,"11":0.2517090738,"12":0.2174379975,"13":0.1855745018,"14":0.2271942943,"15":0.1678117663,"16":3.5046076775,"17":0.399925679},"mean_squared_logarithmic_error":{"0":0.0058656665,"1":0.0058729085,"2":0.0059209852,"3":0.0058130212,"4":0.0058157719,"5":0.0057406314,"6":0.0058189384,"7":0.0058195917,"8":0.0176307894,"9":0.2613787949,"10":0.0968046337,"11":0.0878639594,"12":0.0731183141,"13":0.061567124,"14":0.0594861507,"15":0.0571727417,"16":0.0712976828,"17":0.1103118882},"mean_squared_error":{"0":0.0262318738,"1":0.0265798178,"2":0.0276760925,"3":0.0256484319,"4":0.0269824397,"5":0.0247667581,"6":0.0266040489,"7":0.0268432256,"8":36115008.0,"9":26419.92578125,"10":33.7351570129,"11":6.8709850311,"12":5.0793690681,"13":2.0202517509,"14":4741.890625,"15":4.025739193,"16":1536090.0,"17":4864.359375},"val_loss":{"0":0.0400957912,"1":0.0370253399,"2":0.029593613,"3":0.0270202421,"4":0.0314006358,"5":0.0349545106,"6":0.0272460897,"7":0.0252423193,"8":0.0530069061,"9":0.2254484296,"10":0.1703075618,"11":0.1414218247,"12":0.1007514969,"13":0.0846009403,"14":0.0881809294,"15":0.0839931592,"16":1.2475161552,"17":0.2418306321},"val_mean_squared_logarithmic_error":{"0":0.0058799465,"1":0.0058213742,"2":0.0048505878,"3":0.0045836996,"4":0.0048840567,"5":0.0052728988,"6":0.0045972364,"7":0.0043454659,"8":0.0064520696,"9":0.0598583631,"10":0.0498688705,"11":0.0435730778,"12":0.0239044745,"13":0.0200379994,"14":0.023900114,"15":0.0229122788,"16":0.0821303204,"17":0.0800866932},"val_mean_squared_error":{"0":0.0218202472,"1":0.0205817893,"2":0.0183130223,"3":0.0173630323,"4":0.0187744889,"5":0.0194281898,"6":0.0176113211,"7":0.0169464424,"8":0.0257627815,"9":7.4733705521,"10":3.0084681511,"11":0.5793464184,"12":0.0990330279,"13":0.1097622514,"14":0.097758092,"15":0.2565515339,"16":628724.125,"17":316.8255615234}}