{"loss":{"0":0.2125340998,"1":0.0739681125,"2":0.041747611,"3":0.0329002291,"4":0.0281629302,"5":0.0251480769,"6":0.0238143243,"7":0.0234762635,"8":0.0231166277,"9":0.0213641804,"10":0.021092942,"11":0.0203200653,"12":0.0197615046,"13":0.0192174185,"14":0.0197405722,"15":0.018754201,"16":0.018136166,"17":0.0180794504,"18":0.0183672346,"19":0.0179555696,"20":0.0176681187,"21":0.0179769117,"22":0.0174842179,"23":0.016683232,"24":0.0163771883,"25":0.0169200506,"26":0.0164808854,"27":0.0168595035,"28":0.0168774985,"29":0.0166901145,"30":0.0161637962,"31":0.0164117943,"32":0.0158541016,"33":0.0157283023,"34":0.0157590974,"35":0.0161395445,"36":0.015747983,"37":0.0160733275,"38":0.0151738925,"39":0.0151843596,"40":0.0153920436,"41":0.0152066201,"42":0.0154661909,"43":0.0160801206,"44":0.0153694702,"45":0.0152414674},"mean_squared_logarithmic_error":{"0":0.0762460604,"1":0.0187904276,"2":0.008797504,"3":0.0068554701,"4":0.006084614,"5":0.0056144637,"6":0.0055410038,"7":0.0056205438,"8":0.0056474255,"9":0.005295177,"10":0.0053095198,"11":0.0051768478,"12":0.0051799943,"13":0.0050648535,"14":0.0052472884,"15":0.0050566029,"16":0.004967947,"17":0.0050190757,"18":0.0051102992,"19":0.0050957301,"20":0.0050252485,"21":0.0052516903,"22":0.0050128871,"23":0.004882813,"24":0.004809015,"25":0.0049677319,"26":0.0048542977,"27":0.0050385296,"28":0.0050691077,"29":0.0049822754,"30":0.0048755645,"31":0.0049756621,"32":0.0048573129,"33":0.0048486525,"34":0.0048626969,"35":0.0049903481,"36":0.004959845,"37":0.0050205113,"38":0.0047908369,"39":0.0047733174,"40":0.0048060282,"41":0.0047666505,"42":0.0048258831,"43":0.0050570765,"44":0.0048904065,"45":0.004865671},"mean_squared_error":{"0":0.334826827,"1":0.0805190727,"2":0.0494374335,"3":0.0386328213,"4":0.0393292345,"5":0.0355679356,"6":0.0350201949,"7":0.0345554389,"8":0.0375787243,"9":0.02953838,"10":0.0283055957,"11":0.0272317193,"12":0.0292271543,"13":0.0265969168,"14":0.0298074018,"15":0.0260852203,"16":0.0234139636,"17":0.0235723201,"18":0.0264003258,"19":0.02856615,"20":0.0252101775,"21":0.0323690623,"22":0.0291019566,"23":0.0227286071,"24":0.0211461931,"25":0.023270553,"26":0.0221536886,"27":0.0308407582,"28":0.029379867,"29":0.0248339716,"30":0.0243143924,"31":0.0256487653,"32":0.0220799223,"33":0.0220660903,"34":0.02353088,"35":0.026103206,"36":0.0257605501,"37":0.0276684128,"38":0.0210707393,"39":0.0208288878,"40":0.0211982392,"41":0.0207591392,"42":0.0215180535,"43":0.0319983885,"44":0.0246944167,"45":0.0250816476},"val_loss":{"0":0.103419356,"1":0.0583193675,"2":0.0563925542,"3":0.0515983514,"4":0.0606511086,"5":0.0498360507,"6":0.0551873557,"7":0.0472538918,"8":0.0486956872,"9":0.0459712632,"10":0.0363669284,"11":0.0387918837,"12":0.0408688486,"13":0.0448846258,"14":0.0427092388,"15":0.0310748387,"16":0.0292913336,"17":0.0300064776,"18":0.0289961249,"19":0.0263823327,"20":0.0250943676,"21":0.0242430232,"22":0.0265504159,"23":0.0270622168,"24":0.0316990651,"25":0.0268732961,"26":0.0249897353,"27":0.0319706313,"28":0.0285998192,"29":0.0288614761,"30":0.0265355296,"31":0.0241771713,"32":0.02354021,"33":0.0262468662,"34":0.0223144162,"35":0.0220158082,"36":0.0242263228,"37":0.0251709428,"38":0.0281001013,"39":0.0285946056,"40":0.033577323,"41":0.0294911023,"42":0.0258396454,"43":0.0257084221,"44":0.0240390021,"45":0.0245890711},"val_mean_squared_logarithmic_error":{"0":0.0329215825,"1":0.0083436118,"2":0.0066789784,"3":0.0056746793,"4":0.0058631441,"5":0.0050390703,"6":0.0054944479,"7":0.0051091453,"8":0.0050771218,"9":0.0052411896,"10":0.0046972712,"11":0.0046771672,"12":0.0048483475,"13":0.0050984705,"14":0.0047667208,"15":0.0045871395,"16":0.0045142127,"17":0.0043989508,"18":0.0042853346,"19":0.004245922,"20":0.0042187553,"21":0.0041441601,"22":0.0042962031,"23":0.0041814512,"24":0.0043445164,"25":0.0043626116,"26":0.0042853341,"27":0.0046621868,"28":0.0042977463,"29":0.0046771197,"30":0.0045644864,"31":0.0042339657,"32":0.0042499988,"33":0.0042868606,"34":0.0043634903,"35":0.0041516526,"36":0.0043143593,"37":0.0044737644,"38":0.0044987192,"39":0.0045499122,"40":0.0053060162,"41":0.004604381,"42":0.0045159934,"43":0.0044594891,"44":0.0043756859,"45":0.004422701},"val_mean_squared_error":{"0":0.1001851782,"1":0.0303007644,"2":0.0256022606,"3":0.0225653462,"4":0.0232383776,"5":0.0205942448,"6":0.0222165063,"7":0.0198959596,"8":0.0209711753,"9":0.0208028685,"10":0.0186329708,"11":0.0190422442,"12":0.0197013151,"13":0.0202041753,"14":0.0213855859,"15":0.0189696942,"16":0.0186296981,"17":0.0184650756,"18":0.0184830874,"19":0.018369073,"20":0.017749425,"21":0.0173250772,"22":0.0178117286,"23":0.0182511285,"24":0.0190528259,"25":0.0179985277,"26":0.0181619301,"27":0.0192571953,"28":0.0188903417,"29":0.0197557956,"30":0.0190352462,"31":0.0188741796,"32":0.0181851443,"33":0.019276442,"34":0.0184446163,"35":0.0182444155,"36":0.0180870909,"37":0.0187474824,"38":0.0200464912,"39":0.0194392614,"40":0.0216938276,"41":0.0196299125,"42":0.0193747077,"43":0.0189813524,"44":0.0187645573,"45":0.0188116618}}