{"loss":{"0":0.3210216165,"1":0.3201127946,"2":0.3218369484,"3":0.3207918704,"4":0.3234838247,"5":0.3206763864,"6":0.3207187355,"7":0.3385314345,"8":0.3933620751,"9":0.3631521761,"10":0.3608802557,"11":0.3663057387,"12":0.3264966011,"13":0.3420814276,"14":0.325120151,"15":0.322393477,"16":0.4248400927},"mean_squared_logarithmic_error":{"0":0.1347553134,"1":0.1344978362,"2":0.1345437616,"3":0.1345081925,"4":0.1350443512,"5":0.1347779185,"6":0.1344996244,"7":0.134206593,"8":0.1353995502,"9":0.1352653801,"10":0.1352416575,"11":0.135610044,"12":0.1349828094,"13":0.1348922104,"14":0.1346463263,"15":0.1341516823,"16":0.1339703798},"mean_squared_error":{"0":0.9015265703,"1":0.6884974837,"2":12.4507036209,"3":0.9317637086,"4":3.9625008106,"5":1.2967269421,"6":3.9710409641,"7":3494.3115234375,"8":15940.3310546875,"9":2872.1928710938,"10":6307.837890625,"11":186.9007415771,"12":28.972284317,"13":2061.2172851562,"14":46.7438621521,"15":71.2891769409,"16":308131.09375},"val_loss":{"0":0.2624532878,"1":0.2617174685,"2":0.2615637183,"3":0.2627979815,"4":0.2627696097,"5":0.2620057166,"6":0.2601236105,"7":0.279486686,"8":0.3163522184,"9":0.3540630937,"10":0.278303057,"11":0.2746831477,"12":0.2673087716,"13":0.2795892656,"14":0.2612082362,"15":0.2676209509,"16":0.2608665824},"val_mean_squared_logarithmic_error":{"0":0.1162618548,"1":0.1150034368,"2":0.1153120324,"3":0.1157863513,"4":0.1164419353,"5":0.1157661229,"6":0.1141451001,"7":0.1168592796,"8":0.1168908626,"9":0.1168161035,"10":0.1168997362,"11":0.1168262959,"12":0.1166342646,"13":0.1160303727,"14":0.1151148379,"15":0.114750877,"16":0.1140841171},"val_mean_squared_error":{"0":0.4621226788,"1":0.8669683933,"2":0.4738661647,"3":1.8481527567,"4":0.5293195844,"5":0.5127466917,"6":0.4672014415,"7":16.4391155243,"8":963.2652587891,"9":17650.166015625,"10":23.0042552948,"11":84.9390945435,"12":42.828918457,"13":288.6175537109,"14":0.4530652761,"15":1546.5942382812,"16":3.8847842216}}