{"loss":{"0":0.2410514951,"1":0.232243821,"2":0.2308645546,"3":0.2301665246,"4":0.2295728773,"5":0.2290729284,"6":0.2287505716,"7":0.2284557968,"8":0.2281754017,"9":0.2279044837,"10":0.2276530713,"11":0.2273433208,"12":0.2270278037,"13":0.2267061323,"14":0.2263264358,"15":0.226032421,"16":0.2255599201,"17":0.2250959426,"18":0.2246761024,"19":0.224082008,"20":0.2234674543,"21":0.222893998},"mean_squared_logarithmic_error":{"0":0.0899481252,"1":0.085460633,"2":0.085639976,"3":0.085722737,"4":0.0858815834,"5":0.0859707519,"6":0.0860075876,"7":0.0860145614,"8":0.0860015079,"9":0.0860086307,"10":0.0859936103,"11":0.0859762281,"12":0.0859549716,"13":0.0859338641,"14":0.0858516917,"15":0.0857708529,"16":0.0856278986,"17":0.085502103,"18":0.0853389502,"19":0.0851798356,"20":0.0849812552,"21":0.0848059952},"mean_squared_error":{"0":0.4099850059,"1":0.3792402744,"2":0.3782685697,"3":0.3777960539,"4":0.3777237236,"5":0.3775088787,"6":0.3772041202,"7":0.3769126534,"8":0.3765114844,"9":0.3761601746,"10":0.3757690191,"11":0.3753726184,"12":0.3749695122,"13":0.3745365739,"14":0.3738956153,"15":0.3733190596,"16":0.3721012175,"17":0.3711573482,"18":0.3702206314,"19":0.3686443567,"20":0.3672164381,"21":0.3656179309},"val_loss":{"0":0.2033975273,"1":0.2006409913,"2":0.2000087798,"3":0.1989907175,"4":0.1988536268,"5":0.1985604316,"6":0.1983492523,"7":0.1980653405,"8":0.1979983896,"9":0.1978431791,"10":0.197815761,"11":0.197548762,"12":0.1976252794,"13":0.1976829767,"14":0.1977835894,"15":0.197882086,"16":0.1979935914,"17":0.1979583204,"18":0.1981005818,"19":0.1982686669,"20":0.1987768263,"21":0.1989246309},"val_mean_squared_logarithmic_error":{"0":0.0749590248,"1":0.0752439126,"2":0.0756554455,"3":0.0756487623,"4":0.0757982954,"5":0.0758839175,"6":0.0757680982,"7":0.0757967755,"8":0.0759436265,"9":0.0758889392,"10":0.075904794,"11":0.0759925544,"12":0.0760660768,"13":0.0763457045,"14":0.0764387697,"15":0.0764089376,"16":0.0766302571,"17":0.0765732154,"18":0.0766958594,"19":0.0768073201,"20":0.0772376135,"21":0.0771505311},"val_mean_squared_error":{"0":0.3147785068,"1":0.3169725537,"2":0.3151711822,"3":0.314470619,"4":0.3142564595,"5":0.3141180575,"6":0.3131797314,"7":0.3127551675,"8":0.3132397234,"9":0.3128457367,"10":0.3130197227,"11":0.3135074377,"12":0.3133542836,"13":0.3156993389,"14":0.3156648576,"15":0.3155755103,"16":0.3161170185,"17":0.3157649338,"18":0.3159184158,"19":0.3159298897,"20":0.3181117773,"21":0.3176977336}}