{"loss":{"0":0.360427469,"1":0.3590033352,"2":0.3582838476,"3":0.3575389385,"4":0.3568476439,"5":0.3561076224,"6":0.3553766012,"7":0.3545815349,"8":0.3539227247,"9":0.3530574739,"10":0.3519614637},"mean_squared_logarithmic_error":{"0":0.1452758759,"1":0.1446472257,"2":0.1442006081,"3":0.1437095106,"4":0.1433197409,"5":0.1428243965,"6":0.1423784941,"7":0.1419167519,"8":0.1414867938,"9":0.1411658227,"10":0.1407093555},"mean_squared_error":{"0":0.6243913174,"1":0.6190068126,"2":0.6163942814,"3":0.6137399077,"4":0.6112390161,"5":0.6087243557,"6":0.6061097383,"7":0.6034690738,"8":0.6009397507,"9":0.5984025002,"10":0.594604671},"val_loss":{"0":0.26746732,"1":0.2678409815,"2":0.2681309581,"3":0.2681909502,"4":0.2689199746,"5":0.2691668868,"6":0.2691917419,"7":0.2687602043,"8":0.2693356872,"9":0.2702423334,"10":0.2700977027},"val_mean_squared_logarithmic_error":{"0":0.1112616211,"1":0.111332573,"2":0.111482136,"3":0.1113651991,"4":0.111615926,"5":0.1116264015,"6":0.1114066467,"7":0.1111932248,"8":0.1113032699,"9":0.1115707308,"10":0.1114926413},"val_mean_squared_error":{"0":0.4053430557,"1":0.4057436585,"2":0.4064528644,"3":0.4061275125,"4":0.4070589244,"5":0.4075565338,"6":0.4064952135,"7":0.406912148,"8":0.4070858657,"9":0.4091799855,"10":0.40998891}}