{"loss":{"0":0.1316030622,"1":0.130642429,"2":0.1725172102,"3":0.1340026408,"4":0.1316363215,"5":0.1313528717,"6":0.1311363429,"7":0.1311393231,"8":0.1313196421,"9":0.1310748756,"10":0.1356356293,"11":0.1502525508},"mean_squared_logarithmic_error":{"0":0.0570912883,"1":0.0573384985,"2":0.0616178177,"3":0.0575369485,"4":0.0573396161,"5":0.0574169047,"6":0.057470575,"7":0.0574811883,"8":0.0574847013,"9":0.0574534424,"10":0.0575659983,"11":0.0590180792},"mean_squared_error":{"0":0.1661685258,"1":0.1669403017,"2":17.5035476685,"3":0.2503215671,"4":0.1680128127,"5":0.1685780287,"6":0.1692572981,"7":0.1675051153,"8":0.1683908999,"9":0.1676742435,"10":0.399671495,"11":24.5314044952},"val_loss":{"0":0.0945389494,"1":0.094094187,"2":0.099526599,"3":0.0962179229,"4":0.09590514,"5":0.09533979,"6":0.0952753052,"7":0.0951908305,"8":0.094851248,"9":0.0945444107,"10":0.1005035937,"11":0.098413296},"val_mean_squared_logarithmic_error":{"0":0.041432377,"1":0.0412156023,"2":0.0411358699,"3":0.0413040519,"4":0.0416286103,"5":0.0415398926,"6":0.0416071564,"7":0.0412515253,"8":0.0412259214,"9":0.0413389169,"10":0.039499443,"11":0.0399757251},"val_mean_squared_error":{"0":0.1046938524,"1":0.1054995507,"2":0.31946069,"3":0.1054331735,"4":0.1047814041,"5":0.1039983183,"6":0.1099971682,"7":0.1040838733,"8":0.1037393436,"9":0.1039321274,"10":0.3306629956,"11":0.1603895575}}