{"loss":{"0":0.2910686433,"1":0.2897938788,"2":0.2894517481,"3":0.2892906368,"4":0.2892218828,"5":0.28893435,"6":0.2885136604,"7":0.2881877422,"8":0.2877662778,"9":0.2873499393,"10":0.2868147194,"11":0.2861100733,"12":0.2854202986,"13":0.2847601771,"14":0.284134835,"15":0.2835437357},"mean_squared_logarithmic_error":{"0":0.1179152578,"1":0.1191741303,"2":0.1196332201,"3":0.1196977943,"4":0.1195469499,"5":0.1192453429,"6":0.1187458634,"7":0.1185301393,"8":0.1182572842,"9":0.1180261746,"10":0.1173440367,"11":0.1166766211,"12":0.1162603348,"13":0.1157730371,"14":0.115417093,"15":0.1150551364},"mean_squared_error":{"0":0.4963030219,"1":0.498316884,"2":0.4990311563,"3":0.498939544,"4":0.4986377656,"5":0.4967601597,"6":0.4948020875,"7":0.4936150908,"8":0.4919683337,"9":0.4907794595,"10":0.4884796739,"11":0.485722214,"12":0.4830106795,"13":0.4804997742,"14":0.4783957005,"15":0.4763858616},"val_loss":{"0":0.1995984614,"1":0.1988022774,"2":0.1979720891,"3":0.1973826885,"4":0.1972973496,"5":0.1972546577,"6":0.1975059658,"7":0.1975871474,"8":0.1976803839,"9":0.1980035156,"10":0.1983879656,"11":0.1994235069,"12":0.1995787472,"13":0.2000772357,"14":0.2001089454,"15":0.2004029453},"val_mean_squared_logarithmic_error":{"0":0.0851348266,"1":0.0847916231,"2":0.0847325176,"3":0.0845830217,"4":0.0843444541,"5":0.0842505172,"6":0.084412992,"7":0.0844369307,"8":0.0843181163,"9":0.0844958648,"10":0.0845566317,"11":0.0848945379,"12":0.084934257,"13":0.0851815268,"14":0.0851329863,"15":0.0851124376},"val_mean_squared_error":{"0":0.2799364328,"1":0.2798236012,"2":0.2797403336,"3":0.2789568901,"4":0.2783021033,"5":0.2779632211,"6":0.2787014246,"7":0.2786910534,"8":0.279045701,"9":0.2802506089,"10":0.2809910178,"11":0.2847419679,"12":0.2849439085,"13":0.2856218517,"14":0.285051465,"15":0.2848233283}}