{"loss":{"0":0.3718964458,"1":0.368431896,"2":0.3735290766,"3":0.3759282529,"4":0.3739832044,"5":0.3740982711,"6":0.3715367615,"7":0.3760982752,"8":0.3746393323,"9":0.3737146258,"10":0.3719753623,"11":0.4877412319},"mean_squared_logarithmic_error":{"0":0.1527655721,"1":0.1516583264,"2":0.1530291885,"3":0.1553613991,"4":0.1540106833,"5":0.153740108,"6":0.1535570472,"7":0.1536125988,"8":0.1549957246,"9":0.1545542777,"10":0.1536085755,"11":0.1600128859},"mean_squared_error":{"0":0.7553428411,"1":0.6899902821,"2":8.3134946823,"3":0.7444250584,"4":5.3244600296,"5":13.81366539,"6":1.3385967016,"7":297.466217041,"8":1.2600855827,"9":0.6987940669,"10":0.6877093315,"11":1642.4666748047},"val_loss":{"0":0.256180793,"1":0.2559865713,"2":0.2577362955,"3":0.257539928,"4":0.2588631809,"5":0.2585328221,"6":0.2580194175,"7":0.2593182027,"8":0.2597081661,"9":0.2579069138,"10":0.2578962445,"11":0.3481526077},"val_mean_squared_logarithmic_error":{"0":0.1067430601,"1":0.1065413281,"2":0.1069486961,"3":0.107370764,"4":0.1071576104,"5":0.1077649295,"6":0.107472159,"7":0.1080773845,"8":0.1084381789,"9":0.1074093059,"10":0.1074508429,"11":0.1158174351},"val_mean_squared_error":{"0":0.3845176101,"1":0.3837646842,"2":0.4794584811,"3":0.399024725,"4":4.9323849678,"5":0.3958505094,"6":0.3950571716,"7":0.3960993886,"8":0.3972201347,"9":0.3939352334,"10":0.3912425935,"11":2663.0971679688}}