{"loss":{"0":0.2883015275,"1":0.2861394584,"2":0.284946382,"3":0.2839881778,"4":0.2833362222,"5":0.2849584818,"6":0.2878398299,"7":0.2866072357,"8":0.2855783105,"9":0.2871706486,"10":0.2863926589,"11":0.2858423591,"12":0.2845716476,"13":0.2899809182,"14":0.3100521863},"mean_squared_logarithmic_error":{"0":0.1114994511,"1":0.1084354296,"2":0.1083539575,"3":0.1081749722,"4":0.1080625355,"5":0.1089344993,"6":0.1102297157,"7":0.109988533,"8":0.1092797518,"9":0.1095317975,"10":0.1092318743,"11":0.1088980436,"12":0.1085474491,"13":0.1097761616,"14":0.1260047108},"mean_squared_error":{"0":0.4872315526,"1":0.4892933369,"2":0.4702032804,"3":0.4670269191,"4":0.4650144577,"5":0.4727849364,"6":0.5830120444,"7":0.4776048064,"8":0.4731561542,"9":0.644736886,"10":0.4744717479,"11":0.4749563336,"12":0.4687694609,"13":0.5479297042,"14":1.0314233303},"val_loss":{"0":0.2163679302,"1":0.2160090804,"2":0.2158620507,"3":0.2157349586,"4":0.215688765,"5":0.2159211189,"6":0.2162368149,"7":0.2166891247,"8":0.2168071866,"9":0.2188663483,"10":0.2183261067,"11":0.2175446302,"12":0.217364952,"13":0.2181583792,"14":0.2252881676},"val_mean_squared_logarithmic_error":{"0":0.0875080153,"1":0.0864364058,"2":0.0864559561,"3":0.0862996504,"4":0.0862429589,"5":0.0861342326,"6":0.0870173275,"7":0.0862703696,"8":0.0863416046,"9":0.0865622908,"10":0.0865454376,"11":0.0862817094,"12":0.0863371119,"13":0.086887829,"14":0.0943138525},"val_mean_squared_error":{"0":0.2969941199,"1":0.294269681,"2":0.2939333618,"3":0.2932950556,"4":0.2928946316,"5":0.2935250998,"6":0.2961161733,"7":0.2933962345,"8":0.293032527,"9":0.2933093309,"10":0.2935431302,"11":0.2927033603,"12":0.292511344,"13":0.2994593084,"14":0.3841024935}}