{"loss":{"0":0.2563505471,"1":0.255960077,"2":0.2553318441,"3":58.7414932251,"4":0.832936883,"5":1.1259400845,"6":0.696808517,"7":0.4690630138,"8":0.4025754333,"9":0.3455017209,"10":0.3223097324,"11":0.3345356286},"mean_squared_logarithmic_error":{"0":0.1011029258,"1":0.101974763,"2":0.1020074487,"3":0.2345480472,"4":0.187471956,"5":0.2247302979,"6":0.1759792119,"7":0.1446941346,"8":0.135358423,"9":0.1266855299,"10":0.1221008599,"11":0.1250361651},"mean_squared_error":{"0":0.389549315,"1":0.3912699521,"2":0.3906452954,"3":140360576.0,"4":4350.4272460938,"5":5054.0864257812,"6":1044.0397949219,"7":65.4936141968,"8":101.9861526489,"9":2.7513301373,"10":2.6480469704,"11":2.2626292706},"val_loss":{"0":0.1721807122,"1":0.1716097742,"2":0.1717393845,"3":0.3281957507,"4":0.9733295441,"5":0.7680446506,"6":0.4590162337,"7":0.333828181,"8":0.2339811325,"9":0.2061138451,"10":0.2478524894,"11":0.2079580128},"val_mean_squared_logarithmic_error":{"0":0.071875304,"1":0.0719486326,"2":0.0720341131,"3":0.1006438807,"4":0.1823593378,"5":0.1731279939,"6":0.1169981509,"7":0.1071120277,"8":0.0860230327,"9":0.0805875883,"10":0.0878531858,"11":0.0814999938},"val_mean_squared_error":{"0":0.2368767709,"1":0.2365293354,"2":0.2363643199,"3":27.2176132202,"4":8735.232421875,"5":124.1874923706,"6":1521.0538330078,"7":10.5380525589,"8":2.5790212154,"9":0.9708014131,"10":2.3742129803,"11":0.6835488677}}