{"loss":{"0":0.3099198043,"1":0.3058367074,"2":0.3045611084,"3":0.3037768006,"4":0.3032258153,"5":0.3026293218,"6":0.3020766079,"7":0.3016594648,"8":0.3012256026,"9":0.3006386161,"10":0.2999169827,"11":0.2993083596,"12":0.2985911965,"13":0.2978324294,"14":0.297236383,"15":0.2964128852,"16":0.295825243,"17":0.4767985046},"mean_squared_logarithmic_error":{"0":0.1157302707,"1":0.1152930111,"2":0.1153014377,"3":0.1152665392,"4":0.115327023,"5":0.1152736545,"6":0.1151779518,"7":0.1150240004,"8":0.1149087623,"9":0.1146896631,"10":0.1144997701,"11":0.114264138,"12":0.1140230075,"13":0.1137750447,"14":0.1135939285,"15":0.1133758351,"16":0.1133051366,"17":0.1405475289},"mean_squared_error":{"0":0.4907665253,"1":0.4861682951,"2":0.4852038622,"3":0.4848959446,"4":0.4845364392,"5":0.4836951494,"6":0.4826579094,"7":0.4814803302,"8":0.4803752601,"9":0.4787530899,"10":0.4773393869,"11":0.4756463468,"12":0.4735221863,"13":0.4714474678,"14":0.4700300694,"15":0.4680111706,"16":0.4671765268,"17":661.7945556641},"val_loss":{"0":0.2253541499,"1":0.2253238708,"2":0.2242306024,"3":0.2237354368,"4":0.2234690934,"5":0.2232934684,"6":0.2230587304,"7":0.2229513526,"8":0.2230315655,"9":0.2230434418,"10":0.2231765836,"11":0.2233964652,"12":0.2235533595,"13":0.2236302942,"14":0.2240990847,"15":0.2241712809,"16":0.2243264765,"17":0.2499969304},"val_mean_squared_logarithmic_error":{"0":0.0865625963,"1":0.0874143839,"2":0.0878525674,"3":0.0883855894,"4":0.088562429,"5":0.0885189697,"6":0.0884885266,"7":0.0884937495,"8":0.0885226205,"9":0.0883859172,"10":0.0883909613,"11":0.0885128379,"12":0.0885780528,"13":0.0886220634,"14":0.0889099017,"15":0.0892479196,"16":0.0895296633,"17":0.0988812372},"val_mean_squared_error":{"0":0.31005463,"1":0.3099756539,"2":0.3128565848,"3":0.3131631017,"4":0.3126625717,"5":0.3127694428,"6":0.3134357035,"7":0.3138658106,"8":0.3138008714,"9":0.3143191934,"10":0.3146999478,"11":0.3156625628,"12":0.3153938353,"13":0.3153234422,"14":0.3180980086,"15":0.3198824823,"16":0.3205710351,"17":3.1084458828}}