{"loss":{"0":0.2243041396,"1":0.2236226499,"2":0.2233452499,"3":0.2233674228,"4":0.223073408,"5":0.2229889333,"6":0.2234277427,"7":0.2255229503,"8":0.2344914228,"9":0.2346146554,"10":0.2326536775,"11":0.232120499,"12":0.2319161892,"13":0.2315514237,"14":0.231398046},"mean_squared_logarithmic_error":{"0":0.0939926207,"1":0.0939972848,"2":0.0939551294,"3":0.093919076,"4":0.093817763,"5":0.0937737152,"6":0.0938734561,"7":0.0944869369,"8":0.0970633775,"9":0.0984499305,"10":0.0982424542,"11":0.0982874036,"12":0.0983057991,"13":0.0983220413,"14":0.0983194336},"mean_squared_error":{"0":0.3383082747,"1":0.3389611244,"2":0.3388156891,"3":0.3392907083,"4":0.3383370042,"5":0.3383170068,"6":0.3390998244,"7":0.3867719173,"8":1.0423358679,"9":0.4847445488,"10":0.4699938297,"11":0.3868741989,"12":0.3854222596,"13":0.3839805722,"14":0.384303093},"val_loss":{"0":0.1728431582,"1":0.171984911,"2":0.1715540439,"3":0.1717696935,"4":0.1714104563,"5":0.1715134531,"6":0.1718315929,"7":0.173617363,"8":0.176519841,"9":0.175697282,"10":0.1751336455,"11":0.1748855114,"12":0.1745539606,"13":0.1743918657,"14":0.1743517518},"val_mean_squared_logarithmic_error":{"0":0.0733831376,"1":0.0733099058,"2":0.0732618943,"3":0.0733421445,"4":0.0734219775,"5":0.0734424293,"6":0.0734333098,"7":0.0734354481,"8":0.0752064884,"9":0.0752363577,"10":0.0751942545,"11":0.0751634464,"12":0.0751746073,"13":0.0750995874,"14":0.0751550123},"val_mean_squared_error":{"0":0.2337135971,"1":0.2341096848,"2":0.2346448451,"3":0.2341952324,"4":0.2347487509,"5":0.2348333597,"6":0.2342369109,"7":0.2359833419,"8":0.2458061129,"9":0.2457762957,"10":0.241206333,"11":0.2431977987,"12":0.241366297,"13":0.2394568771,"14":0.2399141341}}