{"loss":{"0":0.2011741996,"1":0.201347962,"2":0.2013095617,"3":0.2020249367,"4":0.212461099,"5":0.2118487954,"6":0.2097883373,"7":0.2082003504,"8":0.2074148953,"9":0.2073325813,"10":0.2071555853,"11":0.2074387819,"12":0.2079704553},"mean_squared_logarithmic_error":{"0":0.0853342712,"1":0.0854578763,"2":0.0853842571,"3":0.0853670985,"4":0.0880801901,"5":0.0889840126,"6":0.0887651443,"7":0.0885206312,"8":0.0883816183,"9":0.088271521,"10":0.0882184133,"11":0.0882709548,"12":0.0882885307},"mean_squared_error":{"0":0.291362226,"1":0.2923942506,"2":0.2920459807,"3":0.3063702583,"4":2.2393090725,"5":3.2242808342,"6":0.8578022718,"7":0.4457828701,"8":0.3178767264,"9":0.3215221465,"10":0.3187813163,"11":0.3302832544,"12":1.4866821766},"val_loss":{"0":0.1423674077,"1":0.1423023641,"2":0.1420368701,"3":0.1425401419,"4":0.1497514546,"5":0.150082469,"6":0.1497334093,"7":0.1491534412,"8":0.1484877616,"9":0.1482000202,"10":0.1481192559,"11":0.1486374885,"12":0.1487528086},"val_mean_squared_logarithmic_error":{"0":0.0616132692,"1":0.0617115647,"2":0.0616543554,"3":0.0614306927,"4":0.0652904883,"5":0.0653536394,"6":0.0652214065,"7":0.0651833937,"8":0.0648924708,"9":0.0647297204,"10":0.0646821782,"11":0.0647541359,"12":0.0648025796},"val_mean_squared_error":{"0":0.1818764657,"1":0.1820176691,"2":0.181706816,"3":0.1812628806,"4":0.2457405031,"5":0.3218509853,"6":0.2821261585,"7":0.2140825391,"8":0.1874823272,"9":0.1922616959,"10":0.2160172909,"11":0.1885727048,"12":1.1820135117}}