{"loss":{"0":0.362285465,"1":0.3608441949,"2":0.3600105047,"3":0.3592722714,"4":0.3584817052,"5":0.3576998711,"6":0.3566661775,"7":0.3559004366,"8":0.3550471961,"9":0.3539398611,"10":0.3531267047,"11":0.3521476686,"12":0.3513405919,"13":0.3503664434},"mean_squared_logarithmic_error":{"0":0.1471689194,"1":0.1465920508,"2":0.146017924,"3":0.1455344558,"4":0.1448545903,"5":0.1440438181,"6":0.1433117837,"7":0.1427772939,"8":0.1422495842,"9":0.141712293,"10":0.1412528455,"11":0.1407931745,"12":0.1403667778,"13":0.1398582309},"mean_squared_error":{"0":0.6246130466,"1":0.6196095347,"2":0.6168940067,"3":0.6141918898,"4":0.6110911369,"5":0.6079803109,"6":0.6042383909,"7":0.6013681293,"8":0.5983130336,"9":0.5946372747,"10":0.5916787982,"11":0.5883496404,"12":0.5858476758,"13":0.5822972059},"val_loss":{"0":0.2728735209,"1":0.2723417878,"2":0.2722882628,"3":0.2714672983,"4":0.2721365094,"5":0.2722257078,"6":0.2723579705,"7":0.2724738419,"8":0.2724462152,"9":0.2728120089,"10":0.2730623782,"11":0.2738154233,"12":0.2739157081,"13":0.2741413116},"val_mean_squared_logarithmic_error":{"0":0.1136162579,"1":0.113468647,"2":0.1134956256,"3":0.1131676286,"4":0.1132779419,"5":0.1134556532,"6":0.1134318337,"7":0.1133224815,"8":0.1132540032,"9":0.1132675558,"10":0.11314255,"11":0.1133488491,"12":0.113417998,"13":0.1133495793},"val_mean_squared_error":{"0":0.4186313152,"1":0.418289274,"2":0.4189749956,"3":0.417922616,"4":0.4187589586,"5":0.4197992682,"6":0.4198299646,"7":0.420145154,"8":0.4206616879,"9":0.421151489,"10":0.4224331677,"11":0.4244232774,"12":0.4249350429,"13":0.4253531396}}