{"loss":{"0":0.2631843388,"1":0.2616967857,"2":0.2587965131,"3":0.2579015791,"4":0.2573828995,"5":0.256970197,"6":0.2566130161,"7":0.2563354075,"8":0.2560446858,"9":0.2558667362,"10":0.2556602061,"11":0.255409658,"12":0.2553013563,"13":0.2551340759,"14":0.2887979746,"15":0.2956244349,"16":0.2909140885,"17":0.2877534032,"18":0.2871519625},"mean_squared_logarithmic_error":{"0":0.0961899906,"1":0.0942951292,"2":0.0937481672,"3":0.0938542187,"4":0.093980588,"5":0.0941118598,"6":0.0942281559,"7":0.0943690911,"8":0.0944449902,"9":0.0945281461,"10":0.0946120769,"11":0.0945675522,"12":0.0945365131,"13":0.0945526958,"14":0.1034826338,"15":0.1102119163,"16":0.1076181829,"17":0.1060797423,"18":0.1074660271},"mean_squared_error":{"0":0.4188471735,"1":0.4980736971,"2":0.4068619907,"3":0.4061039984,"4":0.4059535861,"5":0.4060510099,"6":0.406229645,"7":0.4065868556,"8":0.4065039754,"9":0.4066443741,"10":0.4064323306,"11":0.4061224163,"12":0.4056127071,"13":0.4054047167,"14":12.5563993454,"15":2.1418893337,"16":0.9359001517,"17":0.7872881293,"18":0.5350519419},"val_loss":{"0":0.1991153061,"1":0.1995104551,"2":0.19821693,"3":0.1974319667,"4":0.1970195919,"5":0.1968894303,"6":0.1964239776,"7":0.1961860061,"8":0.1961131245,"9":0.1963321865,"10":0.1961652786,"11":0.1962248981,"12":0.1961993575,"13":0.1961813569,"14":0.2226127535,"15":0.2266957462,"16":0.2250344157,"17":0.2255236059,"18":0.2252153605},"val_mean_squared_logarithmic_error":{"0":0.0734278783,"1":0.0738867894,"2":0.0741261095,"3":0.0742892474,"4":0.0744466409,"5":0.0745953023,"6":0.0748553276,"7":0.0751404166,"8":0.0752070546,"9":0.0753806233,"10":0.0755061284,"11":0.0753923282,"12":0.0755018815,"13":0.0755554065,"14":0.0850003585,"15":0.0839427561,"16":0.0836881921,"17":0.0844320431,"18":0.0860569775},"val_mean_squared_error":{"0":0.2796393633,"1":0.2803234458,"2":0.2804658711,"3":0.281141907,"4":0.2818732858,"5":0.2824395001,"6":0.2836712301,"7":0.2855173647,"8":0.2855120003,"9":0.2877837121,"10":0.2873471677,"11":0.2878733873,"12":0.2882007658,"13":0.2885251343,"14":0.6238639355,"15":1.7092288733,"16":1.661847353,"17":0.3495677114,"18":0.3561982214}}