{"loss":{"0":0.4214791059,"1":0.417491734,"2":0.4155630469,"3":0.4143725634,"4":0.4132469594,"5":0.4121377766,"6":0.4111796916,"7":0.4105466902,"8":0.4093115628,"9":0.4080685675,"10":0.4069373906,"11":0.4058863521},"mean_squared_logarithmic_error":{"0":0.1565844864,"1":0.1558466107,"2":0.1556265205,"3":0.1555560231,"4":0.1552988142,"5":0.1550300419,"6":0.1547480226,"7":0.1545259058,"8":0.1541498601,"9":0.1538060308,"10":0.1533432901,"11":0.1530029625},"mean_squared_error":{"0":0.7673383355,"1":0.7590025663,"2":0.753561914,"3":0.7507645488,"4":0.7481689453,"5":0.7454710603,"6":0.7429228425,"7":0.7414391637,"8":0.7373713255,"9":0.7335270047,"10":0.7293971777,"11":0.7265022397},"val_loss":{"0":0.2921737432,"1":0.2919604182,"2":0.2923481166,"3":0.2920482457,"4":0.2924986482,"5":0.2929626703,"6":0.2937938571,"7":0.2934601009,"8":0.2936590314,"9":0.2940855622,"10":0.2946807742,"11":0.2948178351},"val_mean_squared_logarithmic_error":{"0":0.1154689938,"1":0.1158357859,"2":0.1162909642,"3":0.1163927987,"4":0.1163852215,"5":0.1166502684,"6":0.1166911423,"7":0.1166772768,"8":0.1169473901,"9":0.1169877127,"10":0.1169655323,"11":0.1169799715},"val_mean_squared_error":{"0":0.4498605728,"1":0.4496417344,"2":0.4507023096,"3":0.4516161978,"4":0.451436162,"5":0.4533513486,"6":0.4535283744,"7":0.4533437788,"8":0.4544309378,"9":0.4561949074,"10":0.4569794834,"11":0.4575916827}}