{"loss":{"0":0.3326826394,"1":0.3314652443,"2":0.3308152258,"3":0.3302735984,"4":0.3295987248,"5":0.3289668262,"6":0.3283403516,"7":0.3276166022,"8":0.3270240724,"9":0.3262626231,"10":0.3255312443,"11":0.3246978521,"12":0.3239563406},"mean_squared_logarithmic_error":{"0":0.1361554861,"1":0.133968696,"2":0.1334707886,"3":0.1331727356,"4":0.1328807473,"5":0.1326077729,"6":0.1323859692,"7":0.1321828365,"8":0.1320171952,"9":0.1318265945,"10":0.1316400915,"11":0.1314033121,"12":0.1311927736},"mean_squared_error":{"0":0.5657923222,"1":0.5582284927,"2":0.5561382174,"3":0.5543190241,"4":0.5523768067,"5":0.5503874421,"6":0.5486388206,"7":0.5468389988,"8":0.5453358293,"9":0.5435456634,"10":0.5416749716,"11":0.5396792889,"12":0.5377122164},"val_loss":{"0":0.2280241549,"1":0.2276198566,"2":0.2275183648,"3":0.2281883955,"4":0.2285912633,"5":0.2291801423,"6":0.2290795445,"7":0.229609862,"8":0.2288602144,"9":0.2290060818,"10":0.2294665724,"11":0.2296239287,"12":0.2293544412},"val_mean_squared_logarithmic_error":{"0":0.0953609571,"1":0.095149599,"2":0.0951850191,"3":0.0955410451,"4":0.0956505686,"5":0.0958549455,"6":0.0959194228,"7":0.0960659906,"8":0.0958537906,"9":0.0959640741,"10":0.096207343,"11":0.0961997658,"12":0.0960183218},"val_mean_squared_error":{"0":0.3261149228,"1":0.3256745934,"2":0.3253681064,"3":0.3269602358,"4":0.3275729418,"5":0.3288864493,"6":0.3289635777,"7":0.3302991092,"8":0.32881248,"9":0.3293586969,"10":0.330486089,"11":0.3309572041,"12":0.3299155533}}