{"loss":{"0":0.3761328757,"1":0.370295912,"2":0.3687363267,"3":0.3673587143,"4":0.3663014472,"5":0.3651843071,"6":0.3680095375,"7":0.3660668433,"8":0.3662657738,"9":0.3650387526,"10":0.3640886247,"11":0.4612136185,"12":0.3693638146,"13":0.3672378659,"14":0.3661150336},"mean_squared_logarithmic_error":{"0":0.1368454099,"1":0.1340527534,"2":0.1335504502,"3":0.1332135648,"4":0.1330595911,"5":0.1327823699,"6":0.1335906535,"7":0.1331288964,"8":0.1331319064,"9":0.1329118311,"10":0.1326165348,"11":0.1360412687,"12":0.1343268305,"13":0.1337085813,"14":0.1333681792},"mean_squared_error":{"0":0.7532347441,"1":0.7147837281,"2":0.7072589993,"3":0.7007901669,"4":0.6953192949,"5":0.6903322339,"6":0.9767760634,"7":0.6945491433,"8":0.7029611468,"9":0.6905107498,"10":0.6867345572,"11":5464.771484375,"12":0.8781753182,"13":0.69975245,"14":0.6940427423},"val_loss":{"0":0.3112809062,"1":0.3104470372,"2":0.3096499741,"3":0.308894515,"4":0.308606416,"5":111.6628112793,"6":1.4334315062,"7":0.3097576201,"8":0.3101909459,"9":0.3099789917,"10":0.3103373647,"11":0.3125120103,"12":0.3116957843,"13":0.3114479184,"14":0.3113671839},"val_mean_squared_logarithmic_error":{"0":0.1168823838,"1":0.1164225936,"2":0.11653433,"3":0.1165432632,"4":0.1165791079,"5":0.1182583198,"6":0.1172890514,"7":0.1167765781,"8":0.1168601587,"9":0.1168635339,"10":0.1169217676,"11":0.1171399429,"12":0.1168206558,"13":0.1166473925,"14":0.1170298457},"val_mean_squared_error":{"0":0.5325195789,"1":0.5299040079,"2":0.5279522538,"3":0.5269899368,"4":0.5268688202,"5":17405919232.0,"6":619867.8125,"7":0.5316795707,"8":0.5301344991,"9":0.5314451456,"10":0.5348949432,"11":0.5316560864,"12":0.5303055048,"13":0.5299956799,"14":0.5308739543}}