{"loss":{"0":0.2783797085,"1":0.2780180275,"2":0.2776411474,"3":0.277320087,"4":0.2770316005,"5":0.2767004669,"6":0.2763529718,"7":0.2760252655,"8":0.2756733596,"9":0.2751731873,"10":0.2748860419,"11":0.274433732,"12":0.274032414,"13":0.2734643817,"14":0.2730163932,"15":0.2725464106,"16":0.2722951472,"17":0.2720041275},"mean_squared_logarithmic_error":{"0":0.1148468703,"1":0.1147769317,"2":0.1145260707,"3":0.1143430471,"4":0.1141277179,"5":0.1139541715,"6":0.1138203517,"7":0.1136506572,"8":0.113476634,"9":0.1133004129,"10":0.1131851226,"11":0.1129908934,"12":0.112759769,"13":0.1125655919,"14":0.112337254,"15":0.1121088192,"16":0.1120433062,"17":0.1119410843},"mean_squared_error":{"0":0.4611655772,"1":0.4609484971,"2":0.4595152736,"3":0.4586786926,"4":0.4575740695,"5":0.4567735195,"6":0.4559373558,"7":0.4552443922,"8":0.454338342,"9":0.4530788064,"10":0.4525146484,"11":0.4508627951,"12":0.449741751,"13":0.4480081201,"14":0.4463102818,"15":0.4447281659,"16":0.443952024,"17":0.4432376325},"val_loss":{"0":0.2138680071,"1":0.2135567814,"2":0.2135466635,"3":0.2133291811,"4":0.2130887508,"5":0.2129767686,"6":0.2133704424,"7":0.2129427642,"8":0.2129488587,"9":0.2131448537,"10":0.2132197767,"11":0.2133881748,"12":0.2132371813,"13":0.2133741081,"14":0.2133844048,"15":0.2135776877,"16":0.2134613842,"17":0.2135709673},"val_mean_squared_logarithmic_error":{"0":0.0899271071,"1":0.0900332406,"2":0.0901454166,"3":0.0902423561,"4":0.0902813375,"5":0.0901286602,"6":0.0905508474,"7":0.090311639,"8":0.0903398246,"9":0.0905622989,"10":0.0906084254,"11":0.0907691196,"12":0.0907276198,"13":0.0907116607,"14":0.0906703696,"15":0.0907070786,"16":0.0906555131,"17":0.09071327},"val_mean_squared_error":{"0":0.3081612885,"1":0.3084874153,"2":0.3092548251,"3":0.3088017106,"4":0.3083549738,"5":0.3079268336,"6":0.3091124296,"7":0.3083578348,"8":0.3084845841,"9":0.3086633086,"10":0.3087670207,"11":0.3094418049,"12":0.3093287349,"13":0.3101260662,"14":0.3093434572,"15":0.3094135523,"16":0.3094918728,"17":0.3096866012}}