{"loss":{"0":0.0124829467,"1":0.0034142809,"2":0.0018826794,"3":0.0015558186,"4":0.0013273961,"5":0.0011954857,"6":0.0010304812,"7":0.0011366383,"8":0.0010942166,"9":0.0009282654,"10":0.0008727346,"11":0.000783987,"12":0.0008483423,"13":0.0008245643,"14":0.0007383033,"15":0.0007228448,"16":0.0006928904,"17":0.0007015386,"18":0.0007034744,"19":0.0006702659,"20":0.0007049522,"21":0.0007523727,"22":0.0007375623,"23":0.0007994879,"24":0.0006932366,"25":0.0006802795,"26":0.0007770135,"27":0.0006819711,"28":0.0005879147,"29":0.0006601522,"30":0.0005838944,"31":0.0006791857,"32":0.0007258835,"33":0.0007746827,"34":0.0007352093,"35":0.0007789123,"36":0.0008034889,"37":0.0007277397,"38":0.0006562348,"39":0.0007124744,"40":0.00067409},"mean_squared_logarithmic_error":{"0":0.0025425605,"1":0.0001005734,"2":0.0000255537,"3":0.0000152201,"4":0.0000107274,"5":0.0000072114,"6":0.0000050811,"7":0.0000042302,"8":0.0000037492,"9":0.0000029511,"10":0.000002785,"11":0.0000019967,"12":0.0000018985,"13":0.0000017771,"14":0.0000021444,"15":0.0000013384,"16":0.0000012523,"17":0.0000012689,"18":0.0000010621,"19":0.0000010407,"20":0.0000009495,"21":0.000000946,"22":0.0000009287,"23":0.000001015,"24":0.000000969,"25":0.0000006883,"26":0.0000013529,"27":0.0000009485,"28":0.0000006022,"29":0.0000008193,"30":0.0000008024,"31":0.0000007942,"32":0.0000013367,"33":0.0000008469,"34":0.0000006107,"35":0.0000007546,"36":0.0000008406,"37":0.000000685,"38":0.0000005871,"39":0.000000567,"40":0.0000005522},"mean_squared_error":{"0":0.004689469,"1":0.0002156581,"2":0.0000569666,"3":0.0000312021,"4":0.0000228148,"5":0.0000141931,"6":0.0000097264,"7":0.0000079114,"8":0.000006574,"9":0.0000050823,"10":0.000004367,"11":0.0000033041,"12":0.0000033186,"13":0.0000031668,"14":0.0000032892,"15":0.0000023322,"16":0.0000021843,"17":0.0000019324,"18":0.0000021632,"19":0.0000016137,"20":0.0000016088,"21":0.0000018479,"22":0.0000015553,"23":0.0000017173,"24":0.0000014983,"25":0.0000013012,"26":0.0000020483,"27":0.0000015801,"28":0.0000010711,"29":0.0000014437,"30":0.0000012466,"31":0.0000014954,"32":0.0000021173,"33":0.0000016592,"34":0.0000012094,"35":0.0000013954,"36":0.0000015198,"37":0.0000012405,"38":0.0000009719,"39":0.0000010174,"40":0.0000010325},"val_loss":{"0":0.0044277604,"1":0.0025162366,"2":0.0024016649,"3":0.0020381135,"4":0.0019172893,"5":0.0015930488,"6":0.0013170206,"7":0.0018874407,"8":0.0014797257,"9":0.0012865994,"10":0.0013131357,"11":0.0012249971,"12":0.0013879731,"13":0.0012665198,"14":0.0012339342,"15":0.0010652227,"16":0.0012816432,"17":0.001072605,"18":0.0010630845,"19":0.0010334993,"20":0.000967686,"21":0.0010818788,"22":0.0010869977,"23":0.0010629768,"24":0.0011587534,"25":0.0010931314,"26":0.0009687854,"27":0.0009732928,"28":0.0009761272,"29":0.0009340026,"30":0.0008803372,"31":0.0009115768,"32":0.0010340582,"33":0.0011241974,"34":0.0010037763,"35":0.0012111588,"36":0.0011054158,"37":0.000899287,"38":0.0009143844,"39":0.0010582628,"40":0.0010312049},"val_mean_squared_logarithmic_error":{"0":0.0003168221,"1":0.0001779918,"2":0.000160643,"3":0.0001481782,"4":0.0001402486,"5":0.000133041,"6":0.0001275423,"7":0.0001289594,"8":0.0001257629,"9":0.0001239055,"10":0.0001230217,"11":0.000121913,"12":0.0001220778,"13":0.0001224928,"14":0.0001211969,"15":0.0001199592,"16":0.0001225233,"17":0.0001197557,"18":0.0001191463,"19":0.0001186051,"20":0.0001182052,"21":0.000117796,"22":0.000118325,"23":0.0001170544,"24":0.0001174527,"25":0.0001187738,"26":0.0001183886,"27":0.0001173842,"28":0.0001178277,"29":0.0001177432,"30":0.0001167176,"31":0.000117787,"32":0.0001175247,"33":0.0001178461,"34":0.0001173323,"35":0.0001178732,"36":0.0001168361,"37":0.0001172732,"38":0.0001167844,"39":0.000116711,"40":0.0001167631},"val_mean_squared_error":{"0":0.0005329709,"1":0.0003376197,"2":0.0003016642,"3":0.0002833827,"4":0.0002722976,"5":0.0002639151,"6":0.0002564405,"7":0.0002563994,"8":0.0002533029,"9":0.0002506335,"10":0.0002497253,"11":0.000248443,"12":0.0002482979,"13":0.0002489032,"14":0.000247464,"15":0.0002460128,"16":0.0002487144,"17":0.0002463805,"18":0.0002457001,"19":0.0002446962,"20":0.000244291,"21":0.0002456911,"22":0.0002447488,"23":0.0002455671,"24":0.0002452706,"25":0.0002448113,"26":0.0002449996,"27":0.0002436803,"28":0.0002439669,"29":0.0002448112,"30":0.0002443653,"31":0.0002439855,"32":0.0002437108,"33":0.0002438652,"34":0.0002434066,"35":0.0002439491,"36":0.000244301,"37":0.0002433715,"38":0.0002427491,"39":0.0002437692,"40":0.0002437617}}