{"loss":{"0":0.0057091503,"1":0.0012785717,"2":0.0011063784,"3":0.0009437841,"4":0.0014361504,"5":0.0008518189,"6":0.0007805873,"7":0.0007499364,"8":0.0007434154,"9":0.000746351,"10":0.0007313305,"11":0.0007422815,"12":0.0007118397,"13":0.0007331586,"14":0.0007129606,"15":0.0006737985,"16":0.000659102,"17":0.0006708473,"18":0.000651428,"19":0.000685407,"20":0.0006309905,"21":0.0006512481,"22":0.0006052696,"23":0.0006141384,"24":0.0006439629,"25":0.0006451913,"26":0.0005806689,"27":0.0005898877,"28":0.0006132},"mean_squared_logarithmic_error":{"0":0.0016121711,"1":0.0001394052,"2":0.000140078,"3":0.0001355535,"4":0.0001694164,"5":0.0001342195,"6":0.0001339556,"7":0.0001339193,"8":0.0001338475,"9":0.0001338481,"10":0.0001338004,"11":0.0001338265,"12":0.0001337572,"13":0.0001337774,"14":0.0001337469,"15":0.0001337617,"16":0.0001337453,"17":0.0001337517,"18":0.0001337603,"19":0.0001337656,"20":0.0001337521,"21":0.000133735,"22":0.0001337294,"23":0.0001337152,"24":0.0001337585,"25":0.0001337359,"26":0.0001337213,"27":0.0001337375,"28":0.0001337083},"mean_squared_error":{"0":0.0042922706,"1":0.0002923764,"2":0.0002922938,"3":0.0002846192,"4":0.0009623803,"5":0.0002829052,"6":0.0002823516,"7":0.0002822468,"8":0.0002821147,"9":0.0002821719,"10":0.0002820155,"11":0.0002821339,"12":0.0002820074,"13":0.0002820563,"14":0.0002820279,"15":0.0002819436,"16":0.0002819094,"17":0.0002819317,"18":0.0002819591,"19":0.0002819247,"20":0.0002819217,"21":0.0002818282,"22":0.0002818596,"23":0.0002818045,"24":0.0002819044,"25":0.0002819152,"26":0.0002818387,"27":0.0002818473,"28":0.0002818504},"val_loss":{"0":0.0054856101,"1":0.0062222811,"2":0.0035486929,"3":0.0027256566,"4":0.0010115391,"5":0.0007934395,"6":0.0007247103,"7":0.0006900889,"8":0.0006533222,"9":0.0006252445,"10":0.0007407693,"11":0.0005583056,"12":0.0006081104,"13":0.0006873757,"14":0.0006363059,"15":0.0005084943,"16":0.0005676575,"17":0.0006094206,"18":0.000444059,"19":0.000641792,"20":0.0005662027,"21":0.0007710012,"22":0.0004970795,"23":0.0005001999,"24":0.0005789821,"25":0.0006008965,"26":0.000711097,"27":0.0004776334,"28":0.0006183058},"val_mean_squared_logarithmic_error":{"0":0.0004658482,"1":0.0008029724,"2":0.0002996494,"3":0.000236699,"4":0.0000769303,"5":0.0000750591,"6":0.0000748786,"7":0.0000749922,"8":0.0000751856,"9":0.0000754555,"10":0.0000746654,"11":0.0000746665,"12":0.0000748006,"13":0.0000749776,"14":0.0000747405,"15":0.0000746969,"16":0.0000747598,"17":0.0000750722,"18":0.0000746481,"19":0.000074687,"20":0.0000748587,"21":0.0000747314,"22":0.0000747899,"23":0.0000748049,"24":0.0000746479,"25":0.0000753899,"26":0.0000756039,"27":0.000074823,"28":0.0000751414},"val_mean_squared_error":{"0":0.0007234192,"1":0.0011017885,"2":0.0004192406,"3":0.0003429417,"4":0.0001620454,"5":0.0001578155,"6":0.0001584837,"7":0.0001562421,"8":0.0001561657,"9":0.0001561398,"10":0.0001567989,"11":0.0001563408,"12":0.0001559659,"13":0.0001558413,"14":0.0001559463,"15":0.0001557563,"16":0.0001554778,"17":0.0001556905,"18":0.0001553886,"19":0.0001562245,"20":0.0001554875,"21":0.0001569597,"22":0.0001554434,"23":0.0001556629,"24":0.0001558874,"25":0.0001566096,"26":0.0001561984,"27":0.0001555173,"28":0.0001561415}}