{"loss":{"0":0.372100085,"1":0.3707984388,"2":0.3698203266,"3":0.368932724,"4":0.3681420386,"5":0.3674709797,"6":0.3666511774,"7":0.3658927977,"8":0.3649172187,"9":0.3641952574,"10":0.3631131947,"11":0.3623028696,"12":0.3613802493,"13":0.3605913222},"mean_squared_logarithmic_error":{"0":0.1462370306,"1":0.1447987407,"2":0.1439359635,"3":0.1434395462,"4":0.1431092918,"5":0.1427393556,"6":0.1424081177,"7":0.1421433538,"8":0.1417267174,"9":0.141450718,"10":0.1409760416,"11":0.1406251192,"12":0.1402738541,"13":0.1399340779},"mean_squared_error":{"0":0.6643999815,"1":0.6577633023,"2":0.6536672711,"3":0.6505995393,"4":0.648481667,"5":0.646312058,"6":0.6437909603,"7":0.6418610811,"8":0.6387640238,"9":0.6363905668,"10":0.6326729059,"11":0.6304278374,"12":0.6267639399,"13":0.6242746115},"val_loss":{"0":0.2627885938,"1":0.2626326084,"2":0.2627329826,"3":0.2625818551,"4":0.2627820373,"5":0.2630756199,"6":0.2633760273,"7":0.2635641396,"8":0.2638778687,"9":0.2637856007,"10":0.2638252079,"11":0.2640967369,"12":0.2640404105,"13":0.2643865049},"val_mean_squared_logarithmic_error":{"0":0.1084187627,"1":0.1083456352,"2":0.1083931625,"3":0.1083832085,"4":0.1084794551,"5":0.108418107,"6":0.1084110215,"7":0.108317703,"8":0.1083859354,"9":0.1083980203,"10":0.1083354577,"11":0.1086560711,"12":0.1085010394,"13":0.1085986122},"val_mean_squared_error":{"0":0.3969685435,"1":0.3976210058,"2":0.3984283507,"3":0.3999153078,"4":0.4002172649,"5":0.4015721381,"6":0.4033109546,"7":0.4043015242,"8":0.4052308202,"9":0.405151844,"10":0.4050346315,"11":0.4060467184,"12":0.4064612091,"13":0.4076020122}}