{"loss":{"0":0.2124921232,"1":0.2119585425,"2":0.2170667499,"3":0.2169589996,"4":0.2181480974,"5":0.2165008634,"6":0.2161770463,"7":0.2146391869,"8":0.2115735263,"9":0.2113366425,"10":0.2119122446,"11":0.211717695,"12":0.2113840431,"13":0.2110785395,"14":0.2109044343,"15":0.2106817365,"16":0.210567832,"17":0.2103982866,"18":0.2109069973,"19":0.2100072652,"20":0.2096025795,"21":0.2092620879,"22":0.2099750787,"23":0.2096118331,"24":0.2094768733,"25":0.2090895772,"26":0.2103361636,"27":0.2218766809,"28":0.2344307899,"29":0.2211726904,"30":0.2187083215,"31":0.2190471143},"mean_squared_logarithmic_error":{"0":0.0882552192,"1":0.0878994316,"2":0.0903189182,"3":0.0917944163,"4":0.0918843895,"5":0.0911686122,"6":0.0908338577,"7":0.0890464261,"8":0.0880227983,"9":0.0879678503,"10":0.0881977975,"11":0.0881636739,"12":0.0880554542,"13":0.0879487172,"14":0.0879011005,"15":0.0878656656,"16":0.0878183246,"17":0.0876723677,"18":0.0879377276,"19":0.0875554904,"20":0.0875443816,"21":0.0876780897,"22":0.0877841786,"23":0.0877468139,"24":0.0876671597,"25":0.0876106322,"26":0.0877356231,"27":0.089351967,"28":0.0943586901,"29":0.0928859785,"30":0.0926956534,"31":0.0926158801},"mean_squared_error":{"0":0.342795223,"1":0.324137032,"2":1.2343654633,"3":0.344805479,"4":0.6471344233,"5":0.3436160982,"6":0.3374278545,"7":0.326312989,"8":0.3165908456,"9":0.3161255121,"10":0.3131458759,"11":0.309392482,"12":0.3090515733,"13":0.3084786236,"14":0.3081883788,"15":0.3079023957,"16":0.3078032732,"17":0.3071291447,"18":0.3282834589,"19":0.3081307113,"20":0.308069855,"21":0.3098170459,"22":0.3184180856,"23":0.3104750812,"24":0.3432685435,"25":0.3079366088,"26":2.1883625984,"27":70.8996124268,"28":12.7167797089,"29":1.5387684107,"30":0.8612679839,"31":1.5347725153},"val_loss":{"0":0.1400188953,"1":0.140705049,"2":0.14549613,"3":0.1450588107,"4":0.1445714533,"5":0.1442527026,"6":0.1433857679,"7":0.1401528567,"8":0.1392831355,"9":0.1400394291,"10":0.1398056149,"11":0.1394984126,"12":0.1391948164,"13":0.1391075253,"14":0.1389914453,"15":0.1387155354,"16":0.138399899,"17":0.1385094821,"18":0.1376647353,"19":0.1374627501,"20":0.1371002048,"21":0.1369640231,"22":0.1377251148,"23":0.1374862641,"24":0.1374048442,"25":0.1373040527,"26":0.1378327161,"27":0.2527756691,"28":0.1494912803,"29":0.1518361568,"30":0.1466059387,"31":0.145794034},"val_mean_squared_logarithmic_error":{"0":0.0592069291,"1":0.0591359846,"2":0.0627456084,"3":0.0631534159,"4":0.0625342727,"5":0.0622968301,"6":0.0614482723,"7":0.0590764433,"8":0.0588209853,"9":0.0591135994,"10":0.0592912622,"11":0.0587807223,"12":0.0586696975,"13":0.0586237907,"14":0.0586374737,"15":0.0587197468,"16":0.058668673,"17":0.0586159751,"18":0.0587133355,"19":0.058670152,"20":0.0588580109,"21":0.0592294335,"22":0.0590486638,"23":0.0591087416,"24":0.0591791458,"25":0.0591207184,"26":0.059061829,"27":0.0756969079,"28":0.0643820986,"29":0.0650517493,"30":0.0640916824,"31":0.0639884546},"val_mean_squared_error":{"0":0.1719981283,"1":0.1707307547,"2":0.1775066704,"3":0.1781336367,"4":0.1765190512,"5":0.1763687283,"6":0.1746024489,"7":0.1712773591,"8":0.171770215,"9":0.171795398,"10":0.1727579683,"11":0.1732086837,"12":0.1727167964,"13":0.1724359989,"14":0.1724380553,"15":0.1723257452,"16":0.1719368994,"17":0.1719233245,"18":0.1713551283,"19":0.1709334105,"20":0.171036467,"21":0.1714339107,"22":0.1708754599,"23":0.1711007357,"24":0.1712595224,"25":0.1711865962,"26":0.1710209697,"27":81.1082763672,"28":5.0922837257,"29":0.8585206866,"30":0.3675133288,"31":0.1879162043}}