{"loss":{"0":0.2777116001,"1":0.2768856883,"2":0.2780791521,"3":0.2771212757,"4":0.27656129,"5":0.2762263417,"6":0.2759924829,"7":0.2757424414,"8":0.2782210112,"9":0.2778813243,"10":0.2767710388,"11":0.2764164209,"12":0.276879847,"13":0.2769454718,"14":0.276379317,"15":0.278328836,"16":0.2782101035,"17":0.277705729},"mean_squared_logarithmic_error":{"0":0.1056192666,"1":0.1052757353,"2":0.105148837,"3":0.1048506349,"4":0.1049937159,"5":0.1050641164,"6":0.1051449105,"7":0.1052163914,"8":0.1060314924,"9":0.1060151532,"10":0.1056990251,"11":0.1057455242,"12":0.1061676145,"13":0.1063474417,"14":0.1061919779,"15":0.1063268483,"16":0.1061728448,"17":0.1060721502},"mean_squared_error":{"0":0.4383551776,"1":0.4373190701,"2":0.4712699056,"3":0.4348683953,"4":0.435618788,"5":0.4356348217,"6":0.4360660911,"7":0.4357967079,"8":2.6411612034,"9":0.449383378,"10":0.4397678673,"11":0.4430059791,"12":0.4417804778,"13":0.4418706894,"14":0.4399307072,"15":0.4526907206,"16":0.4418648183,"17":0.4398182333},"val_loss":{"0":0.2124867141,"1":0.2114523798,"2":0.2145570368,"3":0.2119106203,"4":0.2113815397,"5":0.2112808675,"6":0.2111789882,"7":0.2109075785,"8":0.2120023817,"9":0.2115818262,"10":0.2113227248,"11":0.2113448828,"12":0.212190479,"13":0.2114784867,"14":0.2112538218,"15":0.2163632661,"16":0.2138730288,"17":0.2128500193},"val_mean_squared_logarithmic_error":{"0":0.0845184252,"1":0.0838595778,"2":0.0838991776,"3":0.0836900696,"4":0.0836666152,"5":0.0837957263,"6":0.0839778855,"7":0.0840586275,"8":0.0846917257,"9":0.0846377909,"10":0.0845545456,"11":0.0846724063,"12":0.08527302,"13":0.0851327479,"14":0.0850963742,"15":0.0861053169,"16":0.0849860013,"17":0.0845053494},"val_mean_squared_error":{"0":0.2942668796,"1":0.2932650149,"2":0.2918636203,"3":0.2923561037,"4":0.2926415205,"5":0.2930306792,"6":0.2936087251,"7":0.2937531769,"8":0.2969360352,"9":0.2967279255,"10":0.2965135574,"11":0.2968446612,"12":0.2984221876,"13":0.2980729342,"14":0.298243314,"15":0.2975461781,"16":0.2963956594,"17":0.2952736914}}