{"loss":{"0":0.2352802008,"1":0.2319860607,"2":0.2303581238,"3":0.2303113937,"4":0.2300569415,"5":0.22979635,"6":0.2296535522,"7":0.2294495106,"8":0.229261145,"9":0.2290915996,"10":0.2289678603,"11":0.2288490385,"12":0.2298033237},"mean_squared_logarithmic_error":{"0":0.0977122784,"1":0.0961121768,"2":0.0955811143,"3":0.0955616906,"4":0.0955105349,"5":0.0954591781,"6":0.0954176635,"7":0.0953888446,"8":0.0953531712,"9":0.0953342319,"10":0.0953374729,"11":0.0953333452,"12":0.0956557095},"mean_squared_error":{"0":0.4270094931,"1":0.3959413469,"2":0.3466843665,"3":0.3464569747,"4":0.3460370302,"5":0.3455307186,"6":0.3447173834,"7":0.3442628384,"8":0.3440651,"9":0.3439253867,"10":0.3438036442,"11":0.3438389897,"12":0.7263965607},"val_loss":{"0":0.1647770554,"1":0.1622924805,"2":0.1607360393,"3":0.1608561128,"4":0.161546886,"5":0.1616408825,"6":0.1616468281,"7":0.1612698138,"8":0.1609350741,"9":0.1608773172,"10":0.1608873308,"11":0.1609991342,"12":0.1607925594},"val_mean_squared_logarithmic_error":{"0":0.0687130392,"1":0.0680664256,"2":0.0677954555,"3":0.0676829517,"4":0.0675980747,"5":0.0675673038,"6":0.0675800219,"7":0.0674413368,"8":0.0674504861,"9":0.0675129965,"10":0.0675952211,"11":0.0676912069,"12":0.0681117326},"val_mean_squared_error":{"0":0.2157990336,"1":0.212459594,"2":0.2125344723,"3":0.2117490917,"4":0.2105531096,"5":0.2101944238,"6":0.209814772,"7":0.210026741,"8":0.2104169875,"9":0.2107872069,"10":0.211271584,"11":0.21176745,"12":0.2146327347}}