{"loss":{"0":0.3198880255,"1":0.3197098672,"2":0.3192175031,"3":0.3189987242,"4":0.3186325729,"5":0.3182975054,"6":0.3179042041,"7":0.3174693584,"8":0.3170191646,"9":0.3165721297,"10":0.3160153329,"11":0.3154319227},"mean_squared_logarithmic_error":{"0":0.1288433373,"1":0.1308816373,"2":0.1308682412,"3":0.1308255196,"4":0.1307614744,"5":0.1306675524,"6":0.1304905862,"7":0.1302913278,"8":0.130099833,"9":0.1298254132,"10":0.129510656,"11":0.1291168183},"mean_squared_error":{"0":0.5292446017,"1":0.5354056954,"2":0.5344043374,"3":0.5341150761,"4":0.5332152843,"5":0.5324033499,"6":0.531303525,"7":0.5300652981,"8":0.528978467,"9":0.5275067687,"10":0.5258769393,"11":0.5237554908},"val_loss":{"0":0.2236215621,"1":0.2235591859,"2":0.2238891572,"3":0.2239543945,"4":0.2239359319,"5":0.2237588763,"6":0.2236361206,"7":0.2237056941,"8":0.2242041826,"9":0.2237731814,"10":0.224203378,"11":0.2242883742},"val_mean_squared_logarithmic_error":{"0":0.0936583132,"1":0.0937730297,"2":0.0939449891,"3":0.094072476,"4":0.0940237343,"5":0.0939535424,"6":0.0937087014,"7":0.0938143805,"8":0.0939771682,"9":0.0939771608,"10":0.0941478014,"11":0.0941090658},"val_mean_squared_error":{"0":0.3220365942,"1":0.3230902255,"2":0.3250453174,"3":0.3238162696,"4":0.3229028583,"5":0.322709471,"6":0.3229558468,"7":0.3233017325,"8":0.3251488507,"9":0.3240976632,"10":0.3254082501,"11":0.3262907565}}