{"loss":{"0":0.2923131287,"1":0.2920491397,"2":0.2914536893,"3":0.2909534574,"4":0.290409416,"5":0.2898820639,"6":0.2894383073,"7":1.2077115774,"8":0.3842358589,"9":0.3134739995,"10":0.3048367202,"11":0.3034860492,"12":0.3035008609,"13":0.3031309545,"14":0.3046405613,"15":0.3022656739,"16":0.3015725911},"mean_squared_logarithmic_error":{"0":0.118364349,"1":0.1183120385,"2":0.1181482077,"3":0.118104808,"4":0.1180272773,"5":0.1179006174,"6":0.1178114936,"7":0.1244814396,"8":0.137655139,"9":0.1265406758,"10":0.1249839142,"11":0.1250503063,"12":0.1253514886,"13":0.1256195903,"14":0.1263065636,"15":0.1256745607,"16":0.1254405379},"mean_squared_error":{"0":0.4732184708,"1":0.4748532474,"2":0.4735429287,"3":0.4727993011,"4":0.4719856977,"5":0.4705804288,"6":0.4699555635,"7":1203667.25,"8":4.1966700554,"9":0.7371990085,"10":0.5341557264,"11":0.5207601786,"12":0.5217702389,"13":0.5207872391,"14":0.5284990072,"15":0.5202429295,"16":0.5168828964},"val_loss":{"0":0.2102640271,"1":0.2097260803,"2":0.2095695734,"3":0.2090649903,"4":0.2089196295,"5":0.2089542896,"6":0.2087801546,"7":0.2758001983,"8":0.2673104703,"9":0.2190026939,"10":0.2172491252,"11":0.2172553241,"12":0.2169824839,"13":0.2176682204,"14":0.2200793922,"15":0.2173492312,"16":0.2165783495},"val_mean_squared_logarithmic_error":{"0":0.0887662694,"1":0.0888499692,"2":0.0890809074,"3":0.0889693573,"4":0.0889706463,"5":0.089024879,"6":0.0889526457,"7":0.0992563665,"8":0.1017069668,"9":0.0915321857,"10":0.0914063305,"11":0.0916934907,"12":0.0919018686,"13":0.0924048051,"14":0.0934066325,"15":0.0926207826,"16":0.0921087861},"val_mean_squared_error":{"0":0.2971101105,"1":0.2973928452,"2":0.2980691195,"3":0.2976242006,"4":0.297356993,"5":0.2972432673,"6":0.2968989611,"7":3.2720470428,"8":1.0438061953,"9":0.3173300326,"10":0.3075796664,"11":0.3067902029,"12":0.3073385656,"13":0.3090288937,"14":0.3160446584,"15":0.3085791171,"16":0.3084718287}}