{"loss":{"0":0.8293606639,"1":0.1661151201,"2":0.1412543058,"3":0.1322956234,"4":0.1292526573,"5":0.1246982068,"6":0.1263626665,"7":0.1237290055,"8":0.1167582497,"9":0.1220688149,"10":0.1165066585,"11":0.1151634455,"12":0.1124175414,"13":0.1122046486,"14":0.1120071039,"15":0.1086444035,"16":0.1097936481,"17":0.1078534126,"18":0.1081570312,"19":0.1112382412,"20":0.1080384403,"21":0.1097622663,"22":0.1082698256,"23":0.1042390764,"24":0.1048223004,"25":0.1077078357,"26":0.1051112339,"27":0.1023861617,"28":0.1009619161,"29":0.1020547226,"30":0.1016435921,"31":0.1011967286,"32":0.1003415808,"33":0.1027172878,"34":0.1025182232,"35":0.1019726917,"36":0.0994402021,"37":0.0978422314,"38":0.0989180878,"39":0.0968081355,"40":0.0947769433,"41":0.0959739611,"42":0.0984218419,"43":0.1001654267,"44":0.5875150561,"45":0.7161006331,"46":0.3856764734,"47":0.2453999817,"48":0.1918908507,"49":0.1756333113,"50":0.150797382,"51":0.1401793361},"mean_squared_logarithmic_error":{"0":0.1652362198,"1":0.0244830549,"2":0.0225672778,"3":0.021947898,"4":0.022015268,"5":0.0217585545,"6":0.0220345818,"7":0.0218785424,"8":0.021240402,"9":0.0221226327,"10":0.0213359091,"11":0.0213006772,"12":0.0210737381,"13":0.0212072153,"14":0.0212931838,"15":0.0208427086,"16":0.0211582892,"17":0.0208839793,"18":0.0210613217,"19":0.0213827938,"20":0.0210550707,"21":0.0212477092,"22":0.0212510712,"23":0.0207102951,"24":0.0207941905,"25":0.021186728,"26":0.0207771137,"27":0.0204983838,"28":0.0204211045,"29":0.0206639692,"30":0.0205007065,"31":0.0203907508,"32":0.0203461722,"33":0.020754531,"34":0.020675173,"35":0.0207623914,"36":0.0202574711,"37":0.0200789701,"38":0.0202662461,"39":0.0200208444,"40":0.0195800178,"41":0.0197179373,"42":0.0195719302,"43":0.0179657843,"44":0.119806461,"45":0.1288861036,"46":0.0558873825,"47":0.0314534418,"48":0.0254027564,"49":0.0250097252,"50":0.0224754494,"51":0.0220213644},"mean_squared_error":{"0":3.0330519676,"1":0.5984386206,"2":0.5293439031,"3":0.466709137,"4":0.5769070983,"5":0.5000014901,"6":0.5519539714,"7":0.5222215056,"8":0.4432030022,"9":0.5206955075,"10":0.5110844374,"11":0.4978228807,"12":0.4826073647,"13":0.4792226255,"14":0.5034349561,"15":0.4633181095,"16":0.4935716987,"17":0.4538395405,"18":0.4587506354,"19":0.5312077403,"20":0.5292036533,"21":0.4909340441,"22":0.5042434931,"23":0.4132724106,"24":0.4288304746,"25":0.4479271472,"26":0.5061814785,"27":0.4729005396,"28":0.3951302469,"29":0.4585189223,"30":0.4435995519,"31":0.4559155107,"32":0.4054564238,"33":0.4707500637,"34":0.4360883236,"35":0.4662772417,"36":0.4426236153,"37":0.3874725401,"38":0.4303646982,"39":0.3665945232,"40":0.354008615,"41":0.3716787398,"42":0.4083273411,"43":0.4838011861,"44":8.5903358459,"45":2.7897777557,"46":1.2300499678,"47":0.7260084748,"48":0.6268007159,"49":0.6207672954,"50":0.5753247142,"51":0.5591451526},"val_loss":{"0":0.2164835632,"1":0.200636223,"2":0.2058408558,"3":0.1831422448,"4":0.1791060418,"5":0.1627387106,"6":0.174170807,"7":0.1724678129,"8":0.1602688432,"9":0.1628401279,"10":0.1445769817,"11":0.1387606114,"12":0.1513153762,"13":0.139299497,"14":0.1556906104,"15":0.1353269368,"16":0.1371754408,"17":0.1361733973,"18":0.1406597793,"19":0.1504554003,"20":0.1576611102,"21":0.1528603286,"22":0.1426042318,"23":0.1405276358,"24":0.1323326826,"25":0.1443470567,"26":0.132383123,"27":0.1418940276,"28":0.1334138364,"29":0.1295665801,"30":0.1336668283,"31":0.1385256499,"32":0.1480591595,"33":0.1399278492,"34":0.1428080201,"35":0.1347475797,"36":0.1414268613,"37":0.1339187175,"38":0.1289813668,"39":0.1396897733,"40":0.126227513,"41":0.1240413561,"42":0.124091059,"43":0.1323441118,"44":1.2519986629,"45":0.5479294062,"46":0.3582133651,"47":0.2639250755,"48":0.233119294,"49":0.1758520901,"50":0.1564005613,"51":0.1673670858},"val_mean_squared_logarithmic_error":{"0":0.026988158,"1":0.0252301972,"2":0.0257674698,"3":0.0242768936,"4":0.023229776,"5":0.0229222588,"6":0.0233096965,"7":0.0223825946,"8":0.0218445938,"9":0.0226100162,"10":0.0215920992,"11":0.02159274,"12":0.0214087442,"13":0.0210953634,"14":0.0226146709,"15":0.0212048329,"16":0.0208407193,"17":0.0216035992,"18":0.0215688832,"19":0.0218044017,"20":0.021653505,"21":0.0218862779,"22":0.0214742776,"23":0.0211925898,"24":0.021280393,"25":0.0214965735,"26":0.0209641401,"27":0.021120118,"28":0.0209639501,"29":0.0206552297,"30":0.0210251324,"31":0.0208222289,"32":0.0211483538,"33":0.0211410224,"34":0.0221521631,"35":0.0210765917,"36":0.0209441539,"37":0.0206414517,"38":0.0204184465,"39":0.0202418193,"40":0.0197913982,"41":0.0199226514,"42":0.016800452,"43":0.0161347501,"44":0.2540518045,"45":0.0825171322,"46":0.0474881306,"47":0.0296632703,"48":0.0240021944,"49":0.0225569736,"50":0.0223518237,"51":0.0212150589},"val_mean_squared_error":{"0":0.5533278584,"1":0.5184019208,"2":0.4741435945,"3":0.4985670149,"4":0.4678520858,"5":0.4630486071,"6":0.5550974011,"7":0.4582434893,"8":0.4258994758,"9":0.5505119562,"10":0.4280517399,"11":0.4597344697,"12":0.4179782867,"13":0.4137377143,"14":0.5015926361,"15":0.4119606316,"16":0.4040618539,"17":0.4355831146,"18":0.4562890232,"19":0.4228325784,"20":0.4262185991,"21":0.4331054389,"22":0.4205754399,"23":0.4149213433,"24":0.4146457911,"25":0.4684103727,"26":0.4331951141,"27":0.4226014316,"28":0.4282445014,"29":0.4088146389,"30":0.421664238,"31":0.399448514,"32":0.4017887712,"33":0.3945938051,"34":0.4794347882,"35":0.4236911535,"36":0.3932393491,"37":0.4190506637,"38":0.4099674225,"39":0.3930199146,"40":0.3812225163,"41":0.3888230622,"42":0.4092537761,"43":0.3720161617,"44":6.156578064,"45":1.9202109575,"46":0.7975472212,"47":0.5663030744,"48":0.5279340148,"49":0.4815771282,"50":0.4746731818,"51":0.4423100352}}