{"loss":{"0":14.3596668243,"1":14.3004283905,"2":14.2353458405,"3":14.1784896851,"4":14.1280345917,"5":14.0838108063,"6":14.0448951721,"7":14.010931015,"8":13.9799566269,"9":13.9518098831,"10":13.9265909195},"mean_squared_logarithmic_error":{"0":0.2192616761,"1":0.2187943757,"2":0.2183800489,"3":0.2179946005,"4":0.2176460922,"5":0.2173181176,"6":0.2170263827,"7":0.2167663425,"8":0.2165307552,"9":0.2163292468,"10":0.2161465585},"mean_absolute_error":{"0":2.1992936134,"1":2.1954910755,"2":2.1918416023,"3":2.1886219978,"4":2.1856973171,"5":2.1831283569,"6":2.1808712482,"7":2.1789405346,"8":2.1772100925,"9":2.1756560802,"10":2.174258709},"val_loss":{"0":9.7051763535,"1":9.7310838699,"2":9.7823467255,"3":9.8565568924,"4":9.9397706985,"5":10.0079612732,"6":10.0502634048,"7":10.0530805588,"8":10.0203914642,"9":9.9610776901,"10":9.9009056091},"val_mean_squared_logarithmic_error":{"0":0.2543975711,"1":0.25451231,"2":0.2547658086,"3":0.2553127408,"4":0.2555727363,"5":0.2556269467,"6":0.2553964257,"7":0.2547667623,"8":0.2537771463,"9":0.2526254654,"10":0.2515725493},"val_mean_absolute_error":{"0":1.8344408274,"1":1.8366334438,"2":1.8407152891,"3":1.8468008041,"4":1.8526070118,"5":1.8567783833,"6":1.8588278294,"7":1.8577483892,"8":1.8537877798,"9":1.8479713202,"10":1.8423274755}}