{"loss":{"0":23.9078369141,"1":5.0659046173,"2":3.1887729168,"3":2.3274931908,"4":1.6396632195,"5":1.2467341423,"6":0.9891741276,"7":0.9367568493,"8":0.8421719074,"9":0.7773993015,"10":0.7417858839,"11":0.7190926671,"12":0.7697656751,"13":0.7107565403,"14":0.6803703308,"15":0.6740674973,"16":0.6691383123,"17":0.6623789072,"18":0.6455857158,"19":0.636637032,"20":0.6409272552,"21":0.6277878881,"22":0.7306931615,"23":0.6310827732,"24":0.615806818,"25":0.631370306,"26":0.6117449403,"27":0.6081322432,"28":0.604824245,"29":0.7607288361,"30":0.7011031508,"31":0.7088253498,"32":0.8116371632,"33":0.6504729986,"34":0.6456164718,"35":0.640200913,"36":0.6345800161,"37":0.6271660924},"mean_squared_logarithmic_error":{"0":0.3480995595,"1":0.192916587,"2":0.1527202725,"3":0.1130436882,"4":0.0755830556,"5":0.05307623,"6":0.0325903036,"7":0.0262758043,"8":0.0213714037,"9":0.0172230136,"10":0.0156334136,"11":0.0142785087,"12":0.0171999726,"13":0.0138939926,"14":0.0130035281,"15":0.0123586962,"16":0.0122786621,"17":0.0119105894,"18":0.0115556959,"19":0.0111847119,"20":0.0117114801,"21":0.0113210818,"22":0.015218175,"23":0.0109045776,"24":0.0106522851,"25":0.0118829096,"26":0.0106775342,"27":0.0108734369,"28":0.0105488645,"29":0.0179235842,"30":0.0130125564,"31":0.0116725974,"32":0.0180494916,"33":0.0105687343,"34":0.010518251,"35":0.0104286587,"36":0.0105723282,"37":0.0103867352},"mean_absolute_error":{"0":2.5976023674,"1":1.5481033325,"2":1.1890983582,"3":0.9511367679,"4":0.732193172,"5":0.5773841143,"6":0.446800977,"7":0.4105911553,"8":0.3506806493,"9":0.3045136333,"10":0.278357476,"11":0.261624366,"12":0.2981131375,"13":0.2541287243,"14":0.2355975658,"15":0.2281602025,"16":0.2252033055,"17":0.2182625979,"18":0.210457921,"19":0.2044443041,"20":0.213914454,"21":0.2040056884,"22":0.2706595659,"23":0.1928842217,"24":0.1893970668,"25":0.2105552256,"26":0.1925639808,"27":0.1912576705,"28":0.1883049309,"29":0.2952753007,"30":0.2335384637,"31":0.2059689015,"32":0.2759590745,"33":0.1836911142,"34":0.1836476028,"35":0.1843483895,"36":0.1856252402,"37":0.1829941273},"val_loss":{"0":4.2615704536,"1":2.6471369267,"2":1.8268928528,"3":1.2196114063,"4":0.9118079543,"5":0.7798125744,"6":0.5862628818,"7":0.5385523438,"8":0.5163732171,"9":0.4901167452,"10":0.4744863212,"11":0.4835811853,"12":0.485234648,"13":0.4693486691,"14":0.4755239189,"15":0.4702932537,"16":0.4725908339,"17":0.4659768343,"18":0.4762623012,"19":0.4739010632,"20":0.4819643497,"21":0.4700645804,"22":0.4580491185,"23":0.4599206746,"24":0.5646709204,"25":0.4517474771,"26":0.4476318657,"27":0.4388315082,"28":0.4404181242,"29":0.4701116383,"30":0.4786943495,"31":0.7574547529,"32":0.4687167108,"33":0.4553771317,"34":0.449531585,"35":0.4473556876,"36":0.443824023,"37":0.4471267462},"val_mean_squared_logarithmic_error":{"0":0.2335375398,"1":0.1835739315,"2":0.1458590031,"3":0.0964353308,"4":0.0615664534,"5":0.0514998324,"6":0.0257098973,"7":0.0217009764,"8":0.0192639772,"9":0.0167531613,"10":0.0164177809,"11":0.0160676669,"12":0.0168089904,"13":0.0156469233,"14":0.0159578323,"15":0.0153505979,"16":0.0154974004,"17":0.0150473462,"18":0.0150871426,"19":0.0146424575,"20":0.0141568221,"21":0.0139107881,"22":0.0141550153,"23":0.0135319727,"24":0.0134707531,"25":0.0137250321,"26":0.0133165158,"27":0.0132061113,"28":0.0126791671,"29":0.0159244817,"30":0.0147110615,"31":0.0144259417,"32":0.0134352166,"33":0.012763177,"34":0.0124107813,"35":0.012544346,"36":0.0126172695,"37":0.0124968225},"val_mean_absolute_error":{"0":1.4063776731,"1":1.0706920624,"2":0.8631098866,"3":0.6575478911,"4":0.5153855085,"5":0.4444656968,"6":0.3082341552,"7":0.2812732458,"8":0.2561323941,"9":0.2241132259,"10":0.2218162119,"11":0.2184438109,"12":0.2389293164,"13":0.2237810045,"14":0.2218137085,"15":0.2129415721,"16":0.2150808573,"17":0.2119339854,"18":0.2173440903,"19":0.2103465348,"20":0.2026942968,"21":0.1998130828,"22":0.2005473077,"23":0.1845044494,"24":0.1837484688,"25":0.1890869141,"26":0.1764835864,"27":0.1761690676,"28":0.1662807018,"29":0.2194705009,"30":0.2075687051,"31":0.1920979321,"32":0.1828142256,"33":0.1687914282,"34":0.1623459011,"35":0.1658788621,"36":0.1666164994,"37":0.1571585983}}