{"loss":{"0":22.8767261505,"1":16.2291622162,"2":15.506146431,"3":15.0757198334,"4":14.7092590332,"5":14.4273529053,"6":14.3055973053,"7":14.2748908997,"8":14.0231609344,"9":14.6671495438,"10":14.2197189331,"11":13.9291324615},"mean_squared_logarithmic_error":{"0":0.3011436462,"1":0.2315329313,"2":0.2251270115,"3":0.2217153013,"4":0.2195700109,"5":0.2178600281,"6":0.2170960903,"7":0.2171455175,"8":0.2158435285,"9":0.2194168121,"10":0.2159844786,"11":0.2152583897},"mean_absolute_error":{"0":2.5901794434,"1":2.3078784943,"2":2.2615680695,"3":2.2341139317,"4":2.2144706249,"5":2.1992888451,"6":2.1920995712,"7":2.191277504,"8":2.1789898872,"9":2.2124733925,"10":2.1839215755,"11":2.1745464802},"val_loss":{"0":10.4108343124,"1":10.2646579742,"2":10.415096283,"3":10.5129394531,"4":10.7695083618,"5":10.7834892273,"6":10.8107395172,"7":11.06635952,"8":11.0955724716,"9":11.0389928818,"10":11.2605619431,"11":11.4636621475},"val_mean_squared_logarithmic_error":{"0":0.2583703101,"1":0.2555847466,"2":0.2560889423,"3":0.2577337921,"4":0.2601064742,"5":0.26107651,"6":0.2619027495,"7":0.2635752857,"8":0.2632550597,"9":0.2611747086,"10":0.2611041367,"11":0.2612746358},"val_mean_absolute_error":{"0":1.8670121431,"1":1.8611760139,"2":1.8755739927,"3":1.8869481087,"4":1.9078159332,"5":1.9153084755,"6":1.9252351522,"7":1.9423992634,"8":1.9494328499,"9":1.9306067228,"10":1.9509040117,"11":1.9625589848}}