{"loss":{"0":0.0096740043,"1":0.0094887838,"2":0.0094231572,"3":0.0092982706,"4":0.0093395421,"5":0.0093806181,"6":0.0096264379,"7":0.0098297838,"8":0.0097298399,"9":0.0096321544,"10":0.0093660168},"mean_squared_logarithmic_error":{"0":0.0027591374,"1":0.0027669109,"2":0.0027716486,"3":0.0027749636,"4":0.0027767208,"5":0.0027799387,"6":0.0027802116,"7":0.0027817111,"8":0.0027789916,"9":0.0027806703,"10":0.0027847022},"mean_squared_error":{"0":0.0100746341,"1":0.0100644883,"2":0.0100684138,"3":0.0100726401,"4":0.0100851003,"5":0.010089078,"6":0.0101424763,"7":0.0101773888,"8":0.0102085434,"9":0.010146834,"10":0.010185794},"val_loss":{"0":0.0127090607,"1":0.0133148218,"2":0.0140106454,"3":0.0144535955,"4":0.0175263826,"5":0.0242248122,"6":0.0228751414,"7":0.0229126364,"8":0.0202210303,"9":0.0193630829,"10":0.0154748419},"val_mean_squared_logarithmic_error":{"0":0.0032172091,"1":0.0032363513,"2":0.003259128,"3":0.0033049795,"4":0.0034673468,"5":0.0038020138,"6":0.0039501903,"7":0.0040005292,"8":0.003653991,"9":0.0036616763,"10":0.0033543597},"val_mean_squared_error":{"0":0.0127829928,"1":0.0127522806,"2":0.0130661065,"3":0.0132625308,"4":0.014102974,"5":0.0165893137,"6":0.0161388405,"7":0.0159148145,"8":0.0143652521,"9":0.0145745873,"10":0.013273661}}