{"loss":{"0":0.0155918049,"1":0.015313128,"2":0.0152325863,"3":0.0154659124,"4":0.0156336296,"5":0.0156478398,"6":0.0160475858,"7":0.0157403667,"8":0.0153315263,"9":0.0151644051,"10":0.0150129339},"mean_squared_logarithmic_error":{"0":0.0046733813,"1":0.0046587903,"2":0.0046583051,"3":0.0046576024,"4":0.0046581295,"5":0.0046569407,"6":0.0046711783,"7":0.0046598641,"8":0.0046484484,"9":0.004641009,"10":0.0046418174},"mean_squared_error":{"0":0.023722874,"1":0.0235044286,"2":0.0234502237,"3":0.0234443601,"4":0.0234347023,"5":0.0233670864,"6":0.0234514717,"7":0.0233659036,"8":0.0232853945,"9":0.0232240148,"10":0.0232071392},"val_loss":{"0":0.0191749446,"1":0.0226909779,"2":0.0248971712,"3":0.0380406715,"4":0.0310290195,"5":0.0370658971,"6":0.0308859982,"7":0.0289527345,"8":0.0207456257,"9":0.0224684253,"10":0.0201469921},"val_mean_squared_logarithmic_error":{"0":0.0040168893,"1":0.0041986671,"2":0.0043576271,"3":0.006964819,"4":0.0049603889,"5":0.0063699218,"6":0.0051034354,"7":0.0047930842,"8":0.0040921746,"9":0.0042116782,"10":0.0040476993},"val_mean_squared_error":{"0":0.0175676383,"1":0.0198189057,"2":0.0193901584,"3":0.0253346581,"4":0.0236404575,"5":0.0264147613,"6":0.0234791581,"7":0.020676503,"8":0.0184910297,"9":0.0189458597,"10":0.0178729072}}