{"loss":{"0":0.0115179643,"1":0.0114213331,"2":0.0113760838,"3":0.0115252947,"4":0.0117829926,"5":0.0121431574,"6":0.0124069406,"7":0.0119520007,"8":0.0116957063,"9":0.0114149405,"10":0.0112417843},"mean_squared_logarithmic_error":{"0":0.0033944545,"1":0.00339376,"2":0.0033950934,"3":0.0033994745,"4":0.0034104718,"5":0.003426472,"6":0.0034375587,"7":0.0034047558,"8":0.0034035875,"9":0.0034024876,"10":0.0034027535},"mean_squared_error":{"0":0.0132368384,"1":0.0132271582,"2":0.0132163586,"3":0.0132466173,"4":0.0132505372,"5":0.0133370897,"6":0.0132913189,"7":0.0132363187,"8":0.0132672079,"9":0.0132590849,"10":0.0132497512},"val_loss":{"0":0.0169129353,"1":0.0182041842,"2":0.0215446167,"3":0.0311765261,"4":0.0310451388,"5":0.0715864301,"6":18.520067215,"7":0.0316243954,"8":0.0253834855,"9":0.0179298967,"10":0.0889404938},"val_mean_squared_logarithmic_error":{"0":0.0038228605,"1":0.0038323686,"2":0.0041286768,"3":0.0052700909,"4":0.0052727503,"5":0.0149134574,"6":0.1077826694,"7":0.0054433937,"8":0.0044280128,"9":0.0038627223,"10":0.0053413524},"val_mean_squared_error":{"0":0.0168788601,"1":0.0172171146,"2":0.0191343408,"3":0.0206590816,"4":0.0240375884,"5":0.0551826581,"6":7034430.0,"7":0.0233408418,"8":0.0233679228,"9":0.016683206,"10":378.4918518066}}