{"loss":{"0":0.0179966539,"1":0.017617058,"2":0.0173823833,"3":0.0171274059,"4":0.0170921609,"5":0.0169064365,"6":0.0169968549,"7":0.0169385858,"8":0.0168271698,"9":0.0168479532,"10":0.0169139709,"11":0.0172258057,"12":0.0172281209},"mean_squared_logarithmic_error":{"0":0.0051120534,"1":0.0050905934,"2":0.0050829872,"3":0.0050764554,"4":0.0050704326,"5":0.00506446,"6":0.0050585363,"7":0.0050514862,"8":0.0050464915,"9":0.0050371317,"10":0.0050311442,"11":0.0050210184,"12":0.0050154109},"mean_squared_error":{"0":0.0230459683,"1":0.0229721107,"2":0.0229439549,"3":0.0229093116,"4":0.0228867177,"5":0.0228664391,"6":0.0228580665,"7":0.0228314996,"8":0.0228153784,"9":0.0228128806,"10":0.0228229128,"11":0.0228062421,"12":0.0227948241},"val_loss":{"0":0.022582259,"1":0.0228228029,"2":0.0214794073,"3":0.0239915047,"4":0.0219428111,"5":0.0243499838,"6":0.0236115325,"7":0.026789872,"8":0.0279400013,"9":0.0311382711,"10":0.0334859006,"11":0.0870562717,"12":0.0452248901},"val_mean_squared_logarithmic_error":{"0":0.0057016509,"1":0.0057094772,"2":0.0056713014,"3":0.0056995032,"4":0.0056281579,"5":0.0056951111,"6":0.0056782239,"7":0.0057128971,"8":0.0057800068,"9":0.0059771859,"10":0.0061203265,"11":0.0202781949,"12":0.0069819498},"val_mean_squared_error":{"0":0.0291973297,"1":0.0294986479,"2":0.0291942153,"3":0.0294639301,"4":0.0287812352,"5":0.0297522675,"6":0.029434599,"7":0.0294806845,"8":0.0305801146,"9":0.0310275666,"10":0.0319470502,"11":0.0741649568,"12":0.0365143046}}