{"loss":{"0":0.1707612276,"1":0.1257070452,"2":0.0895920619,"3":0.0590952002,"4":0.0520852432,"5":0.0447727591,"6":0.0338976234,"7":0.0222236384,"8":0.0203735977,"9":0.0194220338,"10":0.018971948,"11":0.0185884647,"12":0.0183214992,"13":0.0177326798,"14":0.0175956022,"15":0.0172651839,"16":0.0171978101,"17":0.0171113331,"18":0.0170962159,"19":0.0166208781,"20":0.0165098868,"21":0.0163896326,"22":0.0161888525,"23":0.0163347628,"24":0.0158916097,"25":0.0160494223,"26":0.0160336047,"27":0.0158584435,"28":0.0158077162,"29":0.0156595968},"mean_squared_logarithmic_error":{"0":0.073971495,"1":0.0563460216,"2":0.0308137722,"3":0.0219117776,"4":0.0183476098,"5":0.0150199113,"6":0.0081076277,"7":0.0045108609,"8":0.0044695991,"9":0.0044524306,"10":0.0044501908,"11":0.0044469163,"12":0.004444235,"13":0.004436784,"14":0.0044352324,"15":0.0044320854,"16":0.0044317385,"17":0.0044311653,"18":0.0044321725,"19":0.0044238968,"20":0.0044214758,"21":0.0044210637,"22":0.0044208677,"23":0.004422185,"24":0.0044178716,"25":0.0044216514,"26":0.0044194316,"27":0.0044188239,"28":0.0044180783,"29":0.004412876},"mean_squared_error":{"0":0.2477016002,"1":0.1614065766,"2":0.0934481323,"3":0.0691720024,"4":0.0595582165,"5":0.0478504114,"6":0.0292748157,"7":0.0197252221,"8":0.0196056236,"9":0.0194700919,"10":0.0194261968,"11":0.0194656737,"12":0.0194465052,"13":0.019351542,"14":0.0193730593,"15":0.0193331819,"16":0.0193516277,"17":0.0193205047,"18":0.0193551853,"19":0.0192470439,"20":0.0192439742,"21":0.0192242321,"22":0.0192135833,"23":0.0194026269,"24":0.0192162152,"25":0.0193058439,"26":0.0192542057,"27":0.0191935226,"28":0.0192565136,"29":0.0191839412},"val_loss":{"0":0.1518820822,"1":0.1357111484,"2":0.0743236095,"3":0.0729893669,"4":0.0622492768,"5":0.0548771024,"6":0.0392158777,"7":0.0342342295,"8":0.0350497067,"9":0.0374297053,"10":0.0378302336,"11":0.0351906344,"12":0.0288575068,"13":0.0298530478,"14":0.0298696719,"15":0.0285594929,"16":0.0385229066,"17":0.0333939753,"18":0.0245475993,"19":0.0243827198,"20":0.0259545743,"21":0.027622357,"22":0.0263715088,"23":0.0259809904,"24":0.0256990623,"25":0.0280029178,"26":0.0278698336,"27":0.027465025,"28":0.0291582346,"29":0.026460059},"val_mean_squared_logarithmic_error":{"0":0.0600858554,"1":0.0489769541,"2":0.0223443415,"3":0.0223435238,"4":0.0170995146,"5":0.0130547732,"6":0.0054938686,"7":0.0051328237,"8":0.005062711,"9":0.0056031276,"10":0.0054260814,"11":0.0053696116,"12":0.0049803345,"13":0.0050284262,"14":0.0050957422,"15":0.0049667377,"16":0.0061395802,"17":0.0054049306,"18":0.0048051085,"19":0.0048412997,"20":0.0048405994,"21":0.004895546,"22":0.0049472055,"23":0.0048274496,"24":0.0048546102,"25":0.0051624104,"26":0.0049816347,"27":0.0050407811,"28":0.0049240515,"29":0.0049008569},"val_mean_squared_error":{"0":0.1792814285,"1":0.1443735659,"2":0.0685360506,"3":0.066795595,"4":0.0590010397,"5":0.043046087,"6":0.0239428077,"7":0.0221973266,"8":0.0224895682,"9":0.0239273012,"10":0.0243644062,"11":0.0233254451,"12":0.0219860226,"13":0.0219126549,"14":0.022838166,"15":0.0215326976,"16":0.0249929447,"17":0.0236402284,"18":0.0209541582,"19":0.0210159458,"20":0.0212268308,"21":0.0216093734,"22":0.0214135963,"23":0.021263212,"24":0.0212291945,"25":0.0226491839,"26":0.0221564416,"27":0.0219894312,"28":0.0220436621,"29":0.0216219276}}