{"loss":{"0":0.0251127537,"1":0.02399946,"2":0.0236868449,"3":0.0233649425,"4":0.02338464,"5":0.0231319685,"6":0.0235230085,"7":0.0236029197,"8":0.0236423369,"9":0.0233326647,"10":0.023157971,"11":0.0227893386},"mean_squared_logarithmic_error":{"0":0.0064068916,"1":0.0063032839,"2":0.0062923199,"3":0.0062776566,"4":0.0062725078,"5":0.0062525314,"6":0.0062617227,"7":0.006253792,"8":0.0062591252,"9":0.0062534804,"10":0.0062494646,"11":0.0062410859},"mean_squared_error":{"0":0.0357125066,"1":0.0347774699,"2":0.0349050909,"3":0.0346255749,"4":0.0346322246,"5":0.0344583206,"6":0.0346756317,"7":0.0345595181,"8":0.0344642662,"9":0.0344263278,"10":0.034398973,"11":0.034288343},"val_loss":{"0":0.0340443514,"1":0.0332238749,"2":0.0382211246,"3":0.0372322649,"4":0.0409105755,"5":0.0451321527,"6":0.0517780334,"7":0.0544819161,"8":0.048692096,"9":0.0425611734,"10":0.0380777083,"11":0.035141062},"val_mean_squared_logarithmic_error":{"0":0.0068539972,"1":0.0067655831,"2":0.0070295883,"3":0.006932993,"4":0.0069795232,"5":0.0073553603,"6":0.0080248499,"7":0.0086227143,"8":0.0075454214,"9":0.0073407958,"10":0.0069476371,"11":0.0068430509},"val_mean_squared_error":{"0":0.0432339683,"1":0.0435999967,"2":0.044394467,"3":0.0435823537,"4":0.0449241102,"5":0.0456652828,"6":0.0482103154,"7":0.0520551726,"8":0.0473398305,"9":0.0457517542,"10":0.0437296666,"11":0.04297271}}