{"loss":{"0":0.0089143394,"1":0.0086602345,"2":0.0086298408,"3":0.0086991349,"4":0.0086497897,"5":0.0087759309,"6":0.0090972334,"7":0.0092821466,"8":0.0088990349,"9":0.0088380435,"10":0.0086565092},"mean_squared_logarithmic_error":{"0":0.0025708524,"1":0.0025778858,"2":0.0025820411,"3":0.0025834795,"4":0.0025845252,"5":0.0025889182,"6":0.0025866395,"7":0.0025946151,"8":0.0025897212,"9":0.0025868968,"10":0.0025903878},"mean_squared_error":{"0":0.0089473482,"1":0.0089636659,"2":0.0089621553,"3":0.0089738229,"4":0.0089795776,"5":0.0089968378,"6":0.0090415655,"7":0.0091440454,"8":0.0090927826,"9":0.0090646166,"10":0.00902176},"val_loss":{"0":0.0118476572,"1":0.0122427121,"2":0.0132759465,"3":0.0164433103,"4":0.0160444081,"5":0.0256205145,"6":0.0232864581,"7":0.0198600907,"8":0.01740136,"9":0.0165742766,"10":0.014561397},"val_mean_squared_logarithmic_error":{"0":0.0030114399,"1":0.0030238847,"2":0.0030408157,"3":0.0032054796,"4":0.0031239421,"5":0.0038140416,"6":0.0036308568,"7":0.0036584451,"8":0.0033439877,"9":0.0031652143,"10":0.0030962031},"val_mean_squared_error":{"0":0.0116240429,"1":0.0117881531,"2":0.011960974,"3":0.0127245057,"4":0.0124185821,"5":0.016934732,"6":0.0153026991,"7":0.0141361654,"8":0.0129012009,"9":0.0122364452,"10":0.0122147165}}