{"loss":{"0":0.0160257556,"1":0.0155860828,"2":0.0154507756,"3":0.0154425558,"4":0.015236428,"5":0.0150448,"6":0.0151248388,"7":0.0150011461,"8":0.0148672415,"9":0.0149879754,"10":0.0149110891},"mean_squared_logarithmic_error":{"0":0.0042472016,"1":0.0042286981,"2":0.004224774,"3":0.0042235702,"4":0.0042148596,"5":0.0042139818,"6":0.0042128856,"7":0.0042094612,"8":0.0042072791,"9":0.0042093294,"10":0.0042107711},"mean_squared_error":{"0":0.0177863482,"1":0.0177020188,"2":0.0178450327,"3":0.0176096018,"4":0.017538717,"5":0.0175907407,"6":0.0175808556,"7":0.0175081138,"8":0.0175046083,"9":0.0175006967,"10":0.0175487082},"val_loss":{"0":0.0283089876,"1":0.035183575,"2":0.030374473,"3":0.0288456939,"4":0.0306588393,"5":0.031552013,"6":0.0313592665,"7":0.0334915817,"8":0.0375591293,"9":0.0336898305,"10":114.9964294434},"val_mean_squared_logarithmic_error":{"0":0.005579941,"1":0.0059286673,"2":0.005772124,"3":0.0056207771,"4":0.0057435632,"5":0.0057573826,"6":0.005729124,"7":0.0059428932,"8":0.0063388422,"9":0.0059992797,"10":0.0135035347},"val_mean_squared_error":{"0":0.0280352049,"1":0.0299459342,"2":0.0288518462,"3":0.028548656,"4":0.0286698118,"5":0.0289665498,"6":0.0293104369,"7":0.0299904719,"8":0.0317079239,"9":0.0303250253,"10":2590256384.0}}