{"loss":{"0":6434.2993164062,"1":0.0488004982,"2":0.0336227752,"3":0.0410034619,"4":0.0443646237,"5":0.0356178284,"6":0.0307532232,"7":0.0277325101,"8":0.0256362576,"9":0.0239677988,"10":0.0227289535,"11":0.0217551365,"12":0.0210379176,"13":0.0205174256,"14":0.0201151166,"15":0.0198726151,"16":0.0197024941,"17":0.0195043627,"18":0.019467257,"19":0.0194368307,"20":0.0193995088,"21":0.0193416122,"22":0.0192700066,"23":0.0194060821,"24":0.0194947738,"25":0.0196022131},"mean_squared_logarithmic_error":{"0":0.0198400915,"1":0.0073444922,"2":0.0062924246,"3":0.0069697141,"4":0.0075703738,"5":0.0065501174,"6":0.00618314,"7":0.0060130744,"8":0.0059126737,"9":0.0058546434,"10":0.0058187624,"11":0.0057976809,"12":0.0057850843,"13":0.0057680779,"14":0.005760903,"15":0.0057547572,"16":0.0057526925,"17":0.0057510952,"18":0.0057491306,"19":0.0057520964,"20":0.0057470961,"21":0.0057509253,"22":0.0057510668,"23":0.0057525542,"24":0.0057525295,"25":0.0057599139},"mean_squared_error":{"0":24822480371712.0,"1":15.2151470184,"2":0.0547199138,"3":1.3602058887,"4":0.2639630139,"5":0.0325674415,"6":0.030558547,"7":0.0294406526,"8":0.0289057568,"9":0.0286193416,"10":0.0284247007,"11":0.0282066893,"12":0.0282871164,"13":0.0280640982,"14":0.028020151,"15":0.028054921,"16":0.0279657263,"17":0.0279111117,"18":0.0280591715,"19":0.0279797744,"20":0.0281984881,"21":0.0279333107,"22":0.0279193018,"23":0.0279836599,"24":0.0279565323,"25":0.0290613975},"val_loss":{"0":0.0504535437,"1":0.0385772735,"2":0.036695268,"3":0.0412673019,"4":0.0451136716,"5":0.0388161317,"6":0.0350352116,"7":0.0333449356,"8":0.0285471864,"9":0.0267162025,"10":0.024402082,"11":0.0241254363,"12":0.022858087,"13":0.0221302528,"14":0.0219436269,"15":0.0213291794,"16":0.0237035491,"17":0.0233584139,"18":0.0216328036,"19":0.023221191,"20":0.0256598871,"21":0.0263560005,"22":0.026821319,"23":0.0287327729,"24":0.0297499038,"25":0.0310717393},"val_mean_squared_logarithmic_error":{"0":0.0073423856,"1":0.0063875564,"2":0.0063708266,"3":0.0068415185,"4":0.0072899098,"5":0.0066488017,"6":0.0063773412,"7":0.0062218392,"8":0.0060499073,"9":0.0059636575,"10":0.0058994475,"11":0.005901075,"12":0.0058852988,"13":0.0058641401,"14":0.0058726193,"15":0.0058678607,"16":0.0058917552,"17":0.005900932,"18":0.005843027,"19":0.005880652,"20":0.006038148,"21":0.0059268358,"22":0.0060370262,"23":0.0061089168,"24":0.0060781026,"25":0.0062316246},"val_mean_squared_error":{"0":3.693990469,"1":0.0316952057,"2":0.0313341245,"3":0.0328937136,"4":0.0342850797,"5":0.0320304558,"6":0.0308715552,"7":0.0303322729,"8":0.0292110704,"9":0.0288863908,"10":0.0284873378,"11":0.0283706691,"12":0.0282357428,"13":0.0281441677,"14":0.0280955788,"15":0.028019337,"16":0.0282440037,"17":0.0282215066,"18":0.028088998,"19":0.0282412712,"20":0.0288065989,"21":0.0289350655,"22":0.0288607962,"23":0.0291837584,"24":0.029711945,"25":0.0297604073}}