{"loss":{"0":0.014934808,"1":0.0147639113,"2":0.0147473793,"3":0.0144675178,"4":0.0144298412,"5":0.0144232865,"6":0.0143477889,"7":0.0143799903,"8":0.0143431239,"9":0.0141580487,"10":0.0142902723,"11":0.0142506156,"12":0.0141518414},"mean_squared_logarithmic_error":{"0":0.00400616,"1":0.0040051485,"2":0.0040057637,"3":0.0040029567,"4":0.0040030726,"5":0.0040027476,"6":0.0040005054,"7":0.0040043378,"8":0.0040039765,"9":0.003999508,"10":0.004003169,"11":0.0040042787,"12":0.0040011974},"mean_squared_error":{"0":0.0167480987,"1":0.0167136118,"2":0.0167202372,"3":0.016733367,"4":0.0167161375,"5":0.0167133361,"6":0.016706761,"7":0.0167580564,"8":0.0167320389,"9":0.0166853257,"10":0.0167059358,"11":0.0167346131,"12":0.0167159438},"val_loss":{"0":0.0268061906,"1":0.0248494502,"2":0.0228615236,"3":0.0281021073,"4":0.0241398755,"5":0.0231314842,"6":0.0277685504,"7":0.02444157,"8":0.0291233622,"9":0.0290763024,"10":0.0283891391,"11":0.0357989036,"12":0.0290495455},"val_mean_squared_logarithmic_error":{"0":0.0044782343,"1":0.004509212,"2":0.0043030516,"3":0.0045824228,"4":0.0045112292,"5":0.0043720515,"6":0.0047054989,"7":0.0044847154,"8":0.0045798607,"9":0.0047153407,"10":0.0048197308,"11":0.0056695514,"12":0.0054658591},"val_mean_squared_error":{"0":0.0198681671,"1":0.0197984409,"2":0.0191271268,"3":0.0203112047,"4":0.0199979525,"5":0.0197332837,"6":0.020576315,"7":0.0200946294,"8":0.0214339122,"9":0.0209244825,"10":0.0213395637,"11":0.0230784267,"12":0.0231928378}}