{"loss":{"0":0.1371151656,"1":0.137031585,"2":0.1369796991,"3":0.1369556338,"4":0.1369227767,"5":0.1369097084,"6":0.1369042993,"7":0.1368754804,"8":0.136866346,"9":0.1368543357,"10":0.1368392259,"11":0.1368386745,"12":0.1368201226,"13":0.1367986947,"14":0.1367999911,"15":0.1367966682,"16":0.1367822587},"mean_squared_logarithmic_error":{"0":0.059199065,"1":0.059189599,"2":0.0591931231,"3":0.0591947623,"4":0.0591935702,"5":0.0591984056,"6":0.0591994636,"7":0.0592044517,"8":0.0591999404,"9":0.0592103861,"10":0.0592043288,"11":0.0592077784,"12":0.0592110418,"13":0.059205465,"14":0.0592089482,"15":0.0592121929,"16":0.0592059605},"mean_squared_error":{"0":0.2064314485,"1":0.2064338326,"2":0.2064537108,"3":0.2064570487,"4":0.2064135373,"5":0.2064370811,"6":0.2063875198,"7":0.2064004242,"8":0.2063425183,"9":0.2063926011,"10":0.2063469142,"11":0.2063337117,"12":0.2063317299,"13":0.2062817514,"14":0.2062857151,"15":0.2063050717,"16":0.2062584013},"val_loss":{"0":0.1618013978,"1":0.1617145687,"2":0.1618386805,"3":0.1617832184,"4":0.1617208868,"5":0.1617019027,"6":0.1616128385,"7":0.16164276,"8":0.1617478132,"9":0.1617616266,"10":0.1617334485,"11":0.1617397666,"12":0.1617477983,"13":0.1617180258,"14":0.1616172493,"15":0.1616833657,"16":0.161677748},"val_mean_squared_logarithmic_error":{"0":0.0704453066,"1":0.0702827871,"2":0.0702841803,"3":0.0704499781,"4":0.0704034269,"5":0.070368275,"6":0.0703032836,"7":0.0704013482,"8":0.0704086944,"9":0.0703234449,"10":0.0702101514,"11":0.070301488,"12":0.0703154728,"13":0.070403114,"14":0.070251368,"15":0.0702246949,"16":0.0702629462},"val_mean_squared_error":{"0":0.2709803283,"1":0.2696183026,"2":0.271051228,"3":0.2714374065,"4":0.2704404294,"5":0.2694615126,"6":0.269454509,"7":0.2707886994,"8":0.2705270946,"9":0.2705364823,"10":0.269128114,"11":0.2699399292,"12":0.2697013915,"13":0.270570457,"14":0.2683432996,"15":0.2679876089,"16":0.2692610323}}