{"loss":{"0":0.1521131396,"1":0.1494716853,"2":0.1488871127,"3":0.1486741751,"4":0.1485687941,"5":0.1484930068,"6":0.1484476477,"7":0.1484056711,"8":0.148379609,"9":0.1483513117,"10":0.1483248025,"11":0.1483016163,"12":0.1482934654,"13":0.1482691914,"14":0.1482560486,"15":0.1482334435,"16":0.1482166201,"17":0.148203969,"18":0.1481894404,"19":0.14818196,"20":0.1481673419,"21":0.1481544524,"22":0.1481447071,"23":0.1481256187,"24":0.1481140852,"25":0.1481089741,"26":0.14810507,"27":0.148088634,"28":0.1480710357,"29":0.1480751932,"30":0.1480547935,"31":0.1480546445,"32":0.148045212,"33":0.1480302662,"34":0.1480244249,"35":0.1480261981,"36":0.1480162442,"37":0.1480119377,"38":0.1479931623,"39":0.1479880363,"40":0.147982657,"41":0.1479703933,"42":0.1479706168,"43":0.1479574591,"44":0.1479504257,"45":0.1479505301,"46":0.1479388028,"47":0.1479406059,"48":0.147932291,"49":0.1479238272,"50":0.1479204893,"51":0.1479237974,"52":0.1479142606,"53":0.1479017586,"54":0.1479017287,"55":0.1478909701,"56":0.1478921026},"mean_squared_logarithmic_error":{"0":0.063765049,"1":0.0636327416,"2":0.0637308285,"3":0.0637824014,"4":0.0638123006,"5":0.0638365746,"6":0.0638534203,"7":0.0638635829,"8":0.0638787746,"9":0.0638883486,"10":0.0638971627,"11":0.0639081001,"12":0.0639126226,"13":0.0639173612,"14":0.0639192238,"15":0.0639274418,"16":0.0639272407,"17":0.0639313683,"18":0.0639361069,"19":0.0639368221,"20":0.0639402643,"21":0.0639352351,"22":0.0639403686,"23":0.0639422238,"24":0.063943781,"25":0.0639436916,"26":0.0639457181,"27":0.0639485121,"28":0.0639462024,"29":0.063950181,"30":0.0639485046,"31":0.0639496073,"32":0.0639495701,"33":0.0639521554,"34":0.0639556274,"35":0.063954033,"36":0.0639540106,"37":0.0639484525,"38":0.0639562756,"39":0.0639524609,"40":0.0639550313,"41":0.0639521629,"42":0.0639541969,"43":0.0639549568,"44":0.0639544278,"45":0.0639537722,"46":0.0639537722,"47":0.0639542416,"48":0.063952446,"49":0.0639492497,"50":0.0639511421,"51":0.0639487803,"52":0.0639482066,"53":0.0639492199,"54":0.0639484972,"55":0.0639477819,"56":0.0639487281},"mean_squared_error":{"0":0.2320621461,"1":0.2321236134,"2":0.2322588116,"3":0.2322808057,"4":0.2322784811,"5":0.2322821021,"6":0.2322439253,"7":0.2322271913,"8":0.2322556973,"9":0.2322707027,"10":0.2322711945,"11":0.2322924286,"12":0.2322981954,"13":0.2322880328,"14":0.2323058695,"15":0.2323035896,"16":0.2322954983,"17":0.2323007882,"18":0.2323233783,"19":0.2323064208,"20":0.2323152572,"21":0.2322930843,"22":0.2323037833,"23":0.2322913706,"24":0.2323021144,"25":0.2322869003,"26":0.2322963029,"27":0.2323068529,"28":0.2322713286,"29":0.2323094606,"30":0.2322669327,"31":0.2322591692,"32":0.2322609425,"33":0.2322799116,"34":0.2322793901,"35":0.2322514057,"36":0.2322581708,"37":0.2322191745,"38":0.2322634012,"39":0.2321929634,"40":0.2322229594,"41":0.2321980745,"42":0.2321887165,"43":0.2322108299,"44":0.232187584,"45":0.232165277,"46":0.2321847379,"47":0.2321699262,"48":0.2321707606,"49":0.2321388572,"50":0.2321566641,"51":0.2321358025,"52":0.2321304679,"53":0.2321132571,"54":0.2320962697,"55":0.2321225852,"56":0.232118547},"val_loss":{"0":0.1741497368,"1":0.1729430109,"2":0.1724690348,"3":0.1722766161,"4":0.1722869873,"5":0.1721009612,"6":0.1720847338,"7":0.1720395982,"8":0.1719936281,"9":0.1721095741,"10":0.1720224172,"11":0.1719976515,"12":0.1719660908,"13":0.1719626337,"14":0.1719149947,"15":0.1719262302,"16":0.171966657,"17":0.1718595475,"18":0.1718920171,"19":0.1719594598,"20":0.1718561202,"21":0.1719844788,"22":0.1719203293,"23":0.1718847752,"24":0.1719324887,"25":0.1719664931,"26":0.1718532145,"27":0.1718565524,"28":0.1718590558,"29":0.1718700677,"30":0.1719428003,"31":0.1718073934,"32":0.1718632728,"33":0.1717977077,"34":0.171806559,"35":0.1719047427,"36":0.1718570739,"37":0.1718851328,"38":0.1717619598,"39":0.1718284488,"40":0.1718216985,"41":0.1718523353,"42":0.1718154103,"43":0.1718271673,"44":0.1718366593,"45":0.1717920601,"46":0.17171444,"47":0.1718396097,"48":0.171840772,"49":0.1718140393,"50":0.1718633324,"51":0.1717646271,"52":0.1717443317,"53":0.1718477458,"54":0.1717585772,"55":0.1717151254,"56":0.1717825681},"val_mean_squared_logarithmic_error":{"0":0.0738153532,"1":0.0743499249,"2":0.0746346191,"3":0.074561581,"4":0.0746371672,"5":0.0747182965,"6":0.0746809468,"7":0.0747148618,"8":0.0747076944,"9":0.0749050751,"10":0.0748608708,"11":0.0745404437,"12":0.0746378377,"13":0.0746618807,"14":0.0746860579,"15":0.0747820735,"16":0.0747530013,"17":0.0748410597,"18":0.074753806,"19":0.0748674944,"20":0.0747472644,"21":0.0746233091,"22":0.0747903287,"23":0.074758701,"24":0.0747635961,"25":0.0746290684,"26":0.0746771619,"27":0.0747188553,"28":0.0748354271,"29":0.0747002065,"30":0.074679397,"31":0.0745719522,"32":0.074714981,"33":0.0747116134,"34":0.07476376,"35":0.0747255757,"36":0.0747512579,"37":0.0749275461,"38":0.0747537985,"39":0.0747875273,"40":0.0746220872,"41":0.0746139735,"42":0.0746451169,"43":0.0747606531,"44":0.0746604726,"45":0.0746765658,"46":0.0746468902,"47":0.0746601596,"48":0.0746667534,"49":0.0746622309,"50":0.0747517496,"51":0.0747678727,"52":0.0746214315,"53":0.0748119578,"54":0.0747171193,"55":0.0747315511,"56":0.0746259838},"val_mean_squared_error":{"0":0.2917421162,"1":0.2921526134,"2":0.2926681936,"3":0.2915019691,"4":0.2916591465,"5":0.2919633687,"6":0.2916584313,"7":0.292167455,"8":0.2915799022,"9":0.2938556075,"10":0.2927303612,"11":0.290148437,"12":0.2914693952,"13":0.292024672,"14":0.2906523645,"15":0.2917531729,"16":0.2920628786,"17":0.2925606072,"18":0.2914534807,"19":0.2935257256,"20":0.2916943431,"21":0.2903916836,"22":0.2923362553,"23":0.2916684747,"24":0.292798847,"25":0.2916803658,"26":0.2922700346,"27":0.2914929092,"28":0.2926891446,"29":0.2919770777,"30":0.2914535403,"31":0.2907257676,"32":0.2918381989,"33":0.291577518,"34":0.2923443615,"35":0.2921592891,"36":0.2930822968,"37":0.2936154306,"38":0.2915454507,"39":0.2922133803,"40":0.2906393409,"41":0.2904586494,"42":0.2902544439,"43":0.2930459976,"44":0.2913162112,"45":0.2912527323,"46":0.2910803854,"47":0.2910114527,"48":0.2920903563,"49":0.290682286,"50":0.2927346528,"51":0.292231828,"52":0.2907992899,"53":0.2930555046,"54":0.2919612825,"55":0.2924780846,"56":0.2911007702}}