{"loss":{"0":0.1906379312,"1":0.1872704625,"2":0.1864995807,"3":0.186101675,"4":0.1858514845,"5":0.1856802255,"6":0.1855443865,"7":0.1854321361,"8":0.1853424907,"9":0.185259372,"10":0.1851883978,"11":0.1851233393},"mean_squared_logarithmic_error":{"0":0.0783308595,"1":0.078171961,"2":0.0782507136,"3":0.078289412,"4":0.0783012584,"5":0.0783056542,"6":0.0783041418,"7":0.0782932341,"8":0.0782897994,"9":0.0782879367,"10":0.0782774836,"11":0.0782715529},"mean_squared_error":{"0":0.2931853235,"1":0.2918329239,"2":0.2919085622,"3":0.2918061912,"4":0.2917151451,"5":0.2915882468,"6":0.2914756835,"7":0.2913632691,"8":0.2912937403,"9":0.2912043333,"10":0.2911137044,"11":0.2910000682},"val_loss":{"0":0.7261066437,"1":0.7191061974,"2":0.723316431,"3":0.7537629604,"4":0.8137982488,"5":0.8896778226,"6":0.9635848403,"7":1.0485101938,"8":1.120470047,"9":1.1990314722,"10":1.2750394344,"11":1.3595883846},"val_mean_squared_logarithmic_error":{"0":0.0836008415,"1":0.0837459192,"2":0.0842459798,"3":0.0843019858,"4":0.084259443,"5":0.0840978771,"6":0.084177427,"7":0.0842103362,"8":0.0843769684,"9":0.0840836093,"10":0.084326528,"11":0.0841932967},"val_mean_squared_error":{"0":203775.078125,"1":212315.5,"2":225046.578125,"3":258737.390625,"4":312993.75,"5":395752.15625,"6":499486.96875,"7":632262.75,"8":764827.25,"9":923727.0625,"10":1091520.5,"11":1276047.75}}