{"loss":{"0":10.2822875977,"1":0.3428817689,"2":0.2662754059,"3":0.2611743808,"4":0.2587346733,"5":0.2564029098,"6":0.253271848,"7":0.2496406734,"8":0.2483223975,"9":0.2478219718,"10":0.2471968234,"11":0.2470322251,"12":0.2469350398,"13":0.2462768853,"14":0.2460590303,"15":0.245903939,"16":0.2458363175,"17":0.2457111776,"18":0.2456556112,"19":0.245359838,"20":0.2461884171,"21":0.2452284545,"22":0.2451733947,"23":0.2451661378,"24":0.24504897,"25":0.2449467331,"26":0.2449467629,"27":0.2448366731,"28":0.2448989153,"29":0.2448300123,"30":0.2448903918,"31":0.2447250634,"32":0.2446269095,"33":0.2449199408,"34":0.2445620149,"35":0.2445396632,"36":0.2448379099,"37":0.2444981486,"38":0.2445082515,"39":0.2445002943,"40":0.244419381,"41":0.2445119768,"42":0.2443877459,"43":0.2442969233,"44":0.2443058938,"45":0.2444064766,"46":0.2443863899,"47":0.2442148328,"48":0.244323343,"49":0.2443460077,"50":0.2442103922,"51":0.2441765666,"52":0.2442186177,"53":0.2440873235,"54":0.2440828085,"55":0.2440391481,"56":0.2440327406,"57":0.2441291213,"58":0.2439971119,"59":0.2439704239,"60":0.2441444248,"61":0.2440130711,"62":0.2440279126},"mean_squared_logarithmic_error":{"0":0.5654540062,"1":0.1125546694,"2":0.1095301956,"3":0.1089358404,"4":0.1081843004,"5":0.1068250239,"6":0.1049848646,"7":0.1047089994,"8":0.1048282608,"9":0.1048100516,"10":0.1047540158,"11":0.1046878994,"12":0.1045801714,"13":0.1044652537,"14":0.104370445,"15":0.1043034047,"16":0.1042374596,"17":0.1041916013,"18":0.1041441038,"19":0.1041221768,"20":0.1040985286,"21":0.104082942,"22":0.1040644869,"23":0.1040426269,"24":0.104032591,"25":0.1040121093,"26":0.1039991602,"27":0.1039851233,"28":0.1039758921,"29":0.1039682105,"30":0.1039662063,"31":0.1039594933,"32":0.1039472967,"33":0.1039217189,"34":0.1039178893,"35":0.1039096862,"36":0.1039168462,"37":0.1039137021,"38":0.1039153412,"39":0.1039201543,"40":0.1039023325,"41":0.1039331704,"42":0.1038758829,"43":0.1038895771,"44":0.1038860679,"45":0.1038939655,"46":0.1038911715,"47":0.1038775295,"48":0.1038851738,"49":0.1038720533,"50":0.1038566828,"51":0.1038556844,"52":0.1038586125,"53":0.1038518474,"54":0.1038577259,"55":0.1038528606,"56":0.1038357541,"57":0.1038451493,"58":0.1038365066,"59":0.1038152352,"60":0.1038082913,"61":0.1038130894,"62":0.103832446},"mean_squared_error":{"0":32125.646484375,"1":376.0012207031,"2":0.6456065774,"3":0.5295600295,"4":0.5000059605,"5":0.4862974584,"6":0.4749536514,"7":0.4655764103,"8":0.4617087543,"9":0.5397974849,"10":0.4608130157,"11":0.4834399521,"12":0.8403570652,"13":0.4564227462,"14":0.4561280012,"15":0.4578439593,"16":0.4811625481,"17":0.4955737889,"18":0.4854086339,"19":0.4508155286,"20":1.450073719,"21":0.4508163631,"22":0.4533977807,"23":0.459210664,"24":0.4496249855,"25":0.4494211376,"26":0.5104939342,"27":0.449568361,"28":0.4579872489,"29":0.4614896178,"30":0.4844387174,"31":0.4534732103,"32":0.4484041333,"33":0.7673131824,"34":0.4520567656,"35":0.4539664686,"36":0.7634467483,"37":0.457098037,"38":0.448680073,"39":0.4539014399,"40":0.4485187531,"41":0.462967217,"42":0.450682044,"43":0.4471552372,"44":0.4472255409,"45":0.5296598673,"46":0.5087834001,"47":0.4494764805,"48":0.5237699151,"49":0.4760756493,"50":0.4657069445,"51":0.513440311,"52":0.4613106549,"53":0.4465888143,"54":0.4463256299,"55":0.4467488527,"56":0.4484922588,"57":0.5136131644,"58":0.4465633929,"59":0.4476209283,"60":0.5162248015,"61":0.4482841492,"62":0.4464223981},"val_loss":{"0":0.3803827465,"1":0.2871018946,"2":0.2760071754,"3":0.2688450217,"4":0.2650232315,"5":0.2616729438,"6":0.2574165463,"7":0.2556880414,"8":0.2548227906,"9":0.2537818849,"10":0.2529550493,"11":0.2534125149,"12":0.2523671985,"13":0.2526147068,"14":0.2527539134,"15":0.2521175742,"16":0.2518676519,"17":0.2513100207,"18":0.2527222037,"19":0.2519406378,"20":0.2511354387,"21":0.25143677,"22":0.2516000569,"23":0.2515776157,"24":0.2514830828,"25":0.2508909702,"26":0.251051873,"27":0.2509548068,"28":0.2518080175,"29":0.2512260973,"30":0.2505344152,"31":0.2507612407,"32":0.2506921291,"33":0.2506364584,"34":0.2502795756,"35":0.2508494556,"36":0.2512461245,"37":0.2511825264,"38":0.2511207163,"39":0.2509072423,"40":0.2511496544,"41":0.2511276603,"42":0.2502826452,"43":0.2508750856,"44":0.2500115633,"45":0.250519067,"46":0.2499969006,"47":0.2499851584,"48":0.2499090284,"49":0.2501320839,"50":0.2500522137,"51":0.2502145171,"52":0.2498495281,"53":0.250123471,"54":0.2502967715,"55":0.2510628998,"56":0.2499248832,"57":0.2505610287,"58":0.2501725554,"59":0.2500398755,"60":0.2591358423,"61":0.2504895031,"62":0.2505718172},"val_mean_squared_logarithmic_error":{"0":0.1211153343,"1":0.1125126332,"2":0.1118377969,"3":0.1110022664,"4":0.109881334,"5":0.1082951501,"6":0.1071125418,"7":0.1077381447,"8":0.1077844054,"9":0.1077520847,"10":0.1076191515,"11":0.1074210927,"12":0.1075187773,"13":0.1074442193,"14":0.1072528288,"15":0.1071735993,"16":0.1072234809,"17":0.1072163656,"18":0.1072763056,"19":0.1071434021,"20":0.1071299538,"21":0.1070476174,"22":0.1071167886,"23":0.1070544124,"24":0.1070011258,"25":0.107109718,"26":0.1070871875,"27":0.1070678309,"28":0.1070985794,"29":0.1070801392,"30":0.1069769785,"31":0.1070620865,"32":0.10703706,"33":0.1071493179,"34":0.107062079,"35":0.1070474312,"36":0.1069430411,"37":0.107034497,"38":0.1069630384,"39":0.1070907563,"40":0.1070477441,"41":0.1069953591,"42":0.1069381982,"43":0.1070519686,"44":0.1071447358,"45":0.1071712449,"46":0.1070176139,"47":0.1071068943,"48":0.1070367619,"49":0.1069650427,"50":0.1070362031,"51":0.1070401892,"52":0.1069708094,"53":0.1068589687,"54":0.1070648208,"55":0.1070677489,"56":0.107015036,"57":0.1070731953,"58":0.1069844142,"59":0.1069027707,"60":0.1069707498,"61":0.1069123819,"62":0.1070966721},"val_mean_squared_error":{"0":24.4741573334,"1":3.1781392097,"2":1.8160636425,"3":1.0163997412,"4":0.7827238441,"5":0.6219241619,"6":0.5484489799,"7":0.5658114552,"8":0.5808737874,"9":0.5833184719,"10":0.5290634036,"11":0.5601475835,"12":0.5401700139,"13":0.560690403,"14":0.6421728134,"15":0.6180152893,"16":0.6044140458,"17":0.4768274724,"18":1.0854743719,"19":0.8491656184,"20":0.4858519137,"21":0.4955961108,"22":0.6405793428,"23":0.6486188173,"24":0.5816766024,"25":0.5017769933,"26":0.5295892358,"27":0.5356032848,"28":0.8816657066,"29":0.6971763372,"30":0.4670480192,"31":0.5168767571,"32":0.4982904792,"33":0.5781151652,"34":0.4723756313,"35":0.6119248271,"36":0.8219539523,"37":1.1097488403,"38":1.270201683,"39":0.6856819391,"40":0.8035436869,"41":1.0507119894,"42":0.749247849,"43":0.6327574849,"44":0.4691064358,"45":0.5624068379,"46":0.4707168043,"47":0.4762503207,"48":0.4667955339,"49":0.6694304347,"50":0.5796139836,"51":0.7603476048,"52":0.4648620784,"53":0.5196484923,"54":0.6860263348,"55":1.6898127794,"56":0.4845393598,"57":1.3906494379,"58":0.5251447558,"59":0.5102829933,"60":100.8925170898,"61":0.5961219072,"62":0.7226287723}}