{"loss":{"0":0.2816286683,"1":0.281283021,"2":0.2811480165,"3":0.2810711265,"4":0.280987829,"5":0.280908674,"6":0.2807899117,"7":0.2805541754,"8":0.2801452279,"9":0.2796093822,"10":0.2792023122,"11":0.278934598,"12":0.2787669897,"13":0.278621316,"14":0.2785113454,"15":0.2784045935,"16":0.2783172131,"17":0.2782382667,"18":0.2781674862,"19":0.2781163454,"20":0.27804932,"21":0.2779815197,"22":0.2779174447,"23":0.2778939009,"24":0.277936697,"25":0.2778210938,"26":0.2777291834,"27":0.2776920497},"mean_squared_logarithmic_error":{"0":0.1191435829,"1":0.1189304963,"2":0.1188120022,"3":0.1186613142,"4":0.1184199676,"5":0.1179439202,"6":0.117040664,"7":0.1153784096,"8":0.113156952,"9":0.1112675294,"10":0.1103679389,"11":0.1100098938,"12":0.1098071113,"13":0.1096370593,"14":0.1095470265,"15":0.1094642952,"16":0.1094067991,"17":0.1093689799,"18":0.1093317419,"19":0.1092929021,"20":0.109270975,"21":0.1092402041,"22":0.1092172787,"23":0.1092002839,"24":0.1091753244,"25":0.1091501042,"26":0.1091231257,"27":0.1091052815},"mean_squared_error":{"0":0.5130726695,"1":0.5119283199,"2":0.5113635659,"3":0.5108922124,"4":0.5102522969,"5":0.5092302561,"6":0.5073266029,"7":0.5037596226,"8":0.4983575642,"9":0.4930052161,"10":0.4899006486,"11":0.4884472191,"12":0.4875006974,"13":0.4867793024,"14":0.4864178002,"15":0.4865047634,"16":0.4855813086,"17":0.4853250384,"18":0.4850965142,"19":0.4852603376,"20":0.4847162664,"21":0.484520942,"22":0.4843279123,"23":0.4867883623,"24":0.5288807154,"25":0.4886011779,"26":0.4837173522,"27":0.4835918248},"val_loss":{"0":0.319367975,"1":0.3191947937,"2":0.3191451728,"3":0.3190112114,"4":0.3186192811,"5":0.3192056119,"6":0.3179942369,"7":0.3175703287,"8":0.3154976368,"9":0.3126462698,"10":0.3119627237,"11":0.3124802113,"12":0.3127613366,"13":0.3136974275,"14":0.3119740486,"15":0.3146024346,"16":0.31384179,"17":0.3078181148,"18":0.3102606535,"19":0.3118882179,"20":0.3123676181,"21":0.3143163025,"22":0.3145762086,"23":0.3145262003,"24":0.3169571459,"25":0.3163339794,"26":0.3174242973,"27":0.3174676895},"val_mean_squared_logarithmic_error":{"0":0.1361436844,"1":0.1359036863,"2":0.1359264404,"3":0.1355972588,"4":0.13470155,"5":0.1334264874,"6":0.1304342449,"7":0.1254791319,"8":0.1209140494,"9":0.117251046,"10":0.1162389219,"11":0.1156448647,"12":0.1152004376,"13":0.1153646037,"14":0.1146211103,"15":0.1146280542,"16":0.1144201979,"17":0.1145184115,"18":0.1142670363,"19":0.114320837,"20":0.114594467,"21":0.1145342886,"22":0.1142524183,"23":0.1141656339,"24":0.1141887158,"25":0.1145194024,"26":0.114229247,"27":0.1141351163},"val_mean_squared_error":{"0":0.6442750692,"1":0.6468299627,"2":0.6473314166,"3":0.6466716528,"4":0.6436627507,"5":1.1596547365,"6":0.8485030532,"7":2.8520674706,"8":4.6794967651,"9":5.3296012878,"10":6.1863245964,"11":10.6477556229,"12":13.626871109,"13":18.2222232819,"14":14.8612442017,"15":29.1898822784,"16":25.6822776794,"17":3.5383532047,"18":10.0187273026,"19":16.7209949493,"20":18.505657196,"21":29.8734340668,"22":32.9496078491,"23":32.859336853,"24":52.6190109253,"25":47.4401359558,"26":60.120880127,"27":61.3844261169}}