{"loss":{"0":0.2190163285,"1":0.2187256813,"2":0.2185862511,"3":0.2184462249,"4":0.2187847942,"5":0.2188014537,"6":0.2188617289,"7":0.218930319,"8":0.2191333175,"9":0.2193026394,"10":0.2183519155,"11":0.2190434188,"12":0.2184734046,"13":0.218499735},"mean_squared_logarithmic_error":{"0":0.0929269567,"1":0.0927500203,"2":0.0927036628,"3":0.0926812142,"4":0.0926801935,"5":0.0926625803,"6":0.0926515833,"7":0.0926386714,"8":0.0926250219,"9":0.0926212668,"10":0.0926105008,"11":0.0926076174,"12":0.0925966129,"13":0.0926009864},"mean_squared_error":{"0":0.3897898495,"1":0.3853319585,"2":0.3842014074,"3":0.3735048175,"4":0.535481751,"5":0.6123389602,"6":0.6423540115,"7":0.8191555142,"8":1.9629963636,"9":1.5097156763,"10":0.4185366333,"11":2.4386739731,"12":0.501734674,"13":0.7005292773},"val_loss":{"0":0.2244553715,"1":0.2237593234,"2":0.2238437682,"3":0.2236173898,"4":0.2238718271,"5":0.2236452103,"6":0.2236766666,"7":0.223954767,"8":0.2252755016,"9":0.2248764634,"10":0.2285931408,"11":0.223628208,"12":0.2238300592,"13":0.2240340263},"val_mean_squared_logarithmic_error":{"0":0.0955684036,"1":0.0952031016,"2":0.0952244848,"3":0.0951819271,"4":0.0953457281,"5":0.0952437967,"6":0.0951353833,"7":0.0951297954,"8":0.0952435583,"9":0.0952745453,"10":0.0953574255,"11":0.0951339304,"12":0.0951678157,"13":0.0951470956},"val_mean_squared_error":{"0":0.3928304613,"1":0.3953929842,"2":0.3940674067,"3":0.3953530192,"4":0.4045245945,"5":0.3956483603,"6":0.4093801975,"7":0.4126966894,"8":1.3635699749,"9":0.8733690381,"10":12.6824569702,"11":0.5185326934,"12":0.4134815931,"13":0.4945223331}}