{"loss":{"0":0.3175933361,"1":0.3205610216,"2":0.31713292,"3":0.3165429533,"4":0.3163891137,"5":0.3162950575,"6":0.3162521422,"7":0.3161951303,"8":0.3175446987,"9":0.3160642087,"10":0.3159834743,"11":0.3159357309,"12":0.3158890009,"13":0.3158736229,"14":0.3161785007,"15":0.3159125149,"16":0.3157430291,"17":0.3157253563,"18":0.3156794906,"19":0.3156031072,"20":0.3156034052,"21":0.3155476749,"22":0.3155130446,"23":0.3165619373,"24":0.3154393733,"25":0.3154101968,"26":0.31539464,"27":0.3153713644,"28":0.3153384626,"29":0.3155143559,"30":0.3152499795,"31":0.3152635694,"32":0.3152142763,"33":0.3154600859,"34":0.3152225018,"35":0.3151201308,"36":0.3151412904,"37":0.3157331645,"38":0.3156176805,"39":0.3150337636,"40":0.3152644038,"41":0.3151728809},"mean_squared_logarithmic_error":{"0":0.1337655783,"1":0.1335145831,"2":0.1334472597,"3":0.1333725154,"4":0.1333420724,"5":0.1333118081,"6":0.1332886815,"7":0.1332540959,"8":0.1332554072,"9":0.1331919134,"10":0.133179158,"11":0.133154422,"12":0.1331308335,"13":0.1331125796,"14":0.1331130862,"15":0.1330814064,"16":0.1330653578,"17":0.1330500096,"18":0.1330288798,"19":0.1330081671,"20":0.1329959631,"21":0.1329788566,"22":0.1329611093,"23":0.1329660118,"24":0.1329402924,"25":0.1329088509,"26":0.1329068393,"27":0.132888943,"28":0.1328706592,"29":0.1328710914,"30":0.1328435391,"31":0.1328364462,"32":0.1328237057,"33":0.1328272969,"34":0.1328003258,"35":0.1327881813,"36":0.1327766478,"37":0.1327642649,"38":0.1327771395,"39":0.1327407062,"40":0.1327302456,"41":0.1327304691},"mean_squared_error":{"0":0.6250725389,"1":20.3130245209,"2":0.9547188282,"3":0.6276013255,"4":0.6151607633,"5":0.6145551205,"6":0.615609169,"7":0.6160219312,"8":3.7629659176,"9":0.6144220829,"10":0.6127166748,"11":0.613581121,"12":0.6120935678,"13":0.6244052649,"14":1.2906244993,"15":0.7369152308,"16":0.6165081263,"17":0.6164546609,"18":0.6152498722,"19":0.6100317836,"20":0.6145649552,"21":0.6099228263,"22":0.6102500558,"23":2.0161249638,"24":0.6089000106,"25":0.6086463332,"26":0.6099140048,"27":0.6099279523,"28":0.6086241603,"29":0.6494854093,"30":0.6075042486,"31":0.6091475487,"32":0.6090420485,"33":0.7979943752,"34":0.6320120096,"35":0.6062285304,"36":0.6093426943,"37":3.9316768646,"38":1.1870627403,"39":0.6129617095,"40":1.1489733458,"41":0.6793475747},"val_loss":{"0":0.3174112737,"1":0.3173671663,"2":0.3172826767,"3":0.3171164393,"4":0.3172122538,"5":0.3168928027,"6":0.3173958957,"7":0.3173940182,"8":0.3167842627,"9":0.3167999983,"10":0.3170129955,"11":0.3171381652,"12":0.3168887496,"13":0.3176171482,"14":0.3168121874,"15":0.3169336617,"16":0.316737771,"17":0.3170202672,"18":0.3168681264,"19":0.3166800737,"20":0.3167722821,"21":0.3168270886,"22":0.3168725371,"23":0.3166607022,"24":0.3207269311,"25":0.3170543015,"26":0.3169555664,"27":0.316863507,"28":0.3168086112,"29":0.3168091178,"30":0.3167044222,"31":0.3164009452,"32":0.3165747523,"33":0.3165681362,"34":0.317815274,"35":0.3174648881,"36":0.3191626966,"37":0.3167415261,"38":0.3165568113,"39":0.3175488114,"40":0.3164592087,"41":0.3182673752},"val_mean_squared_logarithmic_error":{"0":0.1339913756,"1":0.1339283288,"2":0.1339609474,"3":0.1339547336,"4":0.1339387596,"5":0.1338935941,"6":0.1340828985,"7":0.1341170818,"8":0.1337938756,"9":0.1338554919,"10":0.1340431571,"11":0.1340927631,"12":0.1338700205,"13":0.1341388077,"14":0.1338666379,"15":0.133898288,"16":0.133819744,"17":0.1337759197,"18":0.1338167936,"19":0.1336840987,"20":0.1338063031,"21":0.1337668151,"22":0.1336835325,"23":0.1337438673,"24":0.1338002533,"25":0.1339286864,"26":0.1338046938,"27":0.133744657,"28":0.133748576,"29":0.1336737871,"30":0.1336768866,"31":0.1334966719,"32":0.1337049305,"33":0.1336622387,"34":0.1335446835,"35":0.1336613297,"36":0.1336994618,"37":0.1336194128,"38":0.1335430592,"39":0.1336499155,"40":0.1336652637,"41":0.1336757988},"val_mean_squared_error":{"0":0.6223640442,"1":0.6218979955,"2":0.6216048598,"3":0.6231200695,"4":0.621530354,"5":0.6234521866,"6":0.6196666956,"7":0.6210167408,"8":0.6232057214,"9":0.6217957735,"10":0.6226962805,"11":0.6195040941,"12":0.6201475859,"13":0.6959949136,"14":0.6209090948,"15":0.6195989251,"16":0.6211397648,"17":0.6521475911,"18":0.6189026237,"19":0.619512856,"20":0.6195508838,"21":0.618845284,"22":0.6180137396,"23":0.6188110113,"24":9.8038291931,"25":0.6189851761,"26":0.6164315343,"27":0.6174073815,"28":0.6478947401,"29":0.6164928675,"30":0.6173534393,"31":0.6207343936,"32":0.6194953918,"33":0.6184583902,"34":1.6962716579,"35":1.1897759438,"36":4.5596699715,"37":0.6172722578,"38":0.6190984845,"39":1.1868362427,"40":0.6351446509,"41":2.2986454964}}