{"loss":{"0":0.2468301952,"1":0.2453621775,"2":0.2448203564,"3":0.2444458753,"4":0.2441506386,"5":0.2439133376,"6":0.2437229902,"7":0.2435640842,"8":0.2434122562,"9":0.2432915717,"10":0.2431670427,"11":0.2430669665,"12":0.2429719865,"13":0.2428767979,"14":0.242790252,"15":0.2427069396,"16":0.2426454425,"17":0.2425761074,"18":0.2424918264,"19":0.2424358726,"20":0.2423750907,"21":0.2423131168,"22":0.242258206,"23":0.2422183305,"24":0.2421712875,"25":0.2421225011,"26":0.2420845777,"27":0.242045179,"28":0.2419961989,"29":0.2419645488,"30":0.2419307977,"31":0.2419008762,"32":0.2418782711,"33":0.2418341935,"34":0.2418047488,"35":0.2417784929,"36":0.2417585403,"37":0.2417171746,"38":0.2416891307,"39":0.2416725457,"40":0.2416492999,"41":0.2416218072,"42":0.2415989935,"43":0.2415828705,"44":0.2415495813,"45":0.2415325344,"46":0.2415140122,"47":0.2414824367,"48":0.2414703816,"49":0.2414425164,"50":0.2414327264,"51":0.2413992882,"52":0.2413842678,"53":0.24135378,"54":0.2413689494,"55":0.2413322777,"56":0.2413126677,"57":0.2412964106,"58":0.2412767112,"59":0.2412674129,"60":0.2412375361,"61":0.2412184477,"62":0.24122563,"63":0.2411962897,"64":0.2411822528,"65":0.2411531508,"66":0.2411593944,"67":0.2411364019,"68":0.2411183268},"mean_squared_logarithmic_error":{"0":0.1062827632,"1":0.1059220806,"2":0.105810754,"3":0.1057136729,"4":0.105638504,"5":0.105567582,"6":0.1055226922,"7":0.1054778397,"8":0.1054390892,"9":0.1054059118,"10":0.1053744256,"11":0.1053494588,"12":0.1053209901,"13":0.1052928045,"14":0.1052761152,"15":0.1052571163,"16":0.1052334979,"17":0.1052107438,"18":0.105195947,"19":0.1051769108,"20":0.1051588207,"21":0.1051382795,"22":0.1051220968,"23":0.1051024795,"24":0.1050956696,"25":0.1050771773,"26":0.105073005,"27":0.1050502285,"28":0.1050470546,"29":0.1050302386,"30":0.105023779,"31":0.1050135344,"32":0.1049969271,"33":0.1049879342,"34":0.1049772352,"35":0.1049669012,"36":0.1049608439,"37":0.104949683,"38":0.1049346998,"39":0.1049254239,"40":0.1049169824,"41":0.1049092412,"42":0.1048949733,"43":0.1048872918,"44":0.1048761755,"45":0.1048621386,"46":0.1048618779,"47":0.104845129,"48":0.1048435047,"49":0.1048338264,"50":0.1048272774,"51":0.1048163623,"52":0.1048120707,"53":0.1048033834,"54":0.1048017219,"55":0.1047844663,"56":0.1047800109,"57":0.1047691256,"58":0.1047581956,"59":0.1047533229,"60":0.1047423258,"61":0.1047411412,"62":0.1047382653,"63":0.1047336012,"64":0.1047196388,"65":0.104717955,"66":0.1047124863,"67":0.1046966985,"68":0.1046968028},"mean_squared_error":{"0":0.5043880939,"1":0.4965585172,"2":0.4943167865,"3":0.4926536083,"4":0.4914179146,"5":0.490424037,"6":0.4896797836,"7":0.4890092015,"8":0.4884107709,"9":0.4879257381,"10":0.4874386191,"11":0.4870319963,"12":0.4866567552,"13":0.4862311184,"14":0.4858922958,"15":0.4855854809,"16":0.4853124022,"17":0.4850175977,"18":0.4847353399,"19":0.4844495654,"20":0.4841955304,"21":0.4839661419,"22":0.4837154746,"23":0.4835168719,"24":0.4834201932,"25":0.4831842482,"26":0.4830638468,"27":0.4828404784,"28":0.4827127159,"29":0.4825707078,"30":0.4824599624,"31":0.4823152125,"32":0.4821684957,"33":0.4820451438,"34":0.4818858206,"35":0.4817323685,"36":0.4816754162,"37":0.4815457165,"38":0.4814197421,"39":0.4812907875,"40":0.4811924696,"41":0.481049329,"42":0.480956763,"43":0.4808964431,"44":0.4807722867,"45":0.4806697667,"46":0.4805665314,"47":0.480424583,"48":0.4803887606,"49":0.4802519381,"50":0.4801647961,"51":0.4800532758,"52":0.4800176919,"53":0.4799209833,"54":0.4798756838,"55":0.4797201753,"56":0.4796858132,"57":0.4795957506,"58":0.4795043468,"59":0.4794301093,"60":0.4793170393,"61":0.4792470634,"62":0.479250282,"63":0.4791432321,"64":0.4790584147,"65":0.478960216,"66":0.4788977206,"67":0.4788388312,"68":0.478741467},"val_loss":{"0":0.2085994482,"1":0.2082189173,"2":0.2079033107,"3":0.2073491365,"4":0.2073861212,"5":0.206994459,"6":0.2069572359,"7":0.2066987008,"8":0.2067281157,"9":0.2066107541,"10":0.206519559,"11":0.2063265294,"12":0.2063813359,"13":0.2062963098,"14":0.2062837481,"15":0.2062209696,"16":0.2061279416,"17":0.2059789896,"18":0.2060859799,"19":0.2060135603,"20":0.2058185339,"21":0.2058430612,"22":0.2058702856,"23":0.2058223188,"24":0.2057787329,"25":0.2058172971,"26":0.2057937533,"27":0.2056937665,"28":0.2056783289,"29":0.2056796402,"30":0.205603376,"31":0.2055418491,"32":0.2057731003,"33":0.2055829018,"34":0.2057626098,"35":0.2056531906,"36":0.2055484056,"37":0.2057359219,"38":0.2055877596,"39":0.2054788023,"40":0.2055685222,"41":0.2055977583,"42":0.2055837512,"43":0.205413416,"44":0.2054479867,"45":0.2054375708,"46":0.205597803,"47":0.2054601014,"48":0.2055267394,"49":0.2053979784,"50":0.2054448426,"51":0.205459252,"52":0.2056018561,"53":0.2055159807,"54":0.2053987831,"55":0.2055483013,"56":0.2054574341,"57":0.2053920925,"58":0.2052620053,"59":0.2053026408,"60":0.2053765953,"61":0.2054179907,"62":0.2052921504,"63":0.2052917331,"64":0.2055993229,"65":0.2054152787,"66":0.2054132223,"67":0.2053239346,"68":0.2053530812},"val_mean_squared_logarithmic_error":{"0":0.0895351544,"1":0.0896935612,"2":0.0894122347,"3":0.0895426199,"4":0.0898146555,"5":0.0894410238,"6":0.0893020779,"7":0.0892448202,"8":0.0894988701,"9":0.0893777311,"10":0.0892382115,"11":0.0891724527,"12":0.0891498923,"13":0.0893515572,"14":0.0893331468,"15":0.0891368687,"16":0.089155592,"17":0.089003846,"18":0.0891264156,"19":0.0892601088,"20":0.0890005827,"21":0.0890053213,"22":0.089053981,"23":0.0891425163,"24":0.0890418291,"25":0.0892040655,"26":0.0887592956,"27":0.089155823,"28":0.0891019553,"29":0.0890820697,"30":0.0891486257,"31":0.0889172256,"32":0.0887690634,"33":0.0890661255,"34":0.0891646296,"35":0.0891865119,"36":0.0889236555,"37":0.0892845914,"38":0.0890960842,"39":0.0890752599,"40":0.0889664441,"41":0.0888261423,"42":0.0887493417,"43":0.088980861,"44":0.0890513733,"45":0.0888777301,"46":0.0887706503,"47":0.0888898075,"48":0.0891911834,"49":0.08914195,"50":0.0889165699,"51":0.0890154019,"52":0.0889311954,"53":0.0889612958,"54":0.0888238475,"55":0.0888103917,"56":0.0889845192,"57":0.0889499411,"58":0.0887295455,"59":0.0890529752,"60":0.0888824612,"61":0.0890039951,"62":0.0889015496,"63":0.0888717398,"64":0.0890823156,"65":0.0888787881,"66":0.0889785215,"67":0.0888996795,"68":0.0889695436},"val_mean_squared_error":{"0":0.375605464,"1":0.37824139,"2":0.3744691908,"3":0.3789929152,"4":0.3816179037,"5":0.3790231943,"6":0.3766724765,"7":0.376619786,"8":0.3765403926,"9":0.3755752146,"10":0.375356853,"11":0.3757259846,"12":0.3744419515,"13":0.3783552647,"14":0.3748599589,"15":0.3763355017,"16":0.3735799193,"17":0.3745782375,"18":0.3746757507,"19":0.3742442131,"20":0.3750827312,"21":0.3737249672,"22":0.3746035099,"23":0.3727189004,"24":0.3743091524,"25":0.3759597838,"26":0.3722615242,"27":0.3764380813,"28":0.3767591417,"29":0.3736694157,"30":0.375028342,"31":0.3738456368,"32":0.3717270494,"33":0.3729371727,"34":0.3713640869,"35":0.3747162521,"36":0.3741457164,"37":0.3738830388,"38":0.371846199,"39":0.3756150901,"40":0.3715286553,"41":0.3736915886,"42":0.3750485182,"43":0.3741569221,"44":0.3746750355,"45":0.3736593723,"46":0.3711392879,"47":0.3714562654,"48":0.3717951477,"49":0.373667866,"50":0.3745484054,"51":0.3732580841,"52":0.3704758883,"53":0.3707067668,"54":0.3717288673,"55":0.3732171357,"56":0.3710592091,"57":0.3726141453,"58":0.3730556071,"59":0.3748185635,"60":0.3715183735,"61":0.3774214983,"62":0.3741570711,"63":0.3723600507,"64":0.3710853457,"65":0.3722750843,"66":0.3718824685,"67":0.3719829619,"68":0.3735437989}}