{"loss":{"0":0.2338435948,"1":0.2332927436,"2":0.2330177724,"3":0.2333718538,"4":0.232718423,"5":0.2326666266,"6":0.232538119,"7":0.2325499803,"8":0.232547462,"9":0.2323532254,"10":0.232358709,"11":0.2322255224,"12":0.2325381637,"13":0.2321438044,"14":0.2323866487,"15":0.2320727259},"mean_squared_logarithmic_error":{"0":0.0994575247,"1":0.0991064981,"2":0.0989692956,"3":0.0988786146,"4":0.0988218859,"5":0.0987939388,"6":0.0987404808,"7":0.0987077057,"8":0.0986841917,"9":0.0986543298,"10":0.0986303613,"11":0.0985989496,"12":0.0985934958,"13":0.0985384956,"14":0.098518014,"15":0.0985087752},"mean_squared_error":{"0":0.4144499004,"1":0.4106793702,"2":0.4074974656,"3":2.0748000145,"4":0.4014412165,"5":0.4037038684,"6":0.4003501236,"7":0.4458394051,"8":0.4450426102,"9":0.4002467096,"10":0.4125294089,"11":0.3990928829,"12":0.6080381274,"13":0.3986461759,"14":0.715570271,"15":0.4007185698},"val_loss":{"0":0.302396208,"1":0.3010318875,"2":0.3011474907,"3":0.3008523881,"4":0.3011415005,"5":0.3002442718,"6":0.3004566729,"7":0.3005456924,"8":0.3004765809,"9":0.30053702,"10":0.3008010685,"11":0.3009967506,"12":0.3014319837,"13":0.301163137,"14":0.3016428947,"15":0.3004029989},"val_mean_squared_logarithmic_error":{"0":0.1286317259,"1":0.1283019185,"2":0.1284348071,"3":0.1281120479,"4":0.1281931698,"5":0.1280151457,"6":0.1279325485,"7":0.1280227154,"8":0.1279689819,"9":0.1279405504,"10":0.1279194504,"11":0.1278848201,"12":0.1279214174,"13":0.1280817538,"14":0.1279983968,"15":0.1277880967},"val_mean_squared_error":{"0":1.451208353,"1":0.6471631527,"2":0.7867897153,"3":0.9322601557,"4":1.0907717943,"5":0.6525797248,"6":0.6678745747,"7":0.7309947014,"8":0.9792850018,"9":1.4121025801,"10":3.4377195835,"11":4.9699378014,"12":6.5378623009,"13":1.2051432133,"14":2.2221903801,"15":2.6405763626}}