{"loss":{"0":0.9052314162,"1":0.569622159,"2":0.4259082675,"3":0.4961639047,"4":0.4384526312,"5":0.4512928426,"6":0.419821769,"7":0.468141973,"8":0.4087437093,"9":0.4502719045,"10":0.4277513623,"11":0.4331656694,"12":0.4530462623,"13":0.404779762,"14":0.4241122603,"15":0.415122509,"16":0.4250423908,"17":0.4310850501,"18":0.4469042718,"19":0.4086998105,"20":0.456473738,"21":0.4160430431,"22":0.4267599285,"23":0.3931965232,"24":0.4348382354,"25":0.3897101581,"26":0.4101364017,"27":0.3891491294,"28":0.3998823464,"29":0.3914342821,"30":0.4009117186,"31":0.3930038214,"32":0.4058757424,"33":0.3901770711,"34":0.4063991606,"35":0.3816940188,"36":0.4010039568,"37":0.3901028931,"38":0.4004314244,"39":0.3851028681,"40":0.3992083669,"41":0.3908099234,"42":0.3950900435,"43":0.388212204,"44":0.3942399919,"45":0.3871868849,"46":0.3966610432,"47":0.3917362988,"48":0.4178929031,"49":0.3810396791,"50":0.4154352546,"51":0.3860450685,"52":0.4114843011,"53":0.3901467025,"54":0.4116453826,"55":0.3819470406,"56":0.4090952575,"57":0.3824793696,"58":0.4099468291,"59":0.3760380149,"60":0.4112792611,"61":0.3774504066,"62":0.408131808,"63":0.3761033416,"64":0.3832772076,"65":0.3758712113,"66":0.3709490895,"67":0.3709700406,"68":0.3707102835,"69":0.3711458147,"70":0.370785147,"71":0.3805414438,"72":0.37677598,"73":0.3706572652,"74":0.3709538579,"75":0.3705212474,"76":0.3720318079,"77":0.37114802,"78":0.3709414303},"mean_squared_logarithmic_error":{"0":0.1514803916,"1":0.145000726,"2":0.1440533698,"3":0.1434377134,"4":0.1432894319,"5":0.1426877081,"6":0.1426552981,"7":0.1423511207,"8":0.1424248517,"9":0.142141372,"10":0.142215088,"11":0.1419520378,"12":0.1422553807,"13":0.1419561803,"14":0.1419941783,"15":0.1418510973,"16":0.1418582797,"17":0.1418857723,"18":0.1417912245,"19":0.1418364793,"20":0.1418937445,"21":0.1417647153,"22":0.1417746544,"23":0.141650036,"24":0.1418056041,"25":0.1416653246,"26":0.1416080296,"27":0.1416202337,"28":0.1415764689,"29":0.1416165978,"30":0.1415484697,"31":0.1416165084,"32":0.1415244341,"33":0.1415749788,"34":0.1415134966,"35":0.1415241063,"36":0.1414534003,"37":0.1414820552,"38":0.1414901316,"39":0.141477555,"40":0.141414687,"41":0.1414866298,"42":0.1413913071,"43":0.1414615959,"44":0.1413340867,"45":0.1413808763,"46":0.1413879991,"47":0.1414485425,"48":0.1412964314,"49":0.1413552016,"50":0.1413833946,"51":0.1413954347,"52":0.141252473,"53":0.1413262486,"54":0.1413817853,"55":0.1413168907,"56":0.1412598491,"57":0.1413395256,"58":0.1412795186,"59":0.1412933469,"60":0.1412246227,"61":0.1412779987,"62":0.1412823647,"63":0.1411897689,"64":0.1413352042,"65":0.1412107348,"66":0.1411743164,"67":0.1411619931,"68":0.1411591768,"69":0.1411623508,"70":0.1411508918,"71":0.1412059218,"72":0.1411874592,"73":0.1411235482,"74":0.1411440372,"75":0.1411182135,"76":0.1411152482,"77":0.1411479414,"78":0.1411141306},"mean_squared_error":{"0":149025.203125,"1":18496.720703125,"2":472.4601745605,"3":14441.3466796875,"4":1421.6892089844,"5":6944.4321289062,"6":920.1752929688,"7":10789.4970703125,"8":492.1207885742,"9":7372.3862304688,"10":2108.5510253906,"11":4508.3901367188,"12":4911.95703125,"13":600.1912841797,"14":3025.5222167969,"15":2135.1284179688,"16":3716.5319824219,"17":4019.1284179688,"18":4361.2006835938,"19":1728.1805419922,"20":5621.6416015625,"21":1335.8103027344,"22":3943.1022949219,"23":242.056427002,"24":5817.3666992188,"25":276.5247192383,"26":2134.8471679688,"27":176.3503570557,"28":1295.9217529297,"29":298.4581298828,"30":1219.7208251953,"31":631.9537353516,"32":1162.3228759766,"33":355.6479187012,"34":1636.4112548828,"35":95.0941009521,"36":1233.8608398438,"37":301.2995605469,"38":1116.4183349609,"39":191.075592041,"40":1259.2850341797,"41":306.2622680664,"42":901.0181884766,"43":380.897857666,"44":904.6051025391,"45":366.627166748,"46":1062.0289306641,"47":457.7216796875,"48":4485.4516601562,"49":141.3042144775,"50":3996.337890625,"51":396.739440918,"52":3388.7299804688,"53":649.6041259766,"54":3036.2590332031,"55":201.879119873,"56":2992.4948730469,"57":195.6939697266,"58":3254.1818847656,"59":39.6040344238,"60":3496.5126953125,"61":61.9071121216,"62":2921.4702148438,"63":54.9522285461,"64":264.9260559082,"65":42.4168167114,"66":0.770496726,"67":0.988853395,"68":0.7096736431,"69":1.8255708218,"70":0.8208133578,"71":55.2618026733,"72":47.2293930054,"73":0.7720814347,"74":0.9789608121,"75":0.7071362734,"76":4.4788103104,"77":1.3920850754,"78":0.9402319193},"val_loss":{"0":0.4242763519,"1":0.420641005,"2":0.41820243,"3":0.4161929488,"4":0.4143048823,"5":0.4132263362,"6":0.4125351906,"7":0.4125902355,"8":0.4116652608,"9":0.4113388956,"10":0.4113448262,"11":0.4113095403,"12":0.4109784365,"13":0.411019206,"14":0.410582453,"15":0.4108240306,"16":0.4101673961,"17":0.4104444087,"18":0.4100705981,"19":0.4105061591,"20":0.4101807475,"21":0.4100932777,"22":0.4096875191,"23":0.4100538492,"24":0.4097828567,"25":0.4099172354,"26":0.4100862145,"27":0.4094116092,"28":0.4096023738,"29":0.4096095264,"30":0.409353435,"31":0.409186691,"32":0.4090819359,"33":0.4091533422,"34":0.4093312025,"35":0.4091743231,"36":0.4092876613,"37":0.4091448486,"38":0.4093825817,"39":0.4091719985,"40":0.4093189538,"41":0.4088134766,"42":0.408752203,"43":0.4093849361,"44":0.4087665379,"45":0.4088897705,"46":0.4088764489,"47":0.4091200233,"48":0.408662051,"49":0.4087766409,"50":0.408421278,"51":0.4087357521,"52":0.4092116356,"53":0.4088368714,"54":0.4085982442,"55":0.4085305333,"56":0.4084685445,"57":0.4082455635,"58":0.4087221324,"59":0.4082739055,"60":0.4082478285,"61":0.4084170759,"62":0.4087582529,"63":0.4081989527,"64":0.4084054232,"65":0.4081927836,"66":0.4088132381,"67":0.408485502,"68":0.4079313874,"69":0.4080096185,"70":0.4080947638,"71":0.4083654583,"72":0.4082653522,"73":0.4083311558,"74":0.4081017971,"75":0.4086434543,"76":0.4079961181,"77":0.4079442024,"78":0.4081510901},"val_mean_squared_logarithmic_error":{"0":0.1538127214,"1":0.1516306698,"2":0.1505422443,"3":0.1495966017,"4":0.1490175575,"5":0.1488343626,"6":0.1486843973,"7":0.1488014907,"8":0.1484992653,"9":0.1484933943,"10":0.148454234,"11":0.1484095603,"12":0.1483525932,"13":0.1482376754,"14":0.1483601928,"15":0.1486165375,"16":0.1483279169,"17":0.1484799385,"18":0.1483895928,"19":0.1486098915,"20":0.1484242082,"21":0.148527056,"22":0.1483464092,"23":0.1486085802,"24":0.1482053548,"25":0.148494333,"26":0.1487298012,"27":0.148239091,"28":0.1483980119,"29":0.1482396573,"30":0.1483352333,"31":0.148146987,"32":0.1481977999,"33":0.1482680738,"34":0.1482393146,"35":0.1481934488,"36":0.1481698155,"37":0.148390308,"38":0.1483973563,"39":0.1483098716,"40":0.1484193057,"41":0.1482192278,"42":0.1482192427,"43":0.1483035237,"44":0.1481711119,"45":0.1481506377,"46":0.1481820196,"47":0.148207888,"48":0.1480293125,"49":0.1481497884,"50":0.1480193585,"51":0.1481126249,"52":0.1484512389,"53":0.1484100521,"54":0.148044154,"55":0.1482684314,"56":0.1481820047,"57":0.1480514556,"58":0.1483382732,"59":0.1478879005,"60":0.1480105221,"61":0.1482810527,"62":0.1483182907,"63":0.1482490301,"64":0.1484301239,"65":0.148097828,"66":0.1484201103,"67":0.148226738,"68":0.1478826106,"69":0.1479643881,"70":0.1481007636,"71":0.1480374634,"72":0.1481019258,"73":0.1480633914,"74":0.1479988098,"75":0.1483770758,"76":0.1482187212,"77":0.1479927003,"78":0.1480778009},"val_mean_squared_error":{"0":0.9406146407,"1":0.9198208451,"2":0.9007997513,"3":0.8949885964,"4":0.8910869956,"5":0.8868294358,"6":0.8794932365,"7":0.8801096082,"8":0.8756681681,"9":0.8730754256,"10":0.8721661568,"11":0.8726528883,"12":0.8735662103,"13":0.8680016994,"14":0.879270792,"15":0.8688803315,"16":0.8711950183,"17":0.8659678102,"18":0.8680781722,"19":0.8642244935,"20":0.8631262183,"21":0.8646759987,"22":0.8678531051,"23":0.8615446091,"24":0.8674360514,"25":0.8626691699,"26":0.8620609641,"27":0.8626009226,"28":0.8654037118,"29":0.8636571765,"30":0.8642260432,"31":0.8648465872,"32":0.8649691343,"33":0.8692436814,"34":0.8641588092,"35":0.863858223,"36":0.8673234582,"37":0.8675102592,