{"loss":{"0":0.0879187435,"1":0.0869643092,"2":0.0868663564,"3":0.087028347,"4":0.0867822319,"5":0.0866552964,"6":0.0865426213,"7":0.0865936652,"8":0.0865280107,"9":0.0865645781,"10":0.0864802077,"11":0.0864570737},"mean_squared_logarithmic_error":{"0":0.0120564466,"1":0.0120165572,"2":0.0120172231,"3":0.0120169464,"4":0.012014254,"5":0.0120084835,"6":0.0120103369,"7":0.0120082963,"8":0.012006972,"9":0.0120061291,"10":0.0120061589,"11":0.0120030688},"mean_squared_error":{"0":0.2218089551,"1":0.2216085047,"2":0.2215405256,"3":0.2215487808,"4":0.2214745581,"5":0.2214594185,"6":0.2213651836,"7":0.2213568985,"8":0.2213039249,"9":0.2212362885,"10":0.2212884277,"11":0.2211690694},"val_loss":{"0":0.0924615934,"1":0.0923122093,"2":0.0926542282,"3":0.0928155705,"4":0.0937737077,"5":0.0924095362,"6":0.0924259573,"7":0.0924137682,"8":0.0926118791,"9":0.0929422677,"10":0.0939836577,"11":0.0931708664},"val_mean_squared_logarithmic_error":{"0":0.0119820656,"1":0.011903502,"2":0.0119297933,"3":0.0119911181,"4":0.0119161634,"5":0.0119680921,"6":0.0119632371,"7":0.0119594447,"8":0.0119996145,"9":0.0120657608,"10":0.0119244736,"11":0.011949758},"val_mean_squared_error":{"0":0.2570607662,"1":0.2568366528,"2":0.2584221065,"3":0.2560611963,"4":0.258705467,"5":0.2544762194,"6":0.2594637275,"7":0.258841753,"8":0.2534502447,"9":0.2623680234,"10":0.2586727738,"11":0.2573187351}}