{"loss":{"0":3.1389181614,"1":1.9838498831,"2":1.5343966484,"3":1.685578227,"4":1.4845305681,"5":1.2850394249,"6":1.3133928776,"7":1.2445296049,"8":0.9599488378,"9":1.4625446796,"10":0.9628694057,"11":1.3352730274,"12":0.8357904553,"13":1.2620433569,"14":0.583586514,"15":1.2645868063,"16":0.9722002745,"17":1.231636405},"mean_squared_logarithmic_error":{"0":0.0129809966,"1":0.0130256126,"2":0.0128711816,"3":0.0132475635,"4":0.0127723906,"5":0.0131807067,"6":0.0126943151,"7":0.0131988861,"8":0.0126778642,"9":0.0137659479,"10":0.0126147838,"11":0.0132101942,"12":0.0125843883,"13":0.0132897422,"14":0.0125129055,"15":0.0133277085,"16":0.012469775,"17":0.013321924},"mean_squared_error":{"0":1784117.0,"1":687260.375,"2":373218.875,"3":518681.875,"4":282297.09375,"5":326214.84375,"6":256011.203125,"7":272784.8125,"8":137765.5,"9":394110.03125,"10":128180.7734375,"11":312320.8125,"12":102345.9453125,"13":315426.53125,"14":42974.6171875,"15":382804.3125,"16":139291.0,"17":356155.625},"val_loss":{"0":1.3878272772,"1":1.1058155298,"2":1.2348971367,"3":0.9829121828,"4":1.1134544611,"5":0.6465283632,"6":1.0369541645,"7":0.6000949144,"8":1.0469127893,"9":0.6615957022,"10":0.9440612197,"11":0.6395344734,"12":0.8092677593,"13":0.6308597922,"14":0.8215947747,"15":0.6952770948,"16":0.7867366076,"17":0.6912958622},"val_mean_squared_logarithmic_error":{"0":0.0129515417,"1":0.0130658783,"2":0.0136522837,"3":0.0134778479,"4":0.013742853,"5":0.0130385114,"6":0.0138791399,"7":0.0126764616,"8":0.0140275992,"9":0.0128705818,"10":0.0138724828,"11":0.0127566596,"12":0.0138453748,"13":0.0128255459,"14":0.0139175802,"15":0.0125287585,"16":0.0137739368,"17":0.0126889106},"val_mean_squared_error":{"0":201568.921875,"1":86365.4140625,"2":191018.234375,"3":84141.9296875,"4":173238.84375,"5":39517.16015625,"6":162719.78125,"7":36450.9609375,"8":188222.4375,"9":31726.712890625,"10":141474.25,"11":27905.49609375,"12":107865.2421875,"13":28444.982421875,"14":112676.5234375,"15":29562.04296875,"16":112116.6640625,"17":32917.2109375}}