{"loss":{"0":0.0911118835,"1":0.0895053893,"2":0.0893136188,"3":0.089361161,"4":0.0891874507,"5":0.0888465866,"6":0.089000605,"7":0.0888831094,"8":0.0885471702,"9":0.0885878503,"10":0.0890331939,"11":0.088459447,"12":0.0885125324,"13":0.0883830041,"14":0.0885072798,"15":0.0881189778,"16":0.088440761,"17":0.0883018076,"18":0.0882269442,"19":0.0881981403},"mean_squared_logarithmic_error":{"0":0.0121679734,"1":0.0120894397,"2":0.0120839942,"3":0.0120835975,"4":0.0120795304,"5":0.0120734768,"6":0.0120760603,"7":0.0120730102,"8":0.0120669585,"9":0.012068565,"10":0.0120793041,"11":0.0120664174,"12":0.0120665608,"13":0.0120652933,"14":0.0120657682,"15":0.0120583503,"16":0.0120658046,"17":0.0120612225,"18":0.0120621752,"19":0.0120623792},"mean_squared_error":{"0":0.2242027223,"1":0.2237425745,"2":0.2237274647,"3":0.2237336338,"4":0.223654747,"5":0.2236200422,"6":0.2235756069,"7":0.2235437334,"8":0.2234329581,"9":0.2233969122,"10":0.2234642953,"11":0.2232946604,"12":0.2233181447,"13":0.2232237011,"14":0.2232972234,"15":0.2231538147,"16":0.2231869251,"17":0.2231238186,"18":0.2231154442,"19":0.223121658},"val_loss":{"0":0.0945150107,"1":0.0947891101,"2":0.0951250046,"3":0.0942078605,"4":0.0946889967,"5":0.0960927531,"6":0.0991615653,"7":0.094007805,"8":0.0954156741,"9":0.0934638605,"10":0.0943226367,"11":0.0953598693,"12":0.094692111,"13":0.0946092978,"14":0.0940494388,"15":0.0943521336,"16":0.0947479084,"17":0.0934828445,"18":0.0946447104,"19":0.0970324203},"val_mean_squared_logarithmic_error":{"0":0.0120137902,"1":0.0119292643,"2":0.0119769126,"3":0.0119435284,"4":0.0119637111,"5":0.0119604655,"6":0.0121634332,"7":0.0119348597,"8":0.0120528927,"9":0.011970236,"10":0.0120219924,"11":0.0119565763,"12":0.0119513692,"13":0.0119173964,"14":0.0119540188,"15":0.0119367922,"16":0.01198861,"17":0.012019298,"18":0.0119961286,"19":0.0120098451},"val_mean_squared_error":{"0":0.2571307719,"1":0.2567460537,"2":0.2584637403,"3":0.2579708993,"4":0.2601758242,"5":0.2597315311,"6":0.2590303719,"7":0.2565380335,"8":0.2578825355,"9":0.2565086186,"10":0.256708324,"11":0.2589400113,"12":0.2576987147,"13":0.2598913312,"14":0.256523788,"15":0.2567855418,"16":0.2570107281,"17":0.2595670521,"18":0.2587409616,"19":0.2584148347}}