{"loss":{"0":0.0894422829,"1":0.0884910598,"2":0.0883778632,"3":0.0879328027,"4":0.0882171988,"5":0.0878697783,"6":0.08781562,"7":0.0880345702,"8":0.0879951492,"9":0.0878334567,"10":0.0876581147,"11":0.0876343772,"12":0.0873829424,"13":0.0874989405,"14":0.0874352008,"15":0.087250486,"16":0.0872398168,"17":0.0871103927,"18":0.087214455,"19":0.0871073529},"mean_squared_logarithmic_error":{"0":0.0121343937,"1":0.0120910015,"2":0.012086031,"3":0.0120736845,"4":0.0120776836,"5":0.0120689683,"6":0.0120659713,"7":0.0120678982,"8":0.0120672332,"9":0.0120621845,"10":0.0120559512,"11":0.0120561756,"12":0.0120494952,"13":0.0120483451,"14":0.0120470682,"15":0.0120424032,"16":0.0120430309,"17":0.0120378891,"18":0.0120398095,"19":0.0120369876},"mean_squared_error":{"0":0.2246728688,"1":0.2242240608,"2":0.224113822,"3":0.2240222692,"4":0.2239328474,"5":0.2239064425,"6":0.2238268703,"7":0.2237478942,"8":0.2237379849,"9":0.2236035913,"10":0.2235582471,"11":0.2235569656,"12":0.2234112322,"13":0.223415792,"14":0.2233580798,"15":0.2232990116,"16":0.2233517319,"17":0.2232244015,"18":0.2232135087,"19":0.2231670171},"val_loss":{"0":0.0943886489,"1":0.0954714268,"2":0.0936208814,"3":0.0966869444,"4":0.0947918147,"5":0.0939045995,"6":0.093107067,"7":0.0946287438,"8":0.0940033644,"9":0.0926579237,"10":0.0940714777,"11":0.0926980674,"12":0.0936399773,"13":0.0941094458,"14":0.0929196775,"15":0.0936358571,"16":0.0947324708,"17":0.0935207978,"18":0.0930052027,"19":0.0949566886},"val_mean_squared_logarithmic_error":{"0":0.0119147049,"1":0.0120520042,"2":0.011958343,"3":0.0120155653,"4":0.0120030129,"5":0.0120758321,"6":0.0119387098,"7":0.0120027969,"8":0.0118812276,"9":0.0120065836,"10":0.0119764144,"11":0.0119551467,"12":0.0119779194,"13":0.0120296618,"14":0.0119252717,"15":0.0119616501,"16":0.0119814621,"17":0.0119818924,"18":0.0119338753,"19":0.0119851977},"val_mean_squared_error":{"0":0.2577545345,"1":0.2613348961,"2":0.2603924572,"3":0.2606149018,"4":0.2593030632,"5":0.2601144612,"6":0.2596423924,"7":0.2598582506,"8":0.2587672472,"9":0.260723412,"10":0.2602173388,"11":0.2581835389,"12":0.2587000132,"13":0.2593054771,"14":0.2597777843,"15":0.2598511875,"16":0.2580625713,"17":0.258859396,"18":0.2595954835,"19":0.2600188553}}