{"loss":{"0":0.0895819142,"1":0.0880555436,"2":0.08780054,"3":0.0875601843,"4":0.0873849317,"5":0.0873859003,"6":0.087149702,"7":0.087491408,"8":0.0869819373,"9":0.0871239603,"10":0.0868656933,"11":0.08678554,"12":0.0868000612,"13":0.0866708532,"14":0.0867682993,"15":0.0866473168,"16":0.086624749,"17":0.0864899307,"18":0.0865214095,"19":0.0863977894,"20":0.0863574967,"21":0.0864900127,"22":0.0863486156,"23":0.0863206983,"24":0.0862550586,"25":0.0864267796,"26":0.0861010179,"27":0.0862219632,"28":0.0861966088,"29":0.0862068832,"30":0.0860655457,"31":0.086078912,"32":0.0860978812,"33":0.085991621,"34":0.0859789103,"35":0.0859609097,"36":0.0859540626,"37":0.0860753357,"38":0.0858993679,"39":0.0858611166,"40":0.0859447345,"41":0.0858733729},"mean_squared_logarithmic_error":{"0":0.0120751718,"1":0.0120291831,"2":0.0120310914,"3":0.0120257372,"4":0.0120242415,"5":0.0120250899,"6":0.0120233493,"7":0.0120296553,"8":0.0120192701,"9":0.0120230252,"10":0.0120180873,"11":0.0120132007,"12":0.0120164407,"13":0.0120119378,"14":0.0120158363,"15":0.0120130787,"16":0.0120107392,"17":0.0120080058,"18":0.012008654,"19":0.0120059801,"20":0.0120080626,"21":0.0120076993,"22":0.0120066386,"23":0.0120037254,"24":0.0120039647,"25":0.0120070362,"26":0.0120001482,"27":0.0120028211,"28":0.0120013785,"29":0.0120016765,"30":0.0120003084,"31":0.0119986413,"32":0.0120016839,"33":0.0119982129,"34":0.0119987372,"35":0.0119984066,"36":0.0119976122,"37":0.0119973086,"38":0.0119966166,"39":0.0119938087,"40":0.0120005868,"41":0.0119926473},"mean_squared_error":{"0":0.2230242044,"1":0.2225427628,"2":0.2224555016,"3":0.222368136,"4":0.2223487198,"5":0.2223433703,"6":0.2223080993,"7":0.2222754657,"8":0.2221759409,"9":0.2222266048,"10":0.2220744789,"11":0.2220751792,"12":0.2220777422,"13":0.2220086604,"14":0.2219337225,"15":0.2219472378,"16":0.2218485028,"17":0.2218572646,"18":0.2218239456,"19":0.2217537314,"20":0.2217250764,"21":0.2217185348,"22":0.221686095,"23":0.2216890901,"24":0.2216118574,"25":0.2216127813,"26":0.2215460241,"27":0.2215605527,"28":0.2215249091,"29":0.2214416862,"30":0.2215033174,"31":0.2214052975,"32":0.2214225531,"33":0.2213969678,"34":0.2213299423,"35":0.2213046998,"36":0.2213049233,"37":0.2212647647,"38":0.2212388068,"39":0.2212264389,"40":0.2212440819,"41":0.2211067826},"val_loss":{"0":0.0971605927,"1":0.0946898237,"2":0.0935884193,"3":0.0957860276,"4":0.0932837129,"5":0.0943816751,"6":0.0927340314,"7":0.0941077918,"8":0.0932526365,"9":0.0926320404,"10":0.092966646,"11":0.0921479538,"12":0.0920794606,"13":0.0935083553,"14":0.0930841938,"15":0.0923135877,"16":0.0936433598,"17":0.0930379406,"18":0.092597574,"19":0.0924972966,"20":0.0916117802,"21":0.0942300111,"22":0.0933947116,"23":0.0918577388,"24":0.093751505,"25":0.0914335698,"26":0.0925060883,"27":0.0929884017,"28":0.0915468782,"29":0.0914631337,"30":0.0916597471,"31":0.0913548023,"32":0.0920775682,"33":0.0931221247,"34":0.0916187242,"35":0.0919907168,"36":0.092800729,"37":0.0934924111,"38":0.0919811502,"39":0.0917423069,"40":0.091886647,"41":0.0915273651},"val_mean_squared_logarithmic_error":{"0":0.0121391844,"1":0.0119784903,"2":0.0119665572,"3":0.0120402854,"4":0.012026839,"5":0.0119924573,"6":0.011993492,"7":0.0119651929,"8":0.0119639775,"9":0.012020234,"10":0.011959143,"11":0.0119760586,"12":0.0119329393,"13":0.0120601235,"14":0.0120257372,"15":0.012031557,"16":0.0120489206,"17":0.0119919237,"18":0.0119961658,"19":0.0119606014,"20":0.01194565,"21":0.0119741019,"22":0.0119583309,"23":0.0119174132,"24":0.0119664613,"25":0.0119340392,"26":0.0119163478,"27":0.0120060341,"28":0.0119644217,"29":0.0119154751,"30":0.011968472,"31":0.0119158644,"32":0.0120165143,"33":0.0119366329,"34":0.0118834656,"35":0.0119909029,"36":0.0119829196,"37":0.0120313829,"38":0.0119964154,"39":0.0120054493,"40":0.0118852267,"41":0.0119527914},"val_mean_squared_error":{"0":0.2622466385,"1":0.2591364086,"2":0.2604063451,"3":0.2615199089,"4":0.2612164319,"5":0.2610882819,"6":0.2590382695,"7":0.2587532997,"8":0.2609429657,"9":0.2585292757,"10":0.2608261108,"11":0.2559684515,"12":0.2577008307,"13":0.2585916519,"14":0.2608449161,"15":0.2560736835,"16":0.2562741041,"17":0.2579558492,"18":0.2567112744,"19":0.256273061,"20":0.2568645179,"21":0.2569965422,"22":0.2590504885,"23":0.258379966,"24":0.2575087845,"25":0.2556374073,"26":0.2564913034,"27":0.2577542961,"28":0.2560958564,"29":0.2558921576,"30":0.2559284866,"31":0.2550317943,"32":0.2589046955,"33":0.254904449,"34":0.2523200214,"35":0.2581971586,"36":0.2578269839,"37":0.2595744133,"38":0.2590457797,"39":0.2534527183,"40":0.2562311888,"41":0.2571837008}}