{"loss":{"0":0.0871196985,"1":0.0861940458,"2":0.0861701369,"3":0.0861152038,"4":0.0862295702,"5":0.0860726759,"6":0.0860152617,"7":0.0858288333,"8":0.085890539,"9":0.0858919099,"10":0.0859127268,"11":0.085795179,"12":0.0858732164,"13":0.0856985822,"14":0.0856833234,"15":0.0856486708,"16":0.0856921002,"17":0.0856580809,"18":0.085549213},"mean_squared_logarithmic_error":{"0":0.0120606795,"1":0.0120253693,"2":0.0120242555,"3":0.0120234387,"4":0.0120252492,"5":0.012023326,"6":0.0120224096,"7":0.0120170135,"8":0.0120193111,"9":0.0120172529,"10":0.0120201828,"11":0.01201736,"12":0.0120169744,"13":0.012016234,"14":0.0120122461,"15":0.0120132295,"16":0.0120151965,"17":0.0120111527,"18":0.0120104216},"mean_squared_error":{"0":0.222972393,"1":0.2227477878,"2":0.2227251828,"3":0.222695604,"4":0.2227018327,"5":0.2226392329,"6":0.2226117104,"7":0.2226318568,"8":0.2225757539,"9":0.2225534171,"10":0.2225858718,"11":0.2225098908,"12":0.2225351632,"13":0.2225159854,"14":0.222450465,"15":0.2224192917,"16":0.2224801183,"17":0.2224108428,"18":0.2224207669},"val_loss":{"0":0.0935028568,"1":0.092497468,"2":0.091754131,"3":0.0924338475,"4":0.0925739333,"5":0.0942300335,"6":0.0921417475,"7":0.0934124738,"8":0.0910418853,"9":0.0922988206,"10":0.0926475823,"11":0.0918891206,"12":0.091986008,"13":0.0918535516,"14":0.0912706703,"15":0.0922052115,"16":0.092630744,"17":0.0924903154,"18":0.0917064771},"val_mean_squared_logarithmic_error":{"0":0.0119708236,"1":0.0119942436,"2":0.0119575253,"3":0.0119987009,"4":0.0119224368,"5":0.012036263,"6":0.0119006718,"7":0.0119804936,"8":0.011930678,"9":0.01193651,"10":0.0119556552,"11":0.0119754765,"12":0.0119530372,"13":0.0119181909,"14":0.0119028296,"15":0.0118905529,"16":0.0119046485,"17":0.0119225206,"18":0.0119469101},"val_mean_squared_error":{"0":0.2572365105,"1":0.2588205636,"2":0.2560520172,"3":0.2568102479,"4":0.2580147684,"5":0.2597472072,"6":0.2593437135,"7":0.258156091,"8":0.2559996843,"9":0.2571102083,"10":0.2559644282,"11":0.2589979172,"12":0.2582762539,"13":0.2562916279,"14":0.2556735575,"15":0.2580398321,"16":0.2567056417,"17":0.2562425435,"18":0.2564858794}}