{"loss":{"0":0.0885609388,"1":0.0873560831,"2":0.0874673352,"3":0.0876937509,"4":0.0871631354,"5":0.0870662257,"6":0.0870873556,"7":0.0869492888,"8":0.0869393721,"9":0.0869029686,"10":0.0867198482,"11":0.0865838379,"12":0.0866841823,"13":0.0866238624,"14":0.0864716768,"15":0.0864386335,"16":0.0865317285,"17":0.0864404738,"18":0.0866016001,"19":0.0864107087,"20":0.08614894,"21":0.0862325132,"22":0.0861270204,"23":0.0861162916,"24":0.0860139951,"25":0.0859989375,"26":0.0862233192,"27":0.0860235319,"28":0.0859265774,"29":0.0859854594,"30":0.0858497769,"31":0.0858530775,"32":0.0858042091},"mean_squared_logarithmic_error":{"0":0.0120829074,"1":0.0120449895,"2":0.012048292,"3":0.012051438,"4":0.0120416265,"5":0.0120404288,"6":0.0120383482,"7":0.0120355301,"8":0.0120383948,"9":0.0120354826,"10":0.0120325442,"11":0.0120293824,"12":0.0120324548,"13":0.0120343938,"14":0.0120280506,"15":0.0120284399,"16":0.0120304832,"17":0.0120285889,"18":0.0120305242,"19":0.0120298443,"20":0.0120220734,"21":0.0120243868,"22":0.0120231705,"23":0.0120234527,"24":0.0120205795,"25":0.012020994,"26":0.0120252976,"27":0.0120216422,"28":0.012019272,"29":0.0120185632,"30":0.0120195532,"31":0.0120154694,"32":0.0120164435},"mean_squared_error":{"0":0.2236536294,"1":0.2232173085,"2":0.2232633233,"3":0.2232470512,"4":0.2231443822,"5":0.2230892926,"6":0.2231279016,"7":0.2230523527,"8":0.2229935974,"9":0.2230180949,"10":0.2229467481,"11":0.2228804827,"12":0.2228568196,"13":0.2228871286,"14":0.2227964699,"15":0.2228163183,"16":0.2227881253,"17":0.2227671593,"18":0.2227552384,"19":0.2227818519,"20":0.2226333916,"21":0.222655192,"22":0.2226366997,"23":0.2226213962,"24":0.2226086259,"25":0.2225306928,"26":0.2225967199,"27":0.222553581,"28":0.2224539518,"29":0.2224862128,"30":0.2224809974,"31":0.2224321365,"32":0.2224088311},"val_loss":{"0":0.0945313796,"1":0.0936276764,"2":0.092585206,"3":0.0933825374,"4":0.0934474245,"5":0.0952277184,"6":0.0927839801,"7":0.0940669477,"8":0.0932188556,"9":0.0931034833,"10":0.0928160399,"11":0.0949926227,"12":0.0924548879,"13":0.0929849073,"14":0.0932403803,"15":0.0928990841,"16":0.0952554122,"17":0.0919880792,"18":0.0930717438,"19":0.0925499424,"20":0.0917459801,"21":0.0953311399,"22":0.0917041674,"23":0.0935649127,"24":0.0921946913,"25":0.092073977,"26":0.0937098637,"27":0.091758661,"28":0.0928599313,"29":0.0927287191,"30":0.093119584,"31":0.0925467685,"32":0.0919566602},"val_mean_squared_logarithmic_error":{"0":0.0119999386,"1":0.0120055228,"2":0.0119371666,"3":0.0119196428,"4":0.0119218435,"5":0.0119345048,"6":0.0119315349,"7":0.0119796097,"8":0.0119581716,"9":0.011941771,"10":0.011937161,"11":0.0119960653,"12":0.0119328219,"13":0.011993967,"14":0.0120281484,"15":0.0119719692,"16":0.0119570289,"17":0.011942002,"18":0.0119595397,"19":0.0119497338,"20":0.0119412486,"21":0.0120837484,"22":0.0119491378,"23":0.0118747456,"24":0.0119191539,"25":0.0119404523,"26":0.0118883671,"27":0.0119090928,"28":0.0120030157,"29":0.0119365649,"30":0.0119267153,"31":0.0119432788,"32":0.0119339088},"val_mean_squared_error":{"0":0.258682251,"1":0.2591443658,"2":0.2581688762,"3":0.2574495077,"4":0.2576410174,"5":0.2586589754,"6":0.2562539876,"7":0.257106334,"8":0.2593498528,"9":0.2594836652,"10":0.2568196654,"11":0.2592376471,"12":0.2597070038,"13":0.2577260435,"14":0.2587400377,"15":0.2576651573,"16":0.257427454,"17":0.2591979504,"18":0.2590146959,"19":0.2562625408,"20":0.2553168535,"21":0.2578295767,"22":0.2552703023,"23":0.2575799823,"24":0.2557685077,"25":0.2575241327,"26":0.2560272217,"27":0.2556634545,"28":0.2581855953,"29":0.2561123669,"30":0.256929785,"31":0.2558400929,"32":0.2553113997}}