{"loss":{"0":0.0931420699,"1":0.0914985016,"2":0.0913493708,"3":0.09157186,"4":0.0907651335,"5":0.0907991454,"6":0.0901651531,"7":0.090051949,"8":0.0899706185,"9":0.089838244,"10":0.0896551013,"11":0.0893371925,"12":0.0891750455,"13":0.0893670842,"14":0.0892339349,"15":0.0889996737,"16":0.0888071507,"17":0.0886779577,"18":0.0886351466,"19":0.0886034593,"20":0.0883412585,"21":0.0883897468,"22":0.0883677229,"23":0.0883622244,"24":0.0881465897,"25":0.0882239342,"26":0.0878245533,"27":0.0881150588,"28":0.0878652111,"29":0.0877649784,"30":0.0878317431,"31":0.0879703239,"32":0.0878124237,"33":0.0874675065,"34":0.0875712112,"35":0.0873873681,"36":0.0876583606},"mean_squared_logarithmic_error":{"0":0.0122615686,"1":0.0121837622,"2":0.0121841012,"3":0.0121879233,"4":0.0121716605,"5":0.0121743539,"6":0.0121645378,"7":0.0121588903,"8":0.012156182,"9":0.0121517219,"10":0.0121483114,"11":0.0121398121,"12":0.0121314675,"13":0.0121349851,"14":0.0121329213,"15":0.0121247508,"16":0.0121183181,"17":0.0121115651,"18":0.0121136867,"19":0.0121055283,"20":0.0121026803,"21":0.0121027241,"22":0.0120945172,"23":0.0120977843,"24":0.012091402,"25":0.0120896241,"26":0.0120812757,"27":0.0120828599,"28":0.0120787676,"29":0.0120722428,"30":0.0120734312,"31":0.0120750489,"32":0.0120673925,"33":0.0120606525,"34":0.0120618129,"35":0.0120538101,"36":0.012062626},"mean_squared_error":{"0":0.2262898237,"1":0.2259121686,"2":0.2260147184,"3":0.2261035591,"4":0.2260194868,"5":0.2259557992,"6":0.2259818316,"7":0.2258550674,"8":0.2258464098,"9":0.2257677317,"10":0.2257185578,"11":0.2256606221,"12":0.2255462259,"13":0.2255318463,"14":0.225386411,"15":0.2253110856,"16":0.2252523154,"17":0.2251204252,"18":0.2250002325,"19":0.2249440253,"20":0.2247841805,"21":0.2247313857,"22":0.2246855646,"23":0.2245574892,"24":0.224500671,"25":0.2243676633,"26":0.2242904902,"27":0.2242586315,"28":0.224115029,"29":0.223993957,"30":0.2239871621,"31":0.2238672525,"32":0.2238820791,"33":0.2237612605,"34":0.223699525,"35":0.223564297,"36":0.2236260176},"val_loss":{"0":0.0979984701,"1":0.0976687521,"2":0.0980556309,"3":0.0974956527,"4":0.0960537195,"5":0.0963951498,"6":0.0983226597,"7":0.0976639166,"8":0.0956199244,"9":0.0950748324,"10":0.0965596288,"11":0.0966205671,"12":0.0980773568,"13":0.095087193,"14":0.097474955,"15":0.0952871963,"16":0.0943412855,"17":0.0953194648,"18":0.0956940502,"19":0.0980556905,"20":0.0950609222,"21":0.0981409997,"22":0.0953429714,"23":0.0946557745,"24":0.0943340212,"25":0.0972332805,"26":0.0931383669,"27":0.0946440622,"28":0.095052667,"29":0.0938209891,"30":0.0939121097,"31":0.093937479,"32":0.0946453512,"33":0.0938734636,"34":0.0938119441,"35":0.0936434269,"36":0.094619602},"val_mean_squared_logarithmic_error":{"0":0.0121468892,"1":0.0121386843,"2":0.0120803034,"3":0.0120917363,"4":0.0120840836,"5":0.0121934591,"6":0.01208454,"7":0.0120991562,"8":0.0120357918,"9":0.0120419357,"10":0.0120348139,"11":0.0120445369,"12":0.0121187717,"13":0.0120672937,"14":0.0120971985,"15":0.012062381,"16":0.0120518068,"17":0.0120601272,"18":0.0120838042,"19":0.0120091382,"20":0.0120571628,"21":0.0121119935,"22":0.0120198932,"23":0.0119690439,"24":0.0119588096,"25":0.0121219512,"26":0.0119867418,"27":0.0119605046,"28":0.011982698,"29":0.0119974744,"30":0.0120060984,"31":0.0120388949,"32":0.0120031284,"33":0.0119710509,"34":0.0119582666,"35":0.0120407352,"36":0.0120296935},"val_mean_squared_error":{"0":0.2625689209,"1":0.2636567354,"2":0.263894707,"3":0.2647240758,"4":0.2645254731,"5":0.2649493814,"6":0.2644178271,"7":0.2660304606,"8":0.2645318508,"9":0.2644684017,"10":0.2645136714,"11":0.2634496689,"12":0.2642942071,"13":0.2624949217,"14":0.2639640868,"15":0.264837116,"16":0.2626900673,"17":0.2611401677,"18":0.26392138,"19":0.2613380551,"20":0.2622279227,"21":0.2633352876,"22":0.2623485923,"23":0.2629993856,"24":0.2618828118,"25":0.2620451748,"26":0.261036545,"27":0.2603521645,"28":0.2610161602,"29":0.2622314692,"30":0.2604012787,"31":0.260918051,"32":0.2589654624,"33":0.2581017315,"34":0.2594753504,"35":0.261890173,"36":0.2596058846}}