{"loss":{"0":0.3022783399,"1":0.1862754822,"2":0.3133077323,"3":0.3030746579,"4":0.3482445478,"5":0.2900651693,"6":0.2322854549,"7":0.2793168426,"8":0.2258770615,"9":0.3139228523,"10":0.2299705893,"11":0.2464226782,"12":0.2862343788,"13":0.1743065864,"14":0.3540520966,"15":0.2985788584,"16":0.2421052158,"17":0.3976767659,"18":0.2447885126,"19":0.3288249075},"mean_squared_logarithmic_error":{"0":0.0375551432,"1":0.0128879445,"2":0.0129170828,"3":0.0129286489,"4":0.0128410775,"5":0.0127828037,"6":0.0128014507,"7":0.0129328659,"8":0.0128036421,"9":0.0129519822,"10":0.0125354314,"11":0.0129091041,"12":0.0127375452,"13":0.012937611,"14":0.0133411828,"15":0.0129931141,"16":0.0128867868,"17":0.0127552655,"18":0.0129111046,"19":0.0128348283},"mean_squared_error":{"0":1897.8142089844,"1":1973.9356689453,"2":14395.7880859375,"3":9101.3310546875,"4":33531.40625,"5":12704.6923828125,"6":9896.15234375,"7":13320.77734375,"8":7326.724609375,"9":20250.298828125,"10":5717.4096679688,"11":9928.203125,"12":16549.291015625,"13":3347.9877929688,"14":25299.2109375,"15":20886.669921875,"16":8159.1435546875,"17":36966.01171875,"18":12477.3994140625,"19":27104.09765625},"val_loss":{"0":0.1088475212,"1":0.1048726588,"2":0.107810393,"3":0.1023832485,"4":0.1003626138,"5":0.0993672162,"6":0.099683404,"7":0.099621743,"8":0.0997054502,"9":0.0976268202,"10":0.1033157408,"11":0.1009306014,"12":0.0990924016,"13":0.1002197862,"14":0.100101158,"15":0.1015096754,"16":0.0991387591,"17":0.0979333743,"18":0.1009691805,"19":0.099918969},"val_mean_squared_logarithmic_error":{"0":0.012496002,"1":0.012339511,"2":0.0121783931,"3":0.0123194065,"4":0.0121008959,"5":0.012144655,"6":0.0121898269,"7":0.0122500034,"8":0.0121839857,"9":0.0120400274,"10":0.0121154971,"11":0.0122312345,"12":0.0121487007,"13":0.0122016519,"14":0.0121679502,"15":0.0122181587,"16":0.0121366233,"17":0.0120414821,"18":0.0122437049,"19":0.012186572},"val_mean_squared_error":{"0":0.2594340742,"1":0.2620465457,"2":0.2619544566,"3":0.2611458004,"4":0.2600904703,"5":0.2610985339,"6":0.2611323893,"7":0.2614994943,"8":0.2610753775,"9":0.2616456151,"10":0.2638060451,"11":0.2619885504,"12":0.2632176876,"13":0.2623948157,"14":0.2653119862,"15":0.2641183734,"16":0.2642296553,"17":0.2625589073,"18":0.2637577653,"19":0.2619172931}}