{"loss":{"0":925.5833129883,"1":484.3046875,"2":404.4537963867,"3":304.1004638672,"4":366.8255310059,"5":353.9305725098,"6":230.4302825928,"7":287.8670959473,"8":227.4890136719,"9":241.6865844727,"10":215.7272949219},"mean_squared_logarithmic_error":{"0":0.0158727486,"1":0.0170589238,"2":0.017189892,"3":0.0169196781,"4":0.0172764957,"5":0.0168808475,"6":0.0159036703,"7":0.0168236196,"8":0.0165251642,"9":0.015940614,"10":0.0179022662},"mean_squared_error":{"0":117346443264.0,"1":36424097792.0,"2":14178650112.0,"3":11312752640.0,"4":11696885760.0,"5":12736959488.0,"6":5346850304.0,"7":9627802624.0,"8":5009511424.0,"9":7233835520.0,"10":3014138112.0},"val_loss":{"0":0.0954687074,"1":0.0970431641,"2":0.0970272943,"3":0.0965457112,"4":0.0966912583,"5":0.095998399,"6":0.0976447389,"7":0.0958014131,"8":0.0969517753,"9":0.0959888175,"10":0.0959384814},"val_mean_squared_logarithmic_error":{"0":0.0120524364,"1":0.0120635061,"2":0.0120352134,"3":0.012101314,"4":0.0120462645,"5":0.0120423669,"6":0.0119602149,"7":0.0119609237,"8":0.0120257651,"9":0.0120914839,"10":0.0119465115},"val_mean_squared_error":{"0":0.2617653012,"1":0.2577060163,"2":0.257797718,"3":0.261205107,"4":0.2589766085,"5":0.2597457469,"6":0.2611999214,"7":0.2587866783,"8":0.2580366135,"9":0.2573710084,"10":0.2576749623}}