{"loss":{"0":0.1425510496,"1":0.1408950239,"2":0.1400489211,"3":0.1394084692,"4":0.139056161,"5":0.1387346536,"6":0.1386068314,"7":0.1382294595,"8":0.1378639489,"9":0.1377025396,"10":0.137493059,"11":0.137294054,"12":0.136980623,"13":0.1368221343,"14":0.1365714371,"15":0.1364834011,"16":0.136277914,"17":0.1361888796,"18":0.1360461861,"19":0.1357797384,"20":0.135627687,"21":0.1355267912,"22":0.1354260743,"23":0.1351060569,"24":0.1351609826,"25":0.1348666251,"26":0.13474828,"27":0.1345402151,"28":0.1346048713,"29":0.1341548413,"30":0.1326134801,"31":0.1319805831,"32":0.1316735893,"33":0.1312379092,"34":0.1309224367,"35":0.1309458017,"36":0.1307546347,"37":0.130453974,"38":0.1304462403,"39":0.1302956641,"40":0.1301216632,"41":0.1300375164,"42":0.1298974752,"43":0.1297019869,"44":0.1298293173,"45":0.1295967102,"46":0.1295055002,"47":0.1293044835,"48":0.129269883,"49":0.12916857,"50":0.1293507516,"51":0.1290220767,"52":0.1291960925,"53":0.1288941354,"54":0.1286926866,"55":0.1286886483,"56":0.1286056042,"57":0.1284603775,"58":0.128519699,"59":0.1283750385,"60":0.1282420903,"61":0.1283554137,"62":0.1280571371,"63":0.1281769425,"64":0.128090024,"65":0.1279209107,"66":0.1278428286},"mean_squared_logarithmic_error":{"0":0.0417281687,"1":0.0415450148,"2":0.0413996801,"3":0.0412836485,"4":0.0412460938,"5":0.0412089303,"6":0.0412589274,"7":0.0412014537,"8":0.0411253273,"9":0.0411243364,"10":0.0411111638,"11":0.0411082879,"12":0.0410159938,"13":0.0410024859,"14":0.0409998074,"15":0.0410602689,"16":0.0410045758,"17":0.0410360843,"18":0.0410460755,"19":0.0409877747,"20":0.0409422293,"21":0.0410285443,"22":0.0410109162,"23":0.0408887155,"24":0.0409765653,"25":0.0408677571,"26":0.0408142321,"27":0.0407080725,"28":0.0406000614,"29":0.039893996,"30":0.0385675505,"31":0.0384311192,"32":0.0383539498,"33":0.0382334292,"34":0.0381500758,"35":0.0382252783,"36":0.0381549709,"37":0.0380943008,"38":0.0381281115,"39":0.0380861647,"40":0.0380550399,"41":0.0380934961,"42":0.038040109,"43":0.03803242,"44":0.0381382704,"45":0.0380373374,"46":0.0380280875,"47":0.0379840806,"48":0.0379963405,"49":0.0379870981,"50":0.0381026603,"51":0.0379450247,"52":0.038158197,"53":0.0379718244,"54":0.0379157178,"55":0.0379300006,"56":0.0379478931,"57":0.0378838591,"58":0.0379088707,"59":0.037881732,"60":0.0378480181,"61":0.0379403085,"62":0.03787582,"63":0.0379412845,"64":0.0378297009,"65":0.037863791,"66":0.0378765315},"mean_squared_error":{"0":0.4206809402,"1":0.2826676369,"2":0.2228366584,"3":0.1786264479,"4":0.1711590588,"5":0.1650932431,"6":0.1779258549,"7":0.1723637134,"8":0.1628002822,"9":0.1637748927,"10":0.164452076,"11":0.1668697,"12":0.1630978882,"13":0.1609510928,"14":0.1586401165,"15":0.162247479,"16":0.1591366976,"17":0.1605445892,"18":0.1604985446,"19":0.1610013992,"20":0.1592810601,"21":0.1619883329,"22":0.1611239761,"23":0.1587940305,"24":0.1895937175,"25":0.157933563,"26":0.1871209294,"27":0.1563044637,"28":0.1815038621,"29":0.1582331657,"30":0.1602634341,"31":0.1554861963,"32":0.1538595706,"33":0.1575655937,"34":0.1578371823,"35":0.1493725926,"36":0.1583170444,"37":0.1523384601,"38":0.1572163403,"39":0.1701553166,"40":0.2003032267,"41":0.1572315842,"42":0.1541302502,"43":0.1518520266,"44":0.1500540674,"45":0.1591169685,"46":0.1513295621,"47":0.1497028321,"48":0.1606542915,"49":0.1488427222,"50":0.1893933117,"51":0.2490721345,"52":0.1543891579,"53":0.1525229216,"54":0.148671329,"55":0.1507597566,"56":0.1466919333,"57":0.1527862847,"58":0.1607728153,"59":0.1513900459,"60":0.1558985412,"61":0.1602879614,"62":0.1511458009,"63":0.1510847211,"64":0.184717387,"65":0.1466728747,"66":0.1496006548},"sMAPE":{"0":0.1948414445,"1":0.1928018779,"2":0.1916702241,"3":0.1908264607,"4":0.1902102977,"5":0.1897529215,"6":0.1894216686,"7":0.1889603734,"8":0.1883702874,"9":0.1880411357,"10":0.1876397729,"11":0.1872735918,"12":0.1866336912,"13":0.1861987114,"14":0.185815677,"15":0.1854622066,"16":0.1850935072,"17":0.1848322004,"18":0.1845748425,"19":0.1840957403,"20":0.1838001013,"21":0.1834951937,"22":0.1834452152,"23":0.1828756928,"24":0.182818979,"25":0.182443887,"26":0.1820553988,"27":0.1817376912,"28":0.181746453,"29":0.1811657995,"30":0.1791990697,"31":0.1778397262,"32":0.1770973653,"33":0.1762829423,"34":0.1756515801,"35":0.1756759435,"36":0.1751228869,"37":0.1746866256,"38":0.174553439,"39":0.1743342131,"40":0.1739431918,"41":0.1737968624,"42":0.1735565364,"43":0.1732242852,"44":0.1734466106,"45":0.1729873419,"46":0.1728563756,"47":0.1725322306,"48":0.1724587083,"49":0.1722757518,"50":0.1724891216,"51":0.1718551964,"52":0.1722335368,"53":0.171824649,"54":0.1714942902,"55":0.1715284139,"56":0.1714008003,"57":0.1711386293,"58":0.1711165607,"59":0.1709131896,"60":0.1707308441,"61":0.1708081067,"62":0.1705282032,"63":0.1706787944,"64":0.1704432517,"65":0.1702225506,"66":0.1702040732},"R_squared":{"0":0.4805143476,"1":0.6548370719,"2":0.7254238725,"3":0.7787399888,"4":0.7890657783,"5":0.7952327728,"6":0.7800678611,"7":0.7864040732,"8":0.7985798717,"9":0.798193872,"10":0.7972446084,"11":0.7939290404,"12":0.7990739942,"13":0.8017308712,"14":0.8037711978,"15":0.7995438576,"16":0.8033550978,"17":0.8016094565,"18":0.8022744656,"19":0.8012199402,"20":0.8035374284,"21":0.7995494604,"22":0.8012570143,"23":0.8032504916,"24":0.76823318,"25":0.804913342,"26":0.7693819404,"27":0.8070600033,"28":0.7773741484,"29":0.8048366904,"30":0.8021535873,"31":0.8080587387,"32":0.8100782633,"33":0.8041491508,"34":0.8040739298,"35":0.8154109716,"36":0.804425478,"37":0.810839057,"38":0.8060703874,"39":0.7902185321,"40":0.7568662763,"41":0.8049419522,"42":0.8099628091,"43":0.812844336,"44":0.8146875501,"45":0.803634882,"46":0.813654542,"47":0.8149853945,"48":0.801764071,"49":0.816044271,"50":0.7672482729,"51":0.6829624772,"52":0.8095981479,"53":0.8111237288,"54":0.8161374927,"55":0.8143981099,"56":0.8188223839,"57":0.8114010692,"58":0.801138103,"59":0.8128575087,"60":0.807977438,"61":0.8014983535,"62":0.8138753772,"63":0.812913239,"64":0.7721083164,"65":0.8185279369,"66":0.8154417872},"val_loss":{"0":0.0847432166,"1":0.0842847675,"2":0.0843631625,"3":0.0837398693,"4":0.0843309611,"5":0.0846367702,"6":0.0841664374,"7":0.083732374,"8":0.0827402547,"9":0.0826758072,"10":0.0831565633,"11":0.0829194635,"12":0.082063131,"13":0.0824458674,"14":0.0823398009,"15":0.082778424,"16":0.0814936012,"17":0.0822331011,"18":0.0819700435,"19":0.0822488442,"20":0.0814111531,"21":0.0827214792,"22":0.0820027739,"23":0.0814332739,"24":0.0806439891,"25":0.0808124393,"26":0.0813671276,"27":0.0801903903,"28":0.0815049186,"29":0.0802869126,"30":0.0803709477,"31":0.0799061134,"32":0.0792631954,"33":0.0790473819,"34":0.0785016567,"35":0.0796050206,"36":0.0781503543,"37":0.0793382078,"38":0.0784744173,"39":0.0780110955,"40":0.0777675435,"41":0.0782000273,"42":0.07914529,"43":0.0773868412,"44":0.0786044151,"45":0.0784404203,"46":0.0777434334,"47":0.0772607028,"48":0.078223832,"49":0.0773685202,"50":0.0774380341,"51":0.0769426674,"52":0.0775521696,"53":0.0784870014,"54":0.0781269446,"55":0.0771434531,"56":0.0767405704,"57":0.0776629373,"58":0.0767953098,"59":0.0772327557,"60":0.0810098797,"61":0.0771379247,"62":0.0768370628,"63":0.0771272853,"64":0.0769344419,"65":0.0767471045,"66":0.0780375674},"val_mean_squared_logarithmic_error":{"0":0.0236095395,"1":0.0236512311,"2":0.0236905348,"3":0.023474969,"4":0.0235693343,"5":0.0237041563,"6":0.023739418,"7":0.023572268,"8":0.0233850386,"9":0.0233716946,"10":0.0236944091,"11":0.0234211329,"12":0.0233813114,"13":0.0235156715,"14":0.023376761,"15":0.0233094208,"16":0.023341652,"17":0.0236552805,"18":0.0234390311,"19":0.0233648624,"20":0.0234305635,"21":0.0237221029,"22":0.0235072318,"23":0.0236203671,"24":0.0233595427,"25":0.0232894085,"26":0.0233873799,"27":0.0231778342,"28":0.0232157931,"29":0.022403121,"30":0.0223632585,"31":0.0222730562,"32":0.0219531134,"33":0.0220730435,"34":0.0218969434,"35":0.022212686,"36":0.0218545906,"37":0.0219537485,"38":0.021902008,"39":0.0217873473,"40":0.0218218621,"41":0.0218161829,