{"loss":{"0":0.1621238291,"1":0.1410270482,"2":0.1410276443,"3":0.1410294026,"4":0.1410294175,"5":0.1410330087,"6":0.1410310566,"7":0.1410296708,"8":0.1410279572,"9":0.1410290599,"10":0.141030848,"11":0.1410260499,"12":0.1410314739,"13":0.1410314441},"mean_squared_logarithmic_error":{"0":0.0735958144,"1":0.0623408705,"2":0.0623329952,"3":0.0623244718,"4":0.0623194538,"5":0.0623188354,"6":0.0623171441,"7":0.0623174757,"8":0.0623178259,"9":0.0623201057,"10":0.0623175167,"11":0.0623207875,"12":0.0623176508,"13":0.0623143688},"mean_squared_error":{"0":0.2119665891,"1":0.1743309498,"2":0.1743171066,"3":0.1743017584,"4":0.1742931604,"5":0.1742925644,"6":0.1742891222,"7":0.1742895246,"8":0.1742896885,"9":0.1742936969,"10":0.1742897779,"11":0.1742947847,"12":0.1742897332,"13":0.1742838472},"val_loss":{"0":0.1131656244,"1":0.1131924018,"2":0.1131611913,"3":0.1131292731,"4":0.1131483614,"5":0.1131606698,"6":0.1131497994,"7":0.1132053062,"8":0.113212727,"9":0.1131901219,"10":0.113165766,"11":0.1131812632,"12":0.1132209525,"13":0.1132188663},"val_mean_squared_logarithmic_error":{"0":0.0517355353,"1":0.051753711,"2":0.0517275669,"3":0.0516877547,"4":0.0516907051,"5":0.0516906045,"6":0.0517118461,"7":0.0517452769,"8":0.0516991317,"9":0.0516814031,"10":0.05169487,"11":0.0517033786,"12":0.0517803729,"13":0.0517433137},"val_mean_squared_error":{"0":0.1235131323,"1":0.1235631481,"2":0.1234969497,"3":0.1233870387,"4":0.1233989149,"5":0.123400487,"6":0.1234529465,"7":0.1235405132,"8":0.1234263182,"9":0.123378396,"10":0.1234096065,"11":0.1234333068,"12":0.1236331612,"13":0.1235372871}}