{"loss":{"0":0.238331005,"1":0.2383300513,"2":0.238328144,"3":0.2383290529,"4":0.2383329421,"5":0.238331005,"6":0.238329947,"7":0.2383309901,"8":0.2383261919,"9":0.2383310348,"10":0.2383302003,"11":0.2383314967,"12":0.2383325547,"13":0.2383322269,"14":0.2383299321,"15":0.2383296788,"16":0.238330856,"17":0.2383336723,"18":0.238330856,"19":0.2383272648,"20":0.2383310795,"21":0.238332659,"22":0.2383305579,"23":0.23833251,"24":0.2383370101,"25":0.2383296341,"26":0.2383329868},"mean_squared_logarithmic_error":{"0":0.1012071595,"1":0.1012079567,"2":0.1012088731,"3":0.101208061,"4":0.1012074575,"5":0.1012080461,"6":0.1012078226,"7":0.1012085527,"8":0.1012084037,"9":0.1012083739,"10":0.1012081653,"11":0.1012078747,"12":0.1012073755,"13":0.1012073085,"14":0.1012082919,"15":0.1012079343,"16":0.1012075171,"17":0.1012078598,"18":0.1012077406,"19":0.1012084261,"20":0.1012079418,"21":0.1012073755,"22":0.101208128,"23":0.1012078822,"24":0.1012069434,"25":0.101207763,"26":0.1012077779},"mean_squared_error":{"0":0.3976575434,"1":0.3976703584,"2":0.397672534,"3":0.3976707757,"4":0.3976691663,"5":0.3976705074,"6":0.3976705372,"7":0.3976708949,"8":0.3976719081,"9":0.3976724148,"10":0.3976714313,"11":0.3976674378,"12":0.3976703584,"13":0.3976690173,"14":0.3976703584,"15":0.3976704776,"16":0.3976687491,"17":0.3976692259,"18":0.3976702094,"19":0.3976695538,"20":0.3976688683,"21":0.3976689279,"22":0.397672087,"23":0.3976691663,"24":0.3976686597,"25":0.3976686299,"26":0.3976710737},"val_loss":{"0":0.1656414568,"1":0.165638268,"2":0.1656914353,"3":0.1656861454,"4":0.1656092554,"5":0.1656355709,"6":0.1656473428,"7":0.1656751484,"8":0.1656530201,"9":0.1656603217,"10":0.1656462997,"11":0.1656729281,"12":0.1656782329,"13":0.1656061709,"14":0.1656486392,"15":0.1656359434,"16":0.1656051576,"17":0.1656318456,"18":0.1656745523,"19":0.1656473577,"20":0.1657149196,"21":0.1656571925,"22":0.1656808555,"23":0.165665254,"24":0.165694654,"25":0.1656493098,"26":0.1656561792},"val_mean_squared_logarithmic_error":{"0":0.0717704967,"1":0.0717683211,"2":0.0717827231,"3":0.0717590377,"4":0.0717739463,"5":0.0717657954,"6":0.0717667043,"7":0.0717802048,"8":0.0717601702,"9":0.0717760324,"10":0.0717685819,"11":0.0717545971,"12":0.0717724189,"13":0.071763128,"14":0.0717732981,"15":0.0717780888,"16":0.0717738867,"17":0.07176736,"18":0.0717597827,"19":0.0717774853,"20":0.0717555955,"21":0.0717698634,"22":0.0717687011,"23":0.0717561096,"24":0.0717690513,"25":0.0717563108,"26":0.0717662722},"val_mean_squared_error":{"0":0.2210722119,"1":0.2210575044,"2":0.2210692763,"3":0.2210429311,"4":0.2210656106,"5":0.2210456729,"6":0.221042037,"7":0.2210606635,"8":0.2210364342,"9":0.2210630774,"10":0.2210543305,"11":0.2210290432,"12":0.2210762799,"13":0.2210429162,"14":0.2210610956,"15":0.2210804671,"16":0.2210576683,"17":0.2210481316,"18":0.2210412621,"19":0.2210625112,"20":0.2210277766,"21":0.2210524529,"22":0.2210644633,"23":0.2210282385,"24":0.2210420519,"25":0.2210335135,"26":0.2210447341}}