{"loss":{"0":0.1354488581,"1":0.1346336752,"2":0.1341870129,"3":0.134060353,"4":0.1337862462,"5":0.133522287,"6":0.133202821,"7":0.1295866817,"8":0.1280616373,"9":0.127350077,"10":0.1269737631,"11":0.1266408414,"12":0.1264377087,"13":0.126328826,"14":0.1260434538,"15":0.1258268654,"16":0.1256600469,"17":0.1255827248,"18":0.1253531277,"19":0.125358209,"20":0.1250488907,"21":0.1249581277,"22":0.1248587593,"23":0.1246954426,"24":0.1247338355,"25":0.1243960336,"26":0.1218443364,"27":0.1205088496,"28":0.1201530546,"29":0.1197156832,"30":0.1195050254,"31":0.1191823706,"32":0.1190563291,"33":0.1186816692,"34":0.1185303405,"35":0.1183495671,"36":0.1182519421,"37":0.1180660799,"38":0.1179094017,"39":0.117776826,"40":0.1176066548,"41":0.1175159961,"42":0.1174822822,"43":0.1173038855,"44":0.1170872673,"45":0.1170967519,"46":0.1169250682,"47":0.1168621629,"48":0.1167345345,"49":0.1166739166,"50":0.1166369095,"51":0.1165424064,"52":0.1165747494,"53":0.1164255217,"54":0.1163101271,"55":0.1162945256,"56":0.1161229238,"57":0.1160641685,"58":0.1159954891,"59":0.1159276143,"60":0.1158605814,"61":0.1158655733,"62":0.1157578677,"63":0.1157120466,"64":0.1156434789,"65":0.1155624911,"66":0.1154606268,"67":0.1154479384,"68":0.1154261231,"69":0.1153399348,"70":0.1153614148,"71":0.1152624935,"72":0.1151943132,"73":0.115075998,"74":0.1151088476,"75":0.1150716171,"76":0.1150414422,"77":0.1150520816,"78":0.1148536056,"79":0.1148626283,"80":0.1148100793,"81":0.114788875,"82":0.1147567853,"83":0.1146935076,"84":0.1146700084,"85":0.1146095321},"mean_squared_logarithmic_error":{"0":0.0375019275,"1":0.0373054706,"2":0.0371766686,"3":0.0371300727,"4":0.0369695425,"5":0.0367181525,"6":0.035533566,"7":0.0324775949,"8":0.0323249884,"9":0.0321774296,"10":0.0320711695,"11":0.0320108421,"12":0.0319755673,"13":0.0319652744,"14":0.031925559,"15":0.0318882614,"16":0.0318520069,"17":0.0318134315,"18":0.0317950137,"19":0.0317861214,"20":0.0317308232,"21":0.031718716,"22":0.0316849425,"23":0.0316388197,"24":0.031586796,"25":0.0312565453,"26":0.0289230775,"27":0.0284408145,"28":0.0283629932,"29":0.0283008404,"30":0.0282925069,"31":0.0281996671,"32":0.0281701609,"33":0.0281196777,"34":0.0280798823,"35":0.0280722771,"36":0.0280331057,"37":0.0280235484,"38":0.0280137323,"39":0.0279767383,"40":0.0279781409,"41":0.0279842913,"42":0.0279700011,"43":0.0279330872,"44":0.0279235505,"45":0.0279474258,"46":0.0279022995,"47":0.027910348,"48":0.0278936736,"49":0.0278929882,"50":0.0279050916,"51":0.0278989282,"52":0.0279561542,"53":0.0279408786,"54":0.0279384777,"55":0.0279184915,"56":0.027898578,"57":0.0278825872,"58":0.027875049,"59":0.0278676972,"60":0.0278611351,"61":0.0278868172,"62":0.0278709941,"63":0.027847657,"64":0.0278445724,"65":0.0278329626,"66":0.0278224442,"67":0.0278240293,"68":0.0278414711,"69":0.0278261658,"70":0.0278657638,"71":0.0278431978,"72":0.0278223082,"73":0.0277962815,"74":0.0278021712,"75":0.0278462935,"76":0.0278088823,"77":0.0278129708,"78":0.0277857166,"79":0.0277945213,"80":0.0277949292,"81":0.0277946033,"82":0.0278046113,"83":0.0277889185,"84":0.0277723167,"85":0.0277910754},"mean_squared_error":{"0":0.2318287343,"1":0.2062855065,"2":0.1732304841,"3":0.1647398919,"4":0.1704916209,"5":0.1594478637,"6":0.1549795866,"7":0.1714652628,"8":0.1780666113,"9":0.1720212102,"10":0.1705931723,"11":0.1658625156,"12":0.1670888066,"13":0.1590076983,"14":0.1599436551,"15":0.1547333896,"16":0.1512060463,"17":0.1534363329,"18":0.1502870619,"19":0.1487466991,"20":0.1473587304,"21":0.1441290975,"22":0.1468510777,"23":0.143758446,"24":0.1632843912,"25":0.1425901353,"26":0.1362048686,"27":0.1384563744,"28":0.1587596387,"29":0.1370439082,"30":0.1342412084,"31":0.1328938901,"32":0.1364103556,"33":0.1329834163,"34":0.1317280382,"35":0.1282392591,"36":0.1515802741,"37":0.126389727,"38":0.126202181,"39":0.1269819885,"40":0.1258721203,"41":0.1297738552,"42":0.1861144006,"43":0.1285674423,"44":0.1232040972,"45":0.1242411137,"46":0.1245692596,"47":0.1239119694,"48":0.1245116144,"49":0.1224961728,"50":0.122916624,"51":0.1279888749,"52":0.1240908951,"53":0.1222299784,"54":0.1428739578,"55":0.121816285,"56":0.1244180277,"57":0.1201523393,"58":0.1257868111,"59":0.1236017644,"60":0.1305800229,"61":0.1291007251,"62":0.1275757253,"63":0.1190712675,"64":0.132791698,"65":0.120618023,"66":0.1246276051,"67":0.1235079318,"68":0.1228697821,"69":0.121258311,"70":0.1181858182,"71":0.1215483099,"72":0.1217319295,"73":0.1188525483,"74":0.121571213,"75":0.1237919405,"76":0.1203635857,"77":0.2120465189,"78":0.1219251528,"79":0.1291231364,"80":0.1182122901,"81":0.1372829825,"82":0.1208588332,"83":0.1231495738,"84":0.127679348,"85":0.1191344708},"sMAPE":{"0":0.1750145555,"1":0.1741605103,"2":0.1736952662,"3":0.1734906435,"4":0.1731107235,"5":0.1727610677,"6":0.1726853251,"7":0.1691926718,"8":0.1646930724,"9":0.1633655131,"10":0.162709564,"11":0.1621168256,"12":0.1617308259,"13":0.1614342332,"14":0.1610295027,"15":0.1606785655,"16":0.1604620218,"17":0.1602299958,"18":0.1598834842,"19":0.1597553194,"20":0.1593658477,"21":0.1592098624,"22":0.1589906961,"23":0.1588030905,"24":0.1586938798,"25":0.1583558768,"26":0.1548945159,"27":0.1522547305,"28":0.1513611227,"29":0.1505425423,"30":0.1500381678,"31":0.1495749801,"32":0.1493655294,"33":0.1488558352,"34":0.1486748159,"35":0.1483910233,"36":0.1481511742,"37":0.1478322446,"38":0.1476388574,"39":0.1475014091,"40":0.1472154707,"41":0.1470171362,"42":0.1468151063,"43":0.146708101,"44":0.1464039087,"45":0.1463658214,"46":0.1461809278,"47":0.1460431218,"48":0.1457938254,"49":0.1457071751,"50":0.1455865949,"51":0.1454506814,"52":0.1454117447,"53":0.1452731192,"54":0.1450220197,"55":0.1449906975,"56":0.1448066086,"57":0.1446978599,"58":0.1445810199,"59":0.1444938183,"60":0.1443320364,"61":0.1442845464,"62":0.1441573054,"63":0.1441213787,"64":0.1439805776,"65":0.1438687295,"66":0.1437010467,"67":0.1436643451,"68":0.1435928792,"69":0.1434883475,"70":0.1434420645,"71":0.1433252543,"72":0.1432600021,"73":0.143146202,"74":0.143128559,"75":0.1429655552,"76":0.1429573148,"77":0.1429225355,"78":0.1427452266,"79":0.1427173018,"80":0.1426163614,"81":0.1425533295,"82":0.1425124109,"83":0.1424340755,"84":0.1424105465,"85":0.1422505975},"R_squared":{"0":0.7655698657,"1":0.7914223671,"2":0.824844718,"3":0.8314297199,"4":0.8249075413,"5":0.8371434808,"6":0.8420455456,"7":0.8249642849,"8":0.8182297945,"9":0.8245963454,"10":0.8252498507,"11":0.8301302195,"12":0.8281068206,"13":0.8380824327,"14":0.8367568851,"15":0.8416610956,"16":0.8460016251,"17":0.8457121253,"18":0.8470606804,"19":0.8484073281,"20":0.8488691449,"21":0.8527755737,"22":0.8497409225,"23":0.8524534702,"24":0.8328509927,"25":0.8531700969,"26":0.8606142402,"27":0.8579152226,"28":0.838744998,"29":0.8599919677,"30":0.8616287708,"31":0.8653966784,"32":0.8619846702,"33":0.8635537624,"34":0.865339756,"35":0.8688650727,"36":0.8439552188,"37":0.8703407645,"38":0.8712684512,"39":0.8697946072,"40":0.8709248304,"41":0.8673347235,"42":0.8018554449,"43":0.8684535027,"44":0.8739541173,"45":0.8728474379,"46":0.8726995587,"47":0.8733443618,"48":0.8724671006,"49":0.8750305176,"50":0.8749009967,"51":0.8696141839,"52":0.8738490343,"53":0.8750753403,"54":0.853009522,"55":0.8754687905,"56":0.8725265265,"57":0.8768274784,"58":0.8714672923,"59":0.8746088147,"60":0.8657406569,"61":0.8680374026,"62":0.8698194027,"63":0.8779251575,"64":0.8639315367,"65":0.8770080805,"66":0.8730487227,"67":0.8735942245,"68":0.8747100234,"69":0.8761826754,"70":0.8792369366,"71":0.8758426309,"72":0.8761020303,"73":0.8788049221,"74":0.875424087,"75":0.8730558753,"76":0.8772107959,"77":0.7817342281,"78":0.874917984,"79":0.8679080606,"80":0.8792876005,"81":0.8587257862,"82":0.8769354224,"83":0.8747491837,"84":0.8695757389,"85":0.8782411814},"val_loss":{"0":0.0853314698,"1":0.0847907662,"2":0.08480791,"3":0.0851375833,"4":0.0846704841,"5":0.0845174566,"6":0.0834639072,"7":0.0807394832,"8":0.0799306482,"9":0.0795568675,"10":0.0795813277,"11":0.0799852163,"12":0.0800331458,"13":0.0795959011,