{"loss":{"0":0.0706368983,"1":0.0701576471,"2":0.0700559467,"3":0.0698580295,"4":0.0698015466,"5":0.0696604401,"6":0.0697034225,"7":0.0695606619,"8":0.0695237964,"9":0.0694176182,"10":0.0693569407,"11":0.0694121942,"12":0.0693071336,"13":0.069290258,"14":0.0692146048,"15":0.0691620186,"16":0.0690832287,"17":0.0690665171,"18":0.0690376461,"19":0.0689702109,"20":0.068958424},"mean_squared_logarithmic_error":{"0":0.0119151212,"1":0.0118266847,"2":0.0117977057,"3":0.0117724808,"4":0.0117566176,"5":0.0117452201,"6":0.0117370123,"7":0.0117237,"8":0.0117123509,"9":0.0117037045,"10":0.0117040128,"11":0.0116946781,"12":0.0116891591,"13":0.0116770696,"14":0.0116718514,"15":0.0116682258,"16":0.0116625167,"17":0.0116573479,"18":0.011654892,"19":0.0116455648,"20":0.0116485022},"mean_squared_error":{"0":0.057046432,"1":0.0563551411,"2":0.0561539344,"3":0.0559377633,"4":0.0558429174,"5":0.0557277687,"6":0.0557117127,"7":0.0556341261,"8":0.0555421934,"9":0.0554990396,"10":0.0556246229,"11":0.05591527,"12":0.0554633439,"13":0.0555053987,"14":0.0553937964,"15":0.055510588,"16":0.0553072318,"17":0.05587871,"18":0.0552492253,"19":0.0552457534,"20":0.0552276708},"sMAPE":{"0":0.0715847537,"1":0.0710508302,"2":0.0709985048,"3":0.0707355961,"4":0.0706740916,"5":0.0706122443,"6":0.0706662536,"7":0.0705256537,"8":0.0705724955,"9":0.070452936,"10":0.0704221427,"11":0.0704779923,"12":0.0703503489,"13":0.0704319626,"14":0.0702822134,"15":0.0702569187,"16":0.0702049583,"17":0.0701650083,"18":0.0701046884,"19":0.0700817853,"20":0.07009314},"R_squared":{"0":0.9550637007,"1":0.9556145072,"2":0.9557554126,"3":0.955922246,"4":0.9559901953,"5":0.9560878277,"6":0.9561108351,"7":0.9561517835,"8":0.9562261105,"9":0.956279099,"10":0.956166029,"11":0.9559451938,"12":0.9562833905,"13":0.956266284,"14":0.9563237429,"15":0.9562572837,"16":0.9564361572,"17":0.955986917,"18":0.9564533234,"19":0.9564776421,"20":0.9564742446},"val_loss":{"0":0.0417872518,"1":0.0404562019,"2":0.0421495885,"3":0.0407128893,"4":0.0404508561,"5":0.0406253897,"6":0.0419137999,"7":0.0405741148,"8":0.0402307846,"9":0.040449217,"10":0.0399370641,"11":0.0401577316,"12":0.040317148,"13":0.0403324813,"14":0.0402017087,"15":0.0400570258,"16":0.0399747342,"17":0.0404487029,"18":0.0401889011,"19":0.0402915888,"20":0.0405198336},"val_mean_squared_logarithmic_error":{"0":0.0072511868,"1":0.0072304718,"2":0.0072501954,"3":0.0072568241,"4":0.0072163804,"5":0.0072121709,"6":0.0072558913,"7":0.007212372,"8":0.0072109378,"9":0.0072281626,"10":0.0072076852,"11":0.0072013866,"12":0.0072077932,"13":0.007210426,"14":0.0072005582,"15":0.0072304728,"16":0.0072109657,"17":0.0072662341,"18":0.0072119534,"19":0.0072294157,"20":0.0072393962},"val_mean_squared_error":{"0":0.1035649404,"1":0.1033820957,"2":0.1060306802,"3":0.1126949638,"4":0.1106598005,"5":0.1252928674,"6":0.1263201982,"7":0.1275149137,"8":0.1379722059,"9":0.1299909204,"10":0.1505502313,"11":0.1519252062,"12":0.1652135849,"13":0.1668649018,"14":0.1729273945,"15":0.1827243418,"16":0.1882596612,"17":0.1837215424,"18":0.1974417567,"19":0.1931206286,"20":0.2077760249},"val_sMAPE":{"0":0.0481739342,"1":0.0457967818,"2":0.0480769984,"3":0.0462267734,"4":0.045928333,"5":0.04651412,"6":0.0480531938,"7":0.0460146703,"8":0.0458098687,"9":0.0459197424,"10":0.0450111665,"11":0.0458568595,"12":0.0459055379,"13":0.0459078401,"14":0.0456489027,"15":0.0452872962,"16":0.0452602543,"17":0.0460750237,"18":0.0455151312,"19":0.0458320156,"20":0.0462153256},"val_R_squared":{"0":0.8249890208,"1":0.8253465891,"2":0.8207038045,"3":0.809130609,"4":0.8126743436,"5":0.7873790264,"6":0.7856308222,"7":0.7836202383,"8":0.7656146884,"9":0.7793291807,"10":0.7438989878,"11":0.7415177822,"12":0.718675673,"13":0.7158102393,"14":0.7054065466,"15":0.6885062456,"16":0.6791703701,"17":0.6868191361,"18":0.6632757783,"19":0.6707057357,"20":0.6455593705}}