{"loss":{"0":0.0301631615,"1":0.0298706703,"2":0.029777687,"3":0.0296598226,"4":0.0296200514,"5":0.0295897145,"6":0.0295645017,"7":0.0295311641,"8":0.0294427369,"9":0.029379731,"10":0.029357193,"11":0.0293481387,"12":0.0293621179,"13":0.029255135,"14":0.029244164,"15":0.0293371323,"16":0.0291403066,"17":0.0293612536,"18":0.0291716792,"19":0.0290843509,"20":0.0290887859,"21":0.0290942546,"22":0.0290631428,"23":0.0291235782,"24":0.0290141031,"25":0.0290665813,"26":0.028952634},"mean_squared_logarithmic_error":{"0":0.0056682541,"1":0.0056570126,"2":0.0056509604,"3":0.0056464933,"4":0.0056450064,"5":0.0056432192,"6":0.0056409552,"7":0.0056400811,"8":0.0056373375,"9":0.0056348899,"10":0.0056354273,"11":0.0056336513,"12":0.00563354,"13":0.005630848,"14":0.0056300838,"15":0.0056308629,"16":0.0056271558,"17":0.0056287628,"18":0.0056242561,"19":0.0056233024,"20":0.0056233853,"21":0.0056223539,"22":0.0056205075,"23":0.0056220931,"24":0.0056193531,"25":0.0056197066,"26":0.00561627},"mean_squared_error":{"0":0.0266945809,"1":0.0256741531,"2":0.0253429674,"3":0.0252384674,"4":0.0251898672,"5":0.0251554362,"6":0.0253576413,"7":0.0255810525,"8":0.0250536408,"9":0.0250581317,"10":0.0250157658,"11":0.0249860492,"12":0.0250098612,"13":0.0250165984,"14":0.0251546409,"15":0.0249771569,"16":0.0249155778,"17":0.0249332953,"18":0.0248812288,"19":0.0248729698,"20":0.0248566549,"21":0.0248930547,"22":0.0249582119,"23":0.0251852721,"24":0.0248122159,"25":0.0251717698,"26":0.0247678161},"sMAPE":{"0":0.0308106113,"1":0.0304835793,"2":0.0303962789,"3":0.0302576199,"4":0.030239651,"5":0.0302471817,"6":0.0302240737,"7":0.0302217696,"8":0.0301141292,"9":0.0300814118,"10":0.0300348587,"11":0.0300640669,"12":0.0300809704,"13":0.0299245138,"14":0.0299806409,"15":0.0300319474,"16":0.0298484955,"17":0.0301125254,"18":0.029917717,"19":0.0298335738,"20":0.0298661832,"21":0.0298600961,"22":0.0298269764,"23":0.0298844799,"24":0.0297868978,"25":0.0298609473,"26":0.0297305249},"R_squared":{"0":0.9640834332,"1":0.9653665423,"2":0.9657658339,"3":0.9658748507,"4":0.9659509063,"5":0.9660105109,"6":0.9657371044,"7":0.9653878808,"8":0.9661617279,"9":0.9661002755,"10":0.9661836028,"11":0.966201961,"12":0.9661813974,"13":0.9661768079,"14":0.9659801126,"15":0.9662162066,"16":0.9663228989,"17":0.9662669897,"18":0.9663525224,"19":0.9663643241,"20":0.9663798809,"21":0.966332376,"22":0.9662188292,"23":0.9658868313,"24":0.9664584994,"25":0.9659546018,"26":0.9664783478},"val_loss":{"0":0.0192002375,"1":0.0197938252,"2":0.019329153,"3":0.0190194026,"4":0.0199506357,"5":0.0194043014,"6":0.0186679792,"7":0.0190088432,"8":0.0189420376,"9":0.0192629322,"10":0.0189284552,"11":0.0188188422,"12":0.0189495273,"13":0.0189128984,"14":0.0187337361,"15":0.0187675916,"16":0.0184502117,"17":0.0186113734,"18":0.0189284123,"19":0.0188516062,"20":0.0195219647,"21":0.0187677797,"22":0.0188082233,"23":0.0187111031,"24":0.018995652,"25":0.0192871336,"26":0.0187265221},"val_mean_squared_logarithmic_error":{"0":0.0040822099,"1":0.0041049975,"2":0.0041341279,"3":0.0040657138,"4":0.00407317,"5":0.0041086003,"6":0.0040874332,"7":0.0040946295,"8":0.0040858337,"9":0.0040749889,"10":0.0040887273,"11":0.0040780297,"12":0.0041007646,"13":0.0040733241,"14":0.004131211,"15":0.0040975525,"16":0.0040602409,"17":0.0040870444,"18":0.0040932777,"19":0.0040735682,"20":0.0040881955,"21":0.004083938,"22":0.0041059181,"23":0.0040882356,"24":0.0040746853,"25":0.0041004037,"26":0.0040929336},"val_mean_squared_error":{"0":0.0217242595,"1":0.0177633334,"2":0.0180558264,"3":0.0182925817,"4":0.0183070581,"5":0.0209631026,"6":0.0170117561,"7":0.0196814332,"8":0.0189033858,"9":0.0201183241,"10":0.019300567,"11":0.0209474526,"12":0.0196576286,"13":0.0219219998,"14":0.0220437329,"15":0.0203964114,"16":0.0190956332,"17":0.0204087105,"18":0.0214745142,"19":0.020927405,"20":0.02117116,"21":0.0232131835,"22":0.0218746699,"23":0.0181833766,"24":0.0181138311,"25":0.0186821315,"26":0.0201107208},"val_sMAPE":{"0":0.0222245753,"1":0.0234061573,"2":0.022339765,"3":0.022026483,"4":0.0229867995,"5":0.0228709597,"6":0.0213857833,"7":0.0220843032,"8":0.0218227934,"9":0.0224961527,"10":0.0216649957,"11":0.0218773633,"12":0.0219827611,"13":0.0221408792,"14":0.0215876568,"15":0.0213812012,"16":0.0211614557,"17":0.0213559363,"18":0.0218960885,"19":0.0215303898,"20":0.0222568959,"21":0.0215785392,"22":0.0218241401,"23":0.0216258634,"24":0.0227017738,"25":0.0223702565,"26":0.0214916579},"val_R_squared":{"0":0.9588221312,"1":0.9630778432,"2":0.9626146555,"3":0.9624754786,"4":0.962402761,"5":0.9594647884,"6":0.9638309479,"7":0.9608651996,"8":0.9617112279,"9":0.9603739381,"10":0.9613445997,"11":0.9594774246,"12":0.9608836174,"13":0.9583681226,"14":0.958144486,"15":0.9599558711,"16":0.9615377188,"17":0.9600694776,"18":0.9587877393,"19":0.9594595432,"20":0.9591551423,"21":0.9570220113,"22":0.9583388567,"23":0.962477684,"24":0.9625813365,"25":0.9619690776,"26":0.9603943229}}