{"loss":{"0":0.0169325769,"1":0.0165717322,"2":0.0165820699,"3":0.0165079553,"4":0.0164641757,"5":0.0164715815,"6":0.0163870677,"7":0.0163351428,"8":0.0163135193,"9":0.0162114203,"10":0.0161522087,"11":0.0161318015,"12":0.0160983,"13":0.0160368364,"14":0.0160222594,"15":0.0159618668,"16":0.0159482136,"17":0.0159553327,"18":0.0159169771,"19":0.015967302,"20":0.0158266984,"21":0.015835939,"22":0.0157932136,"23":0.0158176683,"24":0.0157761481,"25":0.015796287,"26":0.0157377049,"27":0.0156879332,"28":0.0157169532,"29":0.0156930573,"30":0.0156795401,"31":0.0156377535,"32":0.0156756639,"33":0.0156041197,"34":0.0156170866,"35":0.0156343859,"36":0.0155723849,"37":0.015587586},"mean_squared_logarithmic_error":{"0":0.0040762979,"1":0.0040643592,"2":0.0040625702,"3":0.0040577957,"4":0.004056544,"5":0.0040563694,"6":0.0040548481,"7":0.0040517636,"8":0.004051581,"9":0.0040494995,"10":0.0040468699,"11":0.0040457798,"12":0.0040447991,"13":0.0040460825,"14":0.0040439325,"15":0.0040438129,"16":0.0040438543,"17":0.0040434096,"18":0.0040438087,"19":0.0040443284,"20":0.0040430506,"21":0.0040432983,"22":0.0040423549,"23":0.0040426226,"24":0.0040421761,"25":0.0040429188,"26":0.0040423851,"27":0.0040421276,"28":0.0040414403,"29":0.004040861,"30":0.0040411679,"31":0.004041071,"32":0.0040427274,"33":0.0040399549,"34":0.004041357,"35":0.0040405635,"36":0.004043052,"37":0.0040419162},"mean_squared_error":{"0":0.0158066023,"1":0.0152558973,"2":0.0152182486,"3":0.0152044995,"4":0.0151994629,"5":0.0155251892,"6":0.0151834069,"7":0.0151673118,"8":0.0151735935,"9":0.0151844043,"10":0.0151638417,"11":0.0151495077,"12":0.0151485866,"13":0.0153419022,"14":0.0151429251,"15":0.0151327169,"16":0.0151794245,"17":0.0151971933,"18":0.0151302246,"19":0.0152794505,"20":0.0151234539,"21":0.0151393767,"22":0.0151121877,"23":0.0151125016,"24":0.0152308261,"25":0.0151059469,"26":0.0151119279,"27":0.0151178222,"28":0.0150992423,"29":0.0150759965,"30":0.0150883254,"31":0.015116863,"32":0.015113961,"33":0.0150832022,"34":0.0155915646,"35":0.0150870001,"36":0.015153233,"37":0.0150686959},"sMAPE":{"0":0.0198690351,"1":0.0192871615,"2":0.0193576682,"3":0.0193346348,"4":0.0193010755,"5":0.0193431601,"6":0.0192677435,"7":0.0192391183,"8":0.019242065,"9":0.0191257894,"10":0.0190929919,"11":0.0190731958,"12":0.0190398376,"13":0.0189650059,"14":0.0189565942,"15":0.018947836,"16":0.0188917518,"17":0.0189384259,"18":0.0189096611,"19":0.0189376883,"20":0.0188152213,"21":0.0188251361,"22":0.0187849961,"23":0.0188309476,"24":0.0187797137,"25":0.0188327506,"26":0.0187504422,"27":0.0187206008,"28":0.0187455826,"29":0.0187528301,"30":0.018721113,"31":0.0187250134,"32":0.0187587887,"33":0.0186592974,"34":0.01869395,"35":0.0187467951,"36":0.0186551325,"37":0.0187080447},"R_squared":{"0":0.9677988887,"1":0.9688916206,"2":0.9689517021,"3":0.9689884186,"4":0.9690104723,"5":0.9683656096,"6":0.9690298438,"7":0.9690739512,"8":0.9690506458,"9":0.9690119624,"10":0.9690858126,"11":0.9691085219,"12":0.9691126347,"13":0.968747139,"14":0.9691194892,"15":0.9691459537,"16":0.9690448642,"17":0.9690291286,"18":0.9691455364,"19":0.9688646197,"20":0.9691640735,"21":0.9691128135,"22":0.9691905975,"23":0.9691800475,"24":0.9689112902,"25":0.9691890478,"26":0.9691666365,"27":0.9691872001,"28":0.9692201614,"29":0.9692591429,"30":0.9692338705,"31":0.9691890478,"32":0.9691835642,"33":0.969214797,"34":0.9682196379,"35":0.9692329764,"36":0.9691092372,"37":0.9692878723},"val_loss":{"0":0.0123412954,"1":0.0123344008,"2":0.0119122276,"3":0.0117766242,"4":0.0118614417,"5":0.0116935913,"6":0.0116488636,"7":0.0115236584,"8":0.0118806995,"9":0.0117073348,"10":0.0113869971,"11":0.0115455976,"12":0.0116980094,"13":0.0115983933,"14":0.0113516217,"15":0.0116506545,"16":0.0113249114,"17":0.0118816979,"18":0.011862414,"19":0.011561878,"20":0.0114617134,"21":0.0112702427,"22":0.0116778277,"23":0.0115854573,"24":0.0115568368,"25":0.011332253,"26":0.0114474166,"27":0.0111359442,"28":0.011401495,"29":0.0116007626,"30":0.0115782898,"31":0.0115615083,"32":0.0114417644,"33":0.0112330643,"34":0.0115484484,"35":0.0113435006,"36":0.0112331863,"37":0.011400464},"val_mean_squared_logarithmic_error":{"0":0.0031990935,"1":0.0031808242,"2":0.0031749194,"3":0.0031468626,"4":0.0031906893,"5":0.0031872594,"6":0.0031517681,"7":0.0031465185,"8":0.0031498913,"9":0.0031481907,"10":0.0031539886,"11":0.003143796,"12":0.0031734705,"13":0.0031481613,"14":0.0031364418,"15":0.003153773,"16":0.0031377554,"17":0.0031485539,"18":0.0031501725,"19":0.0031425329,"20":0.0031473362,"21":0.0031402209,"22":0.0031521721,"23":0.0031490293,"24":0.0031521807,"25":0.0031470358,"26":0.0031374707,"27":0.0031500778,"28":0.0031493714,"29":0.0031508405,"30":0.0031552354,"31":0.0031618974,"32":0.0031503469,"33":0.0031465271,"34":0.0031591924,"35":0.0031884001,"36":0.0031437599,"37":0.0031600941},"val_mean_squared_error":{"0":0.013253496,"1":0.0131908823,"2":0.0148442304,"3":0.0125251496,"4":0.0137995724,"5":0.014601252,"6":0.0134370187,"7":0.013594497,"8":0.0138967801,"9":0.0145407869,"10":0.0141970888,"11":0.0144196879,"12":0.0130754095,"13":0.0134728793,"14":0.0134092094,"15":0.0138122849,"16":0.0155917211,"17":0.0146731157,"18":0.0152343223,"19":0.0141231148,"20":0.0142425578,"21":0.0133299958,"22":0.0142977424,"23":0.013642191,"24":0.0155771719,"25":0.0162648261,"26":0.0141458064,"27":0.014689371,"28":0.0145498458,"29":0.0152990362,"30":0.017190719,"31":0.0164229441,"32":0.018981088,"33":0.0141820293,"34":0.0150435409,"35":0.0138064791,"36":0.0145583609,"37":0.0150238043},"val_sMAPE":{"0":0.0158191156,"1":0.016017437,"2":0.0153022408,"3":0.0155133074,"4":0.0155406743,"5":0.0150689995,"6":0.0152268475,"7":0.0152266175,"8":0.0157288816,"9":0.0152290128,"10":0.0146577964,"11":0.0152681572,"12":0.015461578,"13":0.0154751362,"14":0.0151467426,"15":0.0152572123,"16":0.0149547867,"17":0.0158519782,"18":0.0158499684,"19":0.0155514088,"20":0.0154835107,"21":0.015116307,"22":0.0156096546,"23":0.0154836876,"24":0.015501841,"25":0.0150124757,"26":0.0151604814,"27":0.014744482,"28":0.015122314,"29":0.0154766813,"30":0.0155527508,"31":0.0158245079,"32":0.0152633619,"33":0.0150317717,"34":0.0154610155,"35":0.0149665959,"36":0.0150033459,"37":0.0152870761},"val_R_squared":{"0":0.9601479769,"1":0.9604328871,"2":0.9570939541,"3":0.9618030787,"4":0.9592936039,"5":0.9576334953,"6":0.960097909,"7":0.9594343901,"8":0.9591137767,"9":0.9576979876,"10":0.9585739374,"11":0.9580495358,"12":0.960842669,"13":0.9599820375,"14":0.9600534439,"15":0.9593420625,"16":0.9556460977,"17":0.9574819803,"18":0.9564597607,"19":0.9587407708,"20":0.958576858,"21":0.9602150917,"22":0.9583522081,"23":0.9597886801,"24":0.9557268023,"25":0.9544723034,"26":0.9586667418,"27":0.9576700926,"28":0.9579544067,"29":0.9564576745,"30":0.9525014162,"31":0.9538725615,"32":0.9488531947,"33":0.9585573077,"34":0.9568029642,"35":0.9594616294,"36":0.9578483105,"37":0.9570593238}}