{"loss":{"0":0.4728009105,"1":0.4535626173,"2":0.453555882,"3":0.4535633624,"4":0.4535603225,"5":0.4535602331,"6":0.4535572529,"7":0.4535590112,"8":0.4535562098,"9":0.4535621703,"10":0.4535615146},"mean_squared_logarithmic_error":{"0":0.1896276623,"1":0.1898099482,"2":0.1898076087,"3":0.1898017526,"4":0.1898026466,"5":0.1897985488,"6":0.1898064166,"7":0.1897999197,"8":0.1898063123,"9":0.1897999197,"10":0.1898002476},"mean_squared_error":{"0":915.9642944336,"1":0.9635554552,"2":0.9634629488,"3":0.9634544849,"4":0.9634551406,"5":0.9634490013,"6":0.9634609818,"7":0.9634500742,"8":0.9634595513,"9":0.9634504914,"10":0.9634504914},"val_loss":{"0":0.3298287392,"1":0.3299049735,"2":0.3298701048,"3":0.3298734426,"4":0.3298430741,"5":0.3298825324,"6":0.3298631012,"7":0.3298473358,"8":0.329857409,"9":0.3299119771,"10":0.3298474252},"val_mean_squared_logarithmic_error":{"0":0.1426022351,"1":0.1425463557,"2":0.1425870508,"3":0.1426003128,"4":0.1426192373,"5":0.1426009089,"6":0.1426181495,"7":0.1425934583,"8":0.1426014304,"9":0.1425803602,"10":0.142612949},"val_mean_squared_error":{"0":0.5947133303,"1":0.5947246552,"2":0.5947613716,"3":0.5948673487,"4":0.5949004292,"5":0.59490484,"6":0.5949021578,"7":0.594800055,"8":0.5948733687,"9":0.5948536992,"10":0.5948831439}}