{"loss":{"0":0.3417792022,"1":0.3394953907,"2":0.5198553205,"3":0.3916151226,"4":0.3850860894,"5":0.5742155313,"6":0.3850381076,"7":0.3850256205,"8":0.3850316405,"9":0.3850278556,"10":0.3850290477},"mean_squared_logarithmic_error":{"0":0.1350266337,"1":0.134406358,"2":0.1466796547,"3":0.1617054641,"4":0.1596928388,"5":0.1597267538,"6":0.1596882492,"7":0.159688592,"8":0.1596880853,"9":0.1596879661,"10":0.159687832},"mean_squared_error":{"0":0.5529052615,"1":0.5475640893,"2":1326.0364990234,"3":0.7982795238,"4":0.764575541,"5":152516.234375,"6":0.7615497112,"7":0.7614117861,"8":0.7614148259,"9":0.7614154816,"10":0.7614096999},"val_loss":{"0":0.2551200986,"1":0.256200552,"2":0.2835119963,"3":0.280139178,"4":0.279938519,"5":0.2813825309,"6":0.2799652517,"7":0.2798980176,"8":0.2799348533,"9":0.2799348235,"10":0.2799241841},"val_mean_squared_logarithmic_error":{"0":0.1041868031,"1":0.1049748659,"2":0.1179104596,"3":0.1199723706,"4":0.1199665889,"5":0.1199925393,"6":0.1199491695,"7":0.119973056,"8":0.1199636236,"9":0.1199515834,"10":0.1199710444},"val_mean_squared_error":{"0":0.3780149519,"1":0.3831489086,"2":0.4981282651,"3":0.4744764566,"4":0.4520474076,"5":2.6074948311,"6":0.4516409934,"7":0.4516864717,"8":0.4516802728,"9":0.4516502321,"10":0.451680243}}