{"loss":{"0":0.2165730149,"1":0.2165717632,"2":0.2165689021,"3":0.2165710628,"4":0.2165690809,"5":0.2165702134,"6":0.2165684402,"7":0.2165686488,"8":0.2165725678,"9":0.2165722251,"10":0.2165739089,"11":0.2165667862,"12":0.216570735,"13":0.2165686488,"14":0.2165697068,"15":0.2165733725,"16":0.2165679634,"17":0.2165685296,"18":0.2165680081,"19":0.2165696174,"20":0.2165694237,"21":0.2165687829,"22":0.2165706903},"mean_squared_logarithmic_error":{"0":0.0924469531,"1":0.0924473554,"2":0.0924475342,"3":0.0924475268,"4":0.0924474448,"5":0.092447497,"6":0.0924482942,"7":0.0924473405,"8":0.0924470425,"9":0.0924472809,"10":0.0924468562,"11":0.0924478248,"12":0.0924466923,"13":0.0924475715,"14":0.092447713,"15":0.0924476534,"16":0.0924474373,"17":0.092448093,"18":0.0924479067,"19":0.0924472436,"20":0.092448175,"21":0.0924472958,"22":0.0924472734},"mean_squared_error":{"0":0.3448003232,"1":0.3448003232,"2":0.3448004723,"3":0.3448011875,"4":0.3448001146,"5":0.3448007703,"6":0.3448014855,"7":0.3448012471,"8":0.3448004425,"9":0.3447988629,"10":0.3448008895,"11":0.3448013961,"12":0.3447987437,"13":0.3448007107,"14":0.3448012471,"15":0.3448006809,"16":0.3447994292,"17":0.3448016047,"18":0.3448001742,"19":0.3447992504,"20":0.3448007405,"21":0.3448005617,"22":0.3448004425},"val_loss":{"0":0.145241946,"1":0.1452332884,"2":0.1452646106,"3":0.1451988667,"4":0.1452328563,"5":0.1452622861,"6":0.1452409029,"7":0.1452434659,"8":0.1452028453,"9":0.145246014,"10":0.1452125162,"11":0.1452261508,"12":0.1451913118,"13":0.1452232748,"14":0.1452204436,"15":0.1452260017,"16":0.1452288628,"17":0.1451948881,"18":0.1452046335,"19":0.1452641785,"20":0.145212248,"21":0.1452088207,"22":0.1452618539},"val_mean_squared_logarithmic_error":{"0":0.0639061108,"1":0.0639034361,"2":0.0639060065,"3":0.06390737,"4":0.0638973713,"5":0.0638972521,"6":0.0639005527,"7":0.0639155284,"8":0.0639138073,"9":0.0639006272,"10":0.0639107227,"11":0.0639089197,"12":0.0639055967,"13":0.0638984889,"14":0.0639062002,"15":0.0639148057,"16":0.0639034212,"17":0.0639126226,"18":0.0639187247,"19":0.0639019161,"20":0.0639098585,"21":0.0639112294,"22":0.0639045164},"val_mean_squared_error":{"0":0.1795035154,"1":0.1795043796,"2":0.1795080602,"3":0.1795143634,"4":0.179489702,"5":0.1794907749,"6":0.1794994473,"7":0.179527998,"8":0.1795194298,"9":0.1794949621,"10":0.1795109212,"11":0.1795096099,"12":0.1795009673,"13":0.17949,"14":0.1795037091,"15":0.1795238107,"16":0.1795008481,"17":0.179512307,"18":0.1795276254,"19":0.179498598,"20":0.179508239,"21":0.1795121431,"22":0.1795089394}}