{"loss":{"0":0.0695067793,"1":0.0687663406,"2":0.0685866922,"3":0.0683750734,"4":0.0683046281,"5":0.0682827383,"6":0.068070434,"7":0.0679870397,"8":0.0680657923,"9":0.0678478777,"10":0.0677740201,"11":0.0678505674,"12":0.067657873,"13":0.0676836297,"14":0.0675810948,"15":0.0676498041,"16":0.0674922392,"17":0.0675300136,"18":0.0674604475,"19":0.0674435496,"20":0.0674013123,"21":0.0672918484,"22":0.0672497824,"23":0.0674095601,"24":0.0672353432,"25":0.0671799406,"26":0.0670803115,"27":0.0671153888,"28":0.0670818835,"29":0.0669915527,"30":0.0670410842,"31":0.0669543296,"32":0.0669095591,"33":0.0669814646,"34":0.0668141097,"35":0.0667876229,"36":0.0667928085,"37":0.0667322055,"38":0.0667379498,"39":0.0666657686,"40":0.0666634589,"41":0.0666378289,"42":0.0665784329,"43":0.0665182099,"44":0.066493541,"45":0.0665437654,"46":0.0664616227,"47":0.0665592402,"48":0.0663657412,"49":0.0663526505,"50":0.0663462281,"51":0.066383712,"52":0.0663563013,"53":0.0662844181,"54":0.0661616921,"55":0.066229403,"56":0.0661265478,"57":0.0662000626,"58":0.0661175326,"59":0.0661104247,"60":0.066095978,"61":0.0660792217,"62":0.0659905225,"63":0.0659719929,"64":0.0660222918,"65":0.0660199523,"66":0.0658567697,"67":0.0658806041,"68":0.0658213198,"69":0.0658339188,"70":0.0658012182,"71":0.0658056438,"72":0.0657157376,"73":0.0657860711,"74":0.0656570792,"75":0.0657353029,"76":0.065661706,"77":0.0655928552,"78":0.0656537041,"79":0.0655730143,"80":0.0655456111,"81":0.0655364841,"82":0.0655701533,"83":0.0655019656},"mean_squared_logarithmic_error":{"0":0.0138383927,"1":0.0137640825,"2":0.0137521261,"3":0.0137256617,"4":0.0137170553,"5":0.0137495818,"6":0.0137247527,"7":0.0137037858,"8":0.0137024308,"9":0.0136942798,"10":0.0136966202,"11":0.0136921396,"12":0.0136820907,"13":0.0136751793,"14":0.0136730513,"15":0.013685205,"16":0.0136757651,"17":0.0136767291,"18":0.0136669911,"19":0.0136678498,"20":0.0136730717,"21":0.013657487,"22":0.0136575392,"23":0.0136799952,"24":0.0136606228,"25":0.0136516849,"26":0.0136581538,"27":0.013647751,"28":0.0136434538,"29":0.0136409663,"30":0.0136522716,"31":0.0136450464,"32":0.0136410287,"33":0.0136509975,"34":0.0136326551,"35":0.0136333359,"36":0.0136299366,"37":0.0136297243,"38":0.0136338538,"39":0.013622948,"40":0.0136298342,"41":0.013628521,"42":0.013621306,"43":0.0136194406,"44":0.0136181312,"45":0.0136257559,"46":0.0136160078,"47":0.0136266043,"48":0.0136137102,"49":0.0136146229,"50":0.013615788,"51":0.0136247203,"52":0.0136156967,"53":0.0136149339,"54":0.0136092314,"55":0.0136150364,"56":0.0136132296,"57":0.0136106992,"58":0.0136181666,"59":0.0136073986,"60":0.0136049595,"61":0.0136134755,"62":0.013607664,"63":0.0136138741,"64":0.0136060705,"65":0.0136077143,"66":0.0136009892,"67":0.0136037236,"68":0.0135985175,"69":0.0136124231,"70":0.0135977883,"71":0.0136019168,"72":0.013600843,"73":0.0136022558,"74":0.0135917794,"75":0.0135973357,"76":0.0135958865,"77":0.0135907969,"78":0.0135999965,"79":0.01359108,"80":0.013587201,"81":0.013582075,"82":0.0135893971,"83":0.0135887405},"mean_squared_error":{"0":0.0601253733,"1":0.0570103489,"2":0.0555801056,"3":0.0551817603,"4":0.0549833104,"5":0.0554019846,"6":0.0549012534,"7":0.0546223596,"8":0.054606311,"9":0.0547295921,"10":0.0546206124,"11":0.0548733436,"12":0.0548240766,"13":0.0544468872,"14":0.0547622293,"15":0.0548182689,"16":0.0549109429,"17":0.0554241203,"18":0.0547518991,"19":0.0547864065,"20":0.0547258556,"21":0.0546101741,"22":0.0545959137,"23":0.0548251718,"24":0.0550423302,"25":0.0547161438,"26":0.0546613075,"27":0.0546042956,"28":0.0545754507,"29":0.0550859012,"30":0.0547441132,"31":0.0549572371,"32":0.0546741821,"33":0.0562685654,"34":0.0546157956,"35":0.0546554811,"36":0.054521706,"37":0.054551743,"38":0.0549985394,"39":0.0544825643,"40":0.0545687787,"41":0.0554002337,"42":0.0560730919,"43":0.0547203161,"44":0.0544084534,"45":0.0557371676,"46":0.0552765355,"47":0.0550294593,"48":0.0544787459,"49":0.054791715,"50":0.0548800342,"51":0.0548175126,"52":0.0547427312,"53":0.0561046489,"54":0.0545752011,"55":0.0546240248,"56":0.0545799509,"57":0.0546056367,"58":0.0549439564,"59":0.0546931103,"60":0.0545458458,"61":0.0546367317,"62":0.0543268695,"63":0.0546776839,"64":0.0546599701,"65":0.0545589924,"66":0.0545833223,"67":0.0545771383,"68":0.0545388944,"69":0.0545172431,"70":0.0543503612,"71":0.0544894375,"72":0.0546078421,"73":0.0548891686,"74":0.0545708872,"75":0.0547179691,"76":0.0545785949,"77":0.0543436408,"78":0.0545310415,"79":0.054576464,"80":0.0542897321,"81":0.0542234145,"82":0.0545723401,"83":0.0541495681},"sMAPE":{"0":0.0825278535,"1":0.0814570487,"2":0.0811988041,"3":0.0808995813,"4":0.0807343796,"5":0.0806522518,"6":0.0803910121,"7":0.0802525505,"8":0.0803039744,"9":0.0800338387,"10":0.0799173266,"11":0.0800370723,"12":0.0797191113,"13":0.07978338,"14":0.0796344429,"15":0.0796905383,"16":0.0794859976,"17":0.0795241371,"18":0.0794349536,"19":0.0794194937,"20":0.0793195367,"21":0.079195179,"22":0.0791350007,"23":0.0792960748,"24":0.079106681,"25":0.0790109932,"26":0.0788399652,"27":0.0789782107,"28":0.0788672864,"29":0.0787346959,"30":0.0788158998,"31":0.0786674321,"32":0.0786111727,"33":0.0786869228,"34":0.0784718618,"35":0.0784033313,"36":0.0784168616,"37":0.0783112273,"38":0.0783417448,"39":0.0782497004,"40":0.0782287121,"41":0.0781501532,"42":0.0780995563,"43":0.07801193,"44":0.0780159086,"45":0.0780416504,"46":0.0779203475,"47":0.0780313462,"48":0.0778059214,"49":0.0777584389,"50":0.0777482763,"51":0.0778195113,"52":0.0777531639,"53":0.0776339993,"54":0.077465795,"55":0.0775513947,"56":0.0774212778,"57":0.077518709,"58":0.0773460045,"59":0.0773947388,"60":0.0773752481,"61":0.0773286745,"62":0.0772284716,"63":0.0771884248,"64":0.0772614777,"65":0.0772272944,"66":0.0770595223,"67":0.0770845562,"68":0.0769781917,"69":0.0769958645,"70":0.0769787282,"71":0.0769552886,"72":0.0768433213,"73":0.0769454613,"74":0.0767640769,"75":0.0768378228,"76":0.0767383501,"77":0.0766952783,"78":0.0767374784,"79":0.0766539276,"80":0.0766497403,"81":0.0766069144,"82":0.0766359046,"83":0.0765740573},"R_squared":{"0":0.9244827628,"1":0.9281240702,"2":0.9300798178,"3":0.9304810166,"4":0.9307566285,"5":0.9301953316,"6":0.9308081865,"7":0.9311830401,"8":0.9312438965,"9":0.9310005903,"10":0.9311890006,"11":0.9308776259,"12":0.930934906,"13":0.9314123988,"14":0.9310077429,"15":0.9309591055,"16":0.930821836,"17":0.9302411675,"18":0.9310260415,"19":0.93098104,"20":0.9310708642,"21":0.9312000871,"22":0.9312219024,"23":0.9309111238,"24":0.9306379557,"25":0.9310702085,"26":0.9311458468,"27":0.9312112927,"28":0.9312515259,"29":0.9306665659,"30":0.9310453534,"31":0.930762887,"32":0.9311350584,"33":0.9292635322,"34":0.9312077165,"35":0.9311248064,"36":0.9313051105,"37":0.9312835336,"38":0.9307345152,"39":0.9313601255,"40":0.9312740564,"41":0.9302238226,"42":0.9293542504,"43":0.9310408235,"44":0.9314572215,"45":0.9297976494,"46":0.9303609729,"47":0.9307494164,"48":0.9313771129,"49":0.9309805036,"50":0.9308185577,"51":0.9309446812,"52":0.9310608506,"53":0.929225564,"54":0.9312720299,"55":0.9311932921,"56":0.9312238097,"57":0.9311795235,"58":0.9307762384,"59":0.9311280847,"60":0.9312569499,"61":0.9312036633,"62":0.9315499663,"63":0.9311131239,"64":0.9311341643,"65":0.9312787056,"66":0.9311784506,"67":0.9312562943,"68":0.9312805533,"69":0.9312976599,"70":0.9315300584,"71":0.9313265681,"72":0.931224823,"73":0.9308722019,"74":0.9312689304,"75":0.9310079813,"76":0.9312718511,"77":0.9314900637,"78":0.9312726855,"79":0.9312737584,"80":0.9316185713,"81":0.9316901565,"82":0.9312490821,"83":0.9317955971},"val_loss":{"0":0.0416307561,"1":0.0413626879,"2":0.0415975004,"3":0.0416111164,"4":0.0415267125,"5":0.0418029502,"6":0.0414091013,"7":0.0422168076,"8":0.0411132611,"9":0.0412467532,"10":0.0409076847,"11":0.0410917103,"12":0.0406588688,"13":0.0416790694,"14":0.0407972522,"15":0.0410400815,"16":0.040795695,"17":0.0413780026,"18":0.0413969308,"19":0.0411843061,"20":0.0404035337,"21":0.0409782827,"22":0.0408311337,"23":0.0411685854,