{"loss":{"0":0.2516984344,"1":0.2282701731,"2":7886.9516601562,"3":0.2654591203,"4":0.2640902102,"5":0.2775188684,"6":0.2642995417,"7":0.2597003877,"8":0.2905808389,"9":0.2721951306,"10":0.2600812614},"mean_squared_logarithmic_error":{"0":0.0865078568,"1":0.082475543,"2":0.6903741956,"3":0.113348037,"4":0.1120289266,"5":0.1116053835,"6":0.1114795581,"7":0.1111634746,"8":0.1125571355,"9":0.1115265489,"10":0.1106205583},"mean_squared_error":{"0":9.9518632889,"1":1.903531909,"2":1537123811328.0,"3":2.8857519627,"4":3.1332392693,"5":190.0570220947,"6":9.9682064056,"7":0.5378149748,"8":49.6075935364,"9":18.6350383759,"10":0.8727220297},"val_loss":{"0":0.2008163929,"1":136.4210205078,"2":0.2284363061,"3":0.2232583016,"4":0.2221546769,"5":0.2296937704,"6":0.2231340408,"7":0.2218776941,"8":0.2240384221,"9":0.2230876982,"10":0.2214913517},"val_mean_squared_logarithmic_error":{"0":0.0746674761,"1":0.0902273133,"2":0.097934179,"3":0.097208932,"4":0.095995374,"5":0.0965762511,"6":0.0960638821,"7":0.0961633027,"8":0.0962457433,"9":0.0958841071,"10":0.0955308974},"val_mean_squared_error":{"0":0.4447615147,"1":1465504256.0,"2":2.7692015171,"3":0.4166469872,"4":0.4103214741,"5":2.5491983891,"6":0.4157947302,"7":0.4175604582,"8":0.8657925129,"9":0.4228447676,"10":0.4149300754}}