{"loss":{"0":0.3047578037,"1":0.302267164,"2":0.3022690415,"3":0.3022666872,"4":0.3022672534,"5":0.3022702038,"6":0.3022716641,"7":0.3022684455,"8":0.302267164,"9":0.3022700548,"10":0.3022718132,"11":0.3022673428},"mean_squared_logarithmic_error":{"0":0.1291027963,"1":0.1303906739,"2":0.1303970367,"3":0.1303940713,"4":0.130395174,"5":0.1303940862,"6":0.1303929687,"7":0.1303916872,"8":0.1303963065,"9":0.1303941905,"10":0.1303962916,"11":0.1303974092},"mean_squared_error":{"0":0.5582293868,"1":0.5432161093,"2":0.5432271957,"3":0.5432208776,"4":0.5432235599,"5":0.5432217121,"6":0.5432205796,"7":0.5432169437,"8":0.5432249904,"9":0.5432224274,"10":0.5432258248,"11":0.5432267189},"val_loss":{"0":0.2356855869,"1":0.2356384993,"2":0.2356500179,"3":0.2356801033,"4":0.2356892824,"5":0.2356418669,"6":0.2356617153,"7":0.2356768698,"8":0.2356534004,"9":0.2357040048,"10":0.2356498688,"11":0.2356653064},"val_mean_squared_logarithmic_error":{"0":0.1065080613,"1":0.1065125838,"2":0.1065193415,"3":0.1064418778,"4":0.1065162718,"5":0.1065285355,"6":0.1065234318,"7":0.1065194532,"8":0.1065245494,"9":0.1065025181,"10":0.1065260321,"11":0.1065216511},"val_mean_squared_error":{"0":0.373855412,"1":0.3738395572,"2":0.3738876879,"3":0.3737291694,"4":0.3738671541,"5":0.3738824725,"6":0.3738924265,"7":0.37389189,"8":0.3738824129,"9":0.3738574088,"10":0.3738890588,"11":0.3738898039}}