{"loss":{"0":0.0777063444,"1":0.0770711899,"2":0.0768478662,"3":0.0767572001,"4":0.0765879452,"5":0.0765090063,"6":0.0764817446,"7":0.0763635486,"8":0.0763345286,"9":0.0762510896,"10":0.0762753859,"11":0.0762006566,"12":0.0761491731,"13":0.0760286301,"14":0.0760479942,"15":0.0760858729,"16":0.0759563893,"17":0.0759108365,"18":0.0758833215,"19":0.0758763328,"20":0.0757948458,"21":0.0758472756},"mean_squared_logarithmic_error":{"0":0.0144316843,"1":0.0143683618,"2":0.0143418694,"3":0.0143275876,"4":0.0143134035,"5":0.014303593,"6":0.0142971249,"7":0.0142886546,"8":0.0142805167,"9":0.0142713524,"10":0.0142677147,"11":0.0142622041,"12":0.0142563712,"13":0.0142452568,"14":0.0142470552,"15":0.0142425867,"16":0.0142348129,"17":0.0142329941,"18":0.0142271016,"19":0.0142259551,"20":0.0142187374,"21":0.0142188817},"mean_squared_error":{"0":0.0893908292,"1":0.0747870952,"2":0.0701027885,"3":0.0677631721,"4":0.0661719814,"5":0.0655873865,"6":0.0649657175,"7":0.0647747815,"8":0.0638586059,"9":0.0635143965,"10":0.0642726645,"11":0.0630239919,"12":0.0629627556,"13":0.0626612976,"14":0.062835969,"15":0.0650237501,"16":0.0686908513,"17":0.0629582927,"18":0.0626153275,"19":0.0625900552,"20":0.0626811758,"21":0.062458124},"sMAPE":{"0":0.0830751061,"1":0.0822743475,"2":0.0821340829,"3":0.0820264071,"4":0.0819434822,"5":0.0818126574,"6":0.0818195269,"7":0.0817327425,"8":0.0817073137,"9":0.0816407725,"10":0.0816564932,"11":0.0815738738,"12":0.0815337971,"13":0.0814164951,"14":0.0814220309,"15":0.0814783573,"16":0.0813225284,"17":0.081329897,"18":0.0812972188,"19":0.0812708363,"20":0.0811876506,"21":0.0813079625},"R_squared":{"0":0.9211810827,"1":0.9342757463,"2":0.9379101396,"3":0.93997401,"4":0.941590786,"5":0.9420554638,"6":0.9426239133,"7":0.9428312182,"8":0.9436295033,"9":0.9439508915,"10":0.9432973862,"11":0.944388926,"12":0.9444242716,"13":0.9446892142,"14":0.9445556402,"15":0.9426875114,"16":0.9395134449,"17":0.9444406629,"18":0.9446994066,"19":0.9447673559,"20":0.9446694255,"21":0.9448698759},"val_loss":{"0":0.0489924885,"1":0.0490349494,"2":0.0492404401,"3":0.0491994247,"4":0.049937088,"5":0.0485587679,"6":0.0490075313,"7":0.0485180765,"8":0.0484309532,"9":0.0490814298,"10":0.0490113758,"11":0.0483039916,"12":0.0492502414,"13":0.0488989279,"14":0.0498864613,"15":0.048443526,"16":0.0495673902,"17":0.0492138825,"18":0.0487287417,"19":0.0487642661,"20":0.0490962528,"21":0.0483831093},"val_mean_squared_logarithmic_error":{"0":0.0096138315,"1":0.0095868232,"2":0.0096518099,"3":0.0096393051,"4":0.0096837878,"5":0.0096041979,"6":0.0095862793,"7":0.0095908223,"8":0.0096310712,"9":0.0096312342,"10":0.0096774213,"11":0.009594419,"12":0.0096401069,"13":0.0096076606,"14":0.0096897371,"15":0.0096072257,"16":0.0096376119,"17":0.0095964978,"18":0.0096306466,"19":0.0096479226,"20":0.0096349725,"21":0.0096233701},"val_mean_squared_error":{"0":0.0391252562,"1":0.0386677422,"2":0.0387367792,"3":0.0387224331,"4":0.039252542,"5":0.0394266099,"6":0.040338777,"7":0.0388788395,"8":0.0420718379,"9":0.0436659493,"10":0.0423852801,"11":0.0407871716,"12":0.0412748568,"13":0.0416796692,"14":0.0455952138,"15":0.0433675013,"16":0.0395018049,"17":0.0401421413,"18":0.0398167633,"19":0.0406504981,"20":0.0413531251,"21":0.0406068154},"val_sMAPE":{"0":0.0568468124,"1":0.05721296,"2":0.0569003522,"3":0.0571315698,"4":0.0577634051,"5":0.0565870181,"6":0.0570871755,"7":0.05649231,"8":0.0563815124,"9":0.0575852916,"10":0.0573869683,"11":0.0562807322,"12":0.0577873401,"13":0.0572250895,"14":0.057893116,"15":0.0563240796,"16":0.0579481237,"17":0.0573511049,"18":0.0565791689,"19":0.0565879866,"20":0.0574190691,"21":0.0565605275},"val_R_squared":{"0":0.9412807226,"1":0.9415190816,"2":0.9410274029,"3":0.9411762953,"4":0.939691484,"5":0.939180553,"6":0.937944293,"7":0.9406797886,"8":0.9344455004,"9":0.9304631352,"10":0.9340318441,"11":0.9367268085,"12":0.935571909,"13":0.9347627759,"14":0.9270485044,"15":0.9314826131,"16":0.9396403432,"17":0.9386296868,"18":0.9391030073,"19":0.936647594,"20":0.935852766,"21":0.9375984669}}