{"loss":{"0":0.3105056882,"1":0.306796819,"2":0.3067964613,"3":0.3067954779,"4":0.306794852,"5":0.306794554,"6":0.3067951202,"7":0.3067925274,"8":0.3067963421,"9":0.3067943752,"10":0.3067947626},"mean_squared_logarithmic_error":{"0":0.1312931031,"1":0.1319888383,"2":0.1319891512,"3":0.1319888085,"4":0.1319904774,"5":0.1319880337,"6":0.1319893897,"7":0.1319892108,"8":0.1319869012,"9":0.1319874525,"10":0.1319869906},"mean_squared_error":{"0":0.6045408249,"1":0.5773491263,"2":0.5773484707,"3":0.577347815,"4":0.5773506761,"5":0.5773467422,"6":0.5773490667,"7":0.5773471594,"8":0.5773441792,"9":0.5773442388,"10":0.577344656},"val_loss":{"0":0.2364684492,"1":0.2364998758,"2":0.2364974022,"3":0.2365541458,"4":0.2364810556,"5":0.2364735305,"6":0.2365202159,"7":0.2364893109,"8":0.2364846021,"9":0.236510247,"10":0.2365234047},"val_mean_squared_logarithmic_error":{"0":0.1054109037,"1":0.1054057032,"2":0.1053874567,"3":0.1054142341,"4":0.1054146811,"5":0.105412133,"6":0.1053884253,"7":0.105400458,"8":0.105408825,"9":0.10541033,"10":0.1054209173},"val_mean_squared_error":{"0":0.3588911891,"1":0.3588910997,"2":0.3588698804,"3":0.3589546084,"4":0.3589361906,"5":0.358902663,"6":0.3588396013,"7":0.3588630855,"8":0.3588986099,"9":0.3589198291,"10":0.3589609861}}