{"loss":{"0":0.0136683071,"1":0.0134494202,"2":0.0134157287,"3":0.0133310407,"4":0.0133920936,"5":0.0133575918,"6":0.0133165093,"7":0.0133333877,"8":0.0132703045,"9":0.0132548269,"10":0.0133005362,"11":0.0132483672,"12":0.0132231899,"13":0.0132570649,"14":0.0132305296,"15":0.013179848,"16":0.013224951,"17":0.0131612541,"18":0.013174396,"19":0.0131699424,"20":0.0131684281},"mean_squared_logarithmic_error":{"0":0.0036135642,"1":0.0036048663,"2":0.0036019008,"3":0.0036006714,"4":0.0035998751,"5":0.0036005478,"6":0.0035977424,"7":0.0035986723,"8":0.0035982335,"9":0.0035977394,"10":0.0035982549,"11":0.0035972199,"12":0.0035957901,"13":0.0035975913,"14":0.0035957256,"15":0.0035968989,"16":0.0035956227,"17":0.0035965221,"18":0.0035965159,"19":0.0035947284,"20":0.0035959519},"mean_squared_error":{"0":0.0129990019,"1":0.0129987281,"2":0.0131523209,"3":0.0136582721,"4":0.0127224475,"5":0.0127423042,"6":0.0126777673,"7":0.0130078271,"8":0.0127030415,"9":0.0126749882,"10":0.0126750935,"11":0.0126563143,"12":0.012648249,"13":0.0126632294,"14":0.0126999384,"15":0.0126457652,"16":0.0126462728,"17":0.0132549861,"18":0.0127201201,"19":0.0126284845,"20":0.0127768498},"sMAPE":{"0":0.0172583777,"1":0.016926324,"2":0.0169147141,"3":0.0168070551,"4":0.016901264,"5":0.016852757,"6":0.0168245509,"7":0.0168394018,"8":0.0167546887,"9":0.0167696234,"10":0.016813254,"11":0.0167611577,"12":0.0167555809,"13":0.0167727694,"14":0.0167594273,"15":0.0167257208,"16":0.0167574976,"17":0.0166760422,"18":0.0167182889,"19":0.0166876726,"20":0.0166895706},"R_squared":{"0":0.9682132006,"1":0.9682476521,"2":0.9677739739,"3":0.9666143656,"4":0.9688997269,"5":0.9688441753,"6":0.9690151811,"7":0.9682642817,"8":0.968954742,"9":0.9690197706,"10":0.9690160751,"11":0.9690641165,"12":0.9690762758,"13":0.9690348506,"14":0.9689481258,"15":0.9690827727,"16":0.9690744877,"17":0.9676335454,"18":0.9689031839,"19":0.9691301584,"20":0.968770504},"val_loss":{"0":0.0090150563,"1":0.0092214458,"2":0.0088648135,"3":0.0087626651,"4":0.0090412153,"5":0.0087965997,"6":0.008899997,"7":0.0087830918,"8":0.0088308817,"9":0.0087342793,"10":0.0085592205,"11":0.0086438181,"12":0.0087757707,"13":0.0086939177,"14":0.008789286,"15":0.008929085,"16":0.0088584218,"17":0.0087871673,"18":0.0087908832,"19":0.0087391045,"20":0.0088269096},"val_mean_squared_logarithmic_error":{"0":0.0026128369,"1":0.0026052995,"2":0.0026044943,"3":0.0026006717,"4":0.0026030191,"5":0.0026031372,"6":0.0026150872,"7":0.0026162919,"8":0.0026342447,"9":0.0026458076,"10":0.0025977043,"11":0.0026031227,"12":0.0026291937,"13":0.0026130306,"14":0.0026045016,"15":0.0026241962,"16":0.0026216854,"17":0.002597369,"18":0.0026007635,"19":0.0026155089,"20":0.0026311674},"val_mean_squared_error":{"0":0.0092571462,"1":0.009904963,"2":0.0101348581,"3":0.0101195304,"4":0.008782425,"5":0.0087526254,"6":0.0101292618,"7":0.0094502782,"8":0.0091729052,"9":0.0102905929,"10":0.0105493031,"11":0.00875788,"12":0.0087834131,"13":0.0097880149,"14":0.0094008921,"15":0.0097137112,"16":0.0110160001,"17":0.0101509588,"18":0.0096566947,"19":0.0126053868,"20":0.0112080034},"val_sMAPE":{"0":0.0129937371,"1":0.0134496652,"2":0.013123217,"3":0.0126732877,"4":0.0131001137,"5":0.0127593419,"6":0.0127415834,"7":0.0127284247,"8":0.0124620143,"9":0.0126032336,"10":0.0124490261,"11":0.0127342129,"12":0.0126993991,"13":0.0124904271,"14":0.0127474284,"15":0.0128343217,"16":0.0125891119,"17":0.0127051389,"18":0.0127140731,"19":0.0125352703,"20":0.0126303388},"val_R_squared":{"0":0.9621100426,"1":0.9607867599,"2":0.960084796,"3":0.9604870081,"4":0.9630186558,"5":0.9633033872,"6":0.9604629874,"7":0.9618651867,"8":0.9622935057,"9":0.9600405097,"10":0.9593995214,"11":0.9631454945,"12":0.9631178379,"13":0.9609916806,"14":0.9617530107,"15":0.961151123,"16":0.9582964778,"17":0.9603501558,"18":0.9611821771,"19":0.95527035,"20":0.9579994678}}