{"loss":{"0":0.0129106166,"1":0.0124669615,"2":0.0124374591,"3":0.0123652676,"4":0.0123775387,"5":0.0123225143,"6":0.0123700956,"7":0.0123237157,"8":0.0123054143,"9":0.0123110758,"10":0.0122866565,"11":0.0122795897,"12":0.0122938044,"13":0.012272656,"14":0.0122765759,"15":0.0122324107,"16":0.0122673027,"17":0.0122214248,"18":0.0122139929,"19":0.0122093316,"20":0.0122776004,"21":0.0122213131,"22":0.0122471126,"23":0.0121790022,"24":0.0122246025,"25":0.0122195231,"26":0.0122105144,"27":0.0121912574,"28":0.012179967,"29":0.0121920276,"30":0.0121653182},"mean_squared_logarithmic_error":{"0":0.0037472022,"1":0.0036933986,"2":0.0036899317,"3":0.0036868898,"4":0.0036854169,"5":0.003685405,"6":0.0036863778,"7":0.0036828544,"8":0.003681513,"9":0.0036805496,"10":0.0036804292,"11":0.0036789575,"12":0.0036801603,"13":0.0036778473,"14":0.0036792608,"15":0.0036777253,"16":0.0036776767,"17":0.0036774708,"18":0.0036784257,"19":0.0036769148,"20":0.0036764734,"21":0.0036770087,"22":0.0036748385,"23":0.0036740515,"24":0.0036760946,"25":0.0036737078,"26":0.0036743209,"27":0.0036717742,"28":0.0036697672,"29":0.0036703611,"30":0.0036674642},"mean_squared_error":{"0":0.0555175282,"1":0.0144942338,"2":0.0144447023,"3":0.0139812715,"4":0.0137488479,"5":0.0138760963,"6":0.0141425161,"7":0.0137476493,"8":0.0135813812,"9":0.0137149617,"10":0.0136231091,"11":0.0137765063,"12":0.0136732943,"13":0.01353605,"14":0.0137470355,"15":0.0135828424,"16":0.0134797757,"17":0.0135224871,"18":0.0140063018,"19":0.0135329356,"20":0.0134614417,"21":0.01355113,"22":0.0133784013,"23":0.0133430837,"24":0.0133560328,"25":0.0133358929,"26":0.0132722473,"27":0.0132031022,"28":0.0131901475,"29":0.0134255886,"30":0.0132026058},"sMAPE":{"0":0.01650461,"1":0.0162607338,"2":0.0162613802,"3":0.0161594935,"4":0.0162229724,"5":0.0161388479,"6":0.0161991175,"7":0.0161644164,"8":0.0161447078,"9":0.0161502175,"10":0.016145885,"11":0.0161180552,"12":0.0161338653,"13":0.0161507018,"14":0.0161088873,"15":0.0160699803,"16":0.0161347054,"17":0.0160678811,"18":0.0160646513,"19":0.0160763804,"20":0.0161359888,"21":0.0160772093,"22":0.0161247235,"23":0.0160454512,"24":0.0160949994,"25":0.0160962213,"26":0.0160995834,"27":0.0160809327,"28":0.0160647333,"29":0.0160666872,"30":0.0160347521},"R_squared":{"0":0.8935120702,"1":0.9679525495,"2":0.9679901004,"3":0.9688788652,"4":0.9692870378,"5":0.9690367579,"6":0.9685975909,"7":0.9692411423,"8":0.9695757627,"9":0.969330132,"10":0.9694812298,"11":0.9692501426,"12":0.9694063067,"13":0.9696444273,"14":0.969299376,"15":0.9695421457,"16":0.9697640538,"17":0.969691813,"18":0.9686498642,"19":0.9696528912,"20":0.969776988,"21":0.9696745872,"22":0.9699465632,"23":0.9699957967,"24":0.9700353742,"25":0.970027864,"26":0.9701467156,"27":0.9702525735,"28":0.9702861309,"29":0.9698737264,"30":0.970282197},"val_loss":{"0":0.0078902384,"1":0.0076251696,"2":0.0078842556,"3":0.0080094952,"4":0.0077096228,"5":0.0080103204,"6":0.0080215568,"7":0.0076121497,"8":0.0077940165,"9":0.0076615368,"10":0.0080297058,"11":0.0075408514,"12":0.0077380473,"13":0.0077887406,"14":0.0078089698,"15":0.0077543226,"16":0.0078149997,"17":0.0077154185,"18":0.0078729913,"19":0.0075999806,"20":0.0075309025,"21":0.0079445513,"22":0.007700203,"23":0.0077801072,"24":0.0078797136,"25":0.0077321813,"26":0.0077129235,"27":0.0079658078,"28":0.0078725172,"29":0.0077877361,"30":0.0078749601},"val_mean_squared_logarithmic_error":{"0":0.0024726503,"1":0.0024750852,"2":0.002479614,"3":0.0025015676,"4":0.0024764054,"5":0.0024930395,"6":0.0024742722,"7":0.0024709478,"8":0.0024588192,"9":0.0024796077,"10":0.0025218495,"11":0.0024641666,"12":0.0024761215,"13":0.0024539833,"14":0.0024642723,"15":0.0024573291,"16":0.002456632,"17":0.0024999813,"18":0.0025300169,"19":0.0024514636,"20":0.0024686418,"21":0.0024810478,"22":0.0024564131,"23":0.0025135034,"24":0.0024544024,"25":0.0024717685,"26":0.0024709858,"27":0.0024930786,"28":0.0024912851,"29":0.0024602544,"30":0.0024478037},"val_mean_squared_error":{"0":0.0077776797,"1":0.0076401331,"2":0.0077428147,"3":0.0075524421,"4":0.0076525086,"5":0.0089244321,"6":0.0075940164,"7":0.0076481518,"8":0.0077463146,"9":0.0075073545,"10":0.0075766295,"11":0.0077680009,"12":0.0078076068,"13":0.0078922315,"14":0.0082855653,"15":0.0078977458,"16":0.0090032322,"17":0.0076304968,"18":0.0090932306,"19":0.0088335527,"20":0.00752598,"21":0.0075566769,"22":0.0077242241,"23":0.0075126495,"24":0.0078134714,"25":0.007638033,"26":0.0075568859,"27":0.0076075038,"28":0.0076649347,"29":0.0076916669,"30":0.0078841271},"val_sMAPE":{"0":0.0122541469,"1":0.0118085286,"2":0.0120576704,"3":0.0120480349,"4":0.0118235201,"5":0.0121730305,"6":0.0121304505,"7":0.011743444,"8":0.0121537261,"9":0.0117110051,"10":0.0122633073,"11":0.0115889506,"12":0.0121217296,"13":0.0121304216,"14":0.0121626835,"15":0.0120418128,"16":0.0122635392,"17":0.0117737483,"18":0.0119863544,"19":0.0116297286,"20":0.011741152,"21":0.0122339521,"22":0.0117063206,"23":0.0117125073,"24":0.0124098267,"25":0.012043206,"26":0.0119044762,"27":0.0119596422,"28":0.0121038845,"29":0.0122979851,"30":0.0123211155},"val_R_squared":{"0":0.964558959,"1":0.9650592804,"2":0.9647126794,"3":0.9653235674,"4":0.9650544524,"5":0.9608743191,"6":0.9652266502,"7":0.9650759697,"8":0.9647024274,"9":0.9655481577,"10":0.9651907086,"11":0.9647073746,"12":0.9645635486,"13":0.964255929,"14":0.9630571604,"15":0.9642868638,"16":0.960696876,"17":0.9651024938,"18":0.9602383971,"19":0.9612132311,"20":0.9655306935,"21":0.9653942585,"22":0.9648784399,"23":0.9654428959,"24":0.9645873904,"25":0.9651674628,"26":0.9654226303,"27":0.9651987553,"28":0.9650198221,"29":0.9650247693,"30":0.964379847}}