{"loss":{"0":0.2070413083,"1":0.2070414275,"2":0.2070393562,"3":0.2070413977,"4":0.2070421278,"5":0.2070477605,"6":0.2070415616,"7":0.2070340812,"8":0.2070422918,"9":0.2070446312,"10":0.2070401162},"mean_squared_logarithmic_error":{"0":0.0884864554,"1":0.088486053,"2":0.0884867534,"3":0.0884858742,"4":0.088485375,"5":0.0884856284,"6":0.0884861052,"7":0.0884875283,"8":0.0884856656,"9":0.0884860605,"10":0.088486664},"mean_squared_error":{"0":0.3171267807,"1":0.3171258271,"2":0.3171280622,"3":0.3171261847,"4":0.3171259761,"5":0.3171266913,"6":0.3171262741,"7":0.317127496,"8":0.3171259165,"9":0.317127049,"10":0.3171268106},"val_loss":{"0":0.1482751369,"1":0.1483234167,"2":0.1483176649,"3":0.1483589709,"4":0.1483050585,"5":0.1483203918,"6":0.148327291,"7":0.1483773142,"8":0.1483390182,"9":0.1483340859,"10":0.1483013332},"val_mean_squared_logarithmic_error":{"0":0.0652226731,"1":0.0652237907,"2":0.065215297,"3":0.0652135387,"4":0.0652146488,"5":0.0652190223,"6":0.0652229413,"7":0.0652191341,"8":0.0652075112,"9":0.0652200282,"10":0.0652247071},"val_mean_squared_error":{"0":0.1874303669,"1":0.1874381304,"2":0.1874304414,"3":0.1874324828,"4":0.1874203235,"5":0.18742764,"6":0.1874341071,"7":0.1874299794,"8":0.1874116659,"9":0.1874370128,"10":0.1874340922}}