{"loss":{"0":0.0253016762,"1":0.0243407879,"2":0.0242894404,"3":0.0241409335,"4":0.0241441745,"5":0.0240716375,"6":0.0240294058,"7":0.0240482222,"8":0.0239354707,"9":0.023974739,"10":0.0238980241,"11":0.0239166226,"12":0.0238436814,"13":0.0238641053,"14":0.0238892995,"15":0.0238688216,"16":0.0238375943},"mean_squared_logarithmic_error":{"0":0.0065145907,"1":0.0064705899,"2":0.0064582066,"3":0.006450884,"4":0.0064453511,"5":0.0064418414,"6":0.0064379475,"7":0.0064363247,"8":0.0064323093,"9":0.0064321058,"10":0.0064295311,"11":0.0064274021,"12":0.0064254627,"13":0.0064247763,"14":0.0064222086,"15":0.0064216121,"16":0.0064198682},"mean_squared_error":{"0":0.0295629241,"1":0.028998591,"2":0.0288295392,"3":0.0287575852,"4":0.0287052691,"5":0.0286786202,"6":0.0286470279,"7":0.0286221709,"8":0.028598927,"9":0.0285895001,"10":0.0285731554,"11":0.0285608154,"12":0.0285136495,"13":0.0285303202,"14":0.0285129976,"15":0.0285103265,"16":0.0284757596},"sMAPE":{"0":0.0288000572,"1":0.0270439945,"2":0.0269672796,"3":0.0268091597,"4":0.0267786589,"5":0.0267041083,"6":0.0266951863,"7":0.0267671626,"8":0.0266264398,"9":0.0266964212,"10":0.0266131014,"11":0.0266292971,"12":0.0265403744,"13":0.0265863668,"14":0.0266135354,"15":0.0266474038,"16":0.0266102515},"R_squared":{"0":0.9748257995,"1":0.9752908945,"2":0.9754207134,"3":0.9754990339,"4":0.9755470157,"5":0.9755677581,"6":0.9755989909,"7":0.975602746,"8":0.9756038189,"9":0.9756210446,"10":0.97564888,"11":0.9756521583,"12":0.9756874442,"13":0.975681901,"14":0.975718379,"15":0.975693047,"16":0.9756963253},"val_loss":{"0":0.0150451073,"1":0.0152293136,"2":0.0157495365,"3":0.0152562549,"4":0.0152372997,"5":0.0149198212,"6":0.0148245841,"7":0.0157197379,"8":0.0151092485,"9":0.0151545079,"10":0.0152035737,"11":0.0149941863,"12":0.0160330329,"13":0.0149698826,"14":0.0149823157,"15":0.015617446,"16":0.0151492413},"val_mean_squared_logarithmic_error":{"0":0.004566492,"1":0.0045153615,"2":0.0046351668,"3":0.004492762,"4":0.0045075789,"5":0.0044926438,"6":0.0045126271,"7":0.0045864685,"8":0.004489284,"9":0.0045185434,"10":0.0044785324,"11":0.0044847084,"12":0.0044914121,"13":0.0044877287,"14":0.0044963076,"15":0.0045599407,"16":0.0045318431},"val_mean_squared_error":{"0":0.0170559697,"1":0.016800154,"2":0.0175270867,"3":0.0167330913,"4":0.0167244505,"5":0.0167840011,"6":0.0167241655,"7":0.0171495229,"8":0.0167510919,"9":0.0172143318,"10":0.01774198,"11":0.0178021882,"12":0.0183043126,"13":0.0173264183,"14":0.0171466507,"15":0.0171641242,"16":0.0169405639},"val_sMAPE":{"0":0.0185090862,"1":0.0189760868,"2":0.0200298466,"3":0.0191314034,"4":0.0189075414,"5":0.0185436029,"6":0.0185162015,"7":0.0197272785,"8":0.018830264,"9":0.0187899992,"10":0.0195264425,"11":0.0188117083,"12":0.0202842355,"13":0.0186698623,"14":0.0185523909,"15":0.0189203992,"16":0.0186946206},"val_R_squared":{"0":0.9711157084,"1":0.9716757536,"2":0.9703466296,"3":0.9718350768,"4":0.9717572331,"5":0.9718281627,"6":0.971778512,"7":0.9710277915,"8":0.9718485475,"9":0.9713438153,"10":0.9710943699,"11":0.9710159302,"12":0.9705891609,"13":0.9713960886,"14":0.9715234637,"15":0.9712222219,"16":0.9715158343}}