{"loss":{"0":0.3518781364,"1":0.3407542109,"2":0.3375302553,"3":0.3345817029,"4":0.4571804106,"5":0.3833793402,"6":0.3833714128,"7":0.3833747804,"8":0.3833725154,"9":0.3833734393,"10":0.3833719194,"11":0.38337484},"mean_squared_logarithmic_error":{"0":0.1333160996,"1":0.1322306693,"2":0.1314445287,"3":0.1314525455,"4":0.1673738062,"5":0.1592050195,"6":0.1592065543,"7":0.1592091024,"8":0.1592100859,"9":0.1592086256,"10":0.1592095196,"11":0.1592068076},"mean_squared_error":{"0":19.4545860291,"1":0.6102559566,"2":0.5396214128,"3":0.5351686478,"4":36.853679657,"5":0.7622418404,"6":0.7622330785,"7":0.762237668,"8":0.7622357607,"9":0.7622324824,"10":0.7622321844,"11":0.7622315884},"val_loss":{"0":0.2627344131,"1":0.2539213598,"2":0.2790734768,"3":0.269018501,"4":0.2773161232,"5":0.2772718966,"6":0.2773210704,"7":0.2772895992,"8":0.2772213817,"9":0.2773009539,"10":0.2773082852,"11":0.27728495},"val_mean_squared_logarithmic_error":{"0":0.1037652344,"1":0.1030892357,"2":0.1041302532,"3":0.1054300144,"4":0.1188802347,"5":0.1189032644,"6":0.1188969836,"7":0.118890956,"8":0.1189171374,"9":0.11891561,"10":0.1188665703,"11":0.1188851967},"val_mean_squared_error":{"0":46.2161216736,"1":0.3695172369,"2":104.626335144,"3":15.1157445908,"4":0.4423402846,"5":0.442373842,"6":0.4423687458,"7":0.4423520267,"8":0.4423844516,"9":0.4424016476,"10":0.4423052371,"11":0.4423388243}}