{"loss":{"0":0.7750806212,"1":0.2331798524,"2":0.1715941131,"3":0.1629725993,"4":0.1573397964,"5":0.1529330611,"6":0.1500215381,"7":0.1475896984,"8":0.145149231,"9":0.1428712904,"10":0.1409253627,"11":0.1396516114,"12":0.1384492517,"13":0.137046814,"14":0.135627389,"15":0.1345951557,"16":0.1336095631,"17":0.1327968687,"18":0.1317392886,"19":0.130710721,"20":0.129516378,"21":0.1285869777,"22":0.1275285333,"23":0.1267396361,"24":0.1258523613,"25":0.1255910099,"26":0.1245139465,"27":0.1238527074,"28":0.1232528985,"29":0.122810863,"30":0.1227703765,"31":0.1219395995,"32":0.1218077764,"33":0.1213321015,"34":0.1210487634,"35":0.1205205992,"36":0.120257996,"37":0.1198861152,"38":0.1196514443,"39":0.1193476245,"40":0.1192896217,"41":0.119142808,"42":0.1186759621,"43":0.1183120832,"44":0.118434459,"45":0.1182146147,"46":0.1185516492,"47":0.1177511886,"48":0.1173511893,"49":0.1172479242,"50":0.1172353551,"51":0.1168740839,"52":0.1177347302,"53":0.1167683452,"54":0.1165472418,"55":0.1166102067,"56":0.1166334152,"57":0.1163316742,"58":0.1159365103,"59":0.116152443,"60":0.1157640591,"61":0.1157000065,"62":0.116124332,"63":0.1163387373,"64":0.116407536,"65":0.1159754395,"66":0.1153710708,"67":0.1151811257,"68":0.1152954549,"69":0.1149321124,"70":0.1151689216,"71":0.1156305149,"72":0.1148004383,"73":0.1146294177,"74":0.1145757362,"75":0.1151965559,"76":0.114432238,"77":0.1144690141,"78":0.1140319258,"79":0.1140123755,"80":0.1138693243,"81":0.114043802,"82":0.1138708517,"83":0.1135559455,"84":0.1137543321,"85":0.1134932786,"86":0.1135090441,"87":0.1138946116,"88":0.1135466993,"89":0.11317157,"90":0.1130866408,"91":0.1130484864,"92":0.1129104495,"93":0.1139815599,"94":0.1131619662,"95":0.112714678,"96":0.1128174216,"97":0.1127986312,"98":0.1128491461,"99":0.1125394255,"100":0.1127685606},"mean_squared_logarithmic_error":{"0":0.1535839587,"1":0.0608528256,"2":0.0493173078,"3":0.0464521945,"4":0.0449568853,"5":0.0440298542,"6":0.0433975942,"7":0.0428824872,"8":0.0423753969,"9":0.0419463813,"10":0.0415058397,"11":0.0410952009,"12":0.040521577,"13":0.0397217348,"14":0.0392888337,"15":0.0391177051,"16":0.0388995036,"17":0.0386866778,"18":0.0382759236,"19":0.0376154594,"20":0.037129242,"21":0.0367739722,"22":0.0363440104,"23":0.0360777341,"24":0.0357393697,"25":0.0360343419,"26":0.0355072208,"27":0.035399016,"28":0.0352884717,"29":0.0352133624,"30":0.0352760479,"31":0.034987282,"32":0.0350456797,"33":0.0348646492,"34":0.0348692574,"35":0.034744367,"36":0.034725558,"37":0.0346015356,"38":0.0345801711,"39":0.0345131382,"40":0.0345583297,"41":0.0345477089,"42":0.0343726054,"43":0.0342677385,"44":0.0343734287,"45":0.0343597159,"46":0.0345672928,"47":0.0342000611,"48":0.0340993442,"49":0.0340842195,"50":0.034094438,"51":0.0340044834,"52":0.0344677679,"53":0.0340356492,"54":0.0339563005,"55":0.0340319052,"56":0.0340545401,"57":0.0339665972,"58":0.0338432565,"59":0.0339452662,"60":0.0338068567,"61":0.0337969139,"62":0.0340806618,"63":0.0341875628,"64":0.0342527814,"65":0.0340834707,"66":0.0337806232,"67":0.0337644443,"68":0.0338250473,"69":0.0337176733,"70":0.0338541269,"71":0.0341080241,"72":0.0336999185,"73":0.0336618349,"74":0.0336883217,"75":0.0340519659,"76":0.0336336643,"77":0.0336815566,"78":0.033532355,"79":0.0335162282,"80":0.0335335284,"81":0.0336046964,"82":0.0335310139,"83":0.0334410109,"84":0.0335579664,"85":0.0334614255,"86":0.0334714726,"87":0.0337045379,"88":0.0335469954,"89":0.0334296227,"90":0.033393003,"91":0.0334010646,"92":0.0334013551,"93":0.0339352749,"94":0.0335400552,"95":0.0333557278,"96":0.0334098004,"97":0.0334614813,"98":0.0335002653,"99":0.0333834104,"100":0.0334735923},"mean_squared_error":{"0":302.7664489746,"1":11.1776895523,"2":0.2086560428,"3":0.1824114919,"4":0.1736738235,"5":0.1687213629,"6":0.1644057184,"7":0.1627817303,"8":0.1625052243,"9":0.1628178656,"10":0.1577944905,"11":0.1561189443,"12":0.1560613364,"13":0.1542218179,"14":0.1497929692,"15":0.1493721306,"16":0.149819538,"17":0.1506964117,"18":0.146297276,"19":0.1471173912,"20":0.156743899,"21":0.1479848772,"22":0.1479742378,"23":0.1445438117,"24":0.1444057375,"25":0.1469712257,"26":0.1411530524,"27":0.1396261007,"28":0.1391763836,"29":0.1424333304,"30":0.1438528895,"31":0.1375154257,"32":0.1359789222,"33":0.1348925978,"34":0.137550652,"35":0.1355728209,"36":0.1359852552,"37":0.1382798254,"38":0.1331021488,"39":0.1341662556,"40":0.1333246082,"41":0.1330662668,"42":0.1335245818,"43":0.1332811117,"44":0.1348500401,"45":0.1342588961,"46":0.1332973838,"47":0.1322492808,"48":0.1325053722,"49":0.1318125874,"50":0.1321306676,"51":0.1315269023,"52":0.1587771773,"53":0.1324202716,"54":0.1389837712,"55":0.1322413087,"56":0.1320850104,"57":0.1415525824,"58":0.1304451972,"59":0.1336228848,"60":0.133712858,"61":0.1326560825,"62":0.1424360275,"63":0.1436011046,"64":0.1327689141,"65":0.1314673126,"66":0.2064855099,"67":0.1335641593,"68":0.130346477,"69":0.1307604015,"70":0.1592295468,"71":0.1322366744,"72":0.1319775134,"73":0.1306178868,"74":0.1391466111,"75":0.1299809217,"76":0.1325587183,"77":0.1376244128,"78":0.1323308796,"79":0.132089287,"80":0.1295987219,"81":0.1319595575,"82":0.1301770508,"83":0.1308293343,"84":0.1299984008,"85":0.1358542293,"86":0.1302068233,"87":0.1500338614,"88":0.1316763312,"89":0.1300091296,"90":0.1286536753,"91":0.1313619018,"92":0.1431236714,"93":0.187623322,"94":0.1299322098,"95":0.1305083632,"96":0.1300135106,"97":0.1374680102,"98":0.131638512,"99":0.1347914189,"100":0.2915372252},"sMAPE":{"0":0.5458897948,"1":0.2815409601,"2":0.2499628514,"3":0.2380823642,"4":0.2304131687,"5":0.2236917913,"6":0.2190783024,"7":0.2144726068,"8":0.2087057531,"9":0.2032968998,"10":0.1996661127,"11":0.1975245923,"12":0.1957927048,"13":0.1944047362,"14":0.1923760623,"15":0.1902423799,"16":0.1882348806,"17":0.1864728928,"18":0.1846766919,"19":0.1834024787,"20":0.1817136109,"21":0.1804074794,"22":0.1790054888,"23":0.1778128147,"24":0.17631042,"25":0.1754331887,"26":0.1739943027,"27":0.1727654934,"28":0.1717034429,"29":0.1710202545,"30":0.1710398942,"31":0.1697427779,"32":0.169722423,"33":0.1688623726,"34":0.1682983339,"35":0.1673925966,"36":0.1669299752,"37":0.1661885381,"38":0.1658454537,"39":0.1655140817,"40":0.1653272808,"41":0.1652300358,"42":0.1643260121,"43":0.1637532711,"44":0.1639424115,"45":0.1636208743,"46":0.1643838584,"47":0.1629484445,"48":0.1622849554,"49":0.1621893644,"50":0.1622206569,"51":0.1615440696,"52":0.1630248576,"53":0.1615508497,"54":0.1611024737,"55":0.1613256633,"56":0.1613660008,"57":0.1607964337,"58":0.1601996869,"59":0.1606082171,"60":0.1598915011,"61":0.1597661376,"62":0.1605190933,"63":0.1610049009,"64":0.1611752659,"65":0.1604052633,"66":0.1592157781,"67":0.1589952409,"68":0.1592837274,"69":0.1586826742,"70":0.1589834243,"71":0.1600485295,"72":0.1584134102,"73":0.1582083255,"74":0.158006534,"75":0.1591493338,"76":0.1579682678,"77":0.1579618156,"78":0.1571269631,"79":0.1570791006,"80":0.1569402814,"81":0.1572303772,"82":0.1569000632,"83":0.156411618,"84":0.1567336321,"85":0.1562697589,"86":0.1563112736,"87":0.1569132805,"88":0.1563840955,"89":0.1557387114,"90":0.1554777175,"91":0.1554486156,"92":0.1551022977,"93":0.1569472402,"94":0.1556923538,"95":0.1548389792,"96":0.15502882,"97":0.1549175829,"98":0.1550371051,"99":0.154412508,"100":0.1547505856},"R_squared":{"0":-444.864654541,"1":-15.0357599258,"2":0.6878198981,"3":0.7245290279,"4":0.7375469208,"5":0.7451136708,"6":0.7513768673,"7":0.7541306615,"8":0.75462538,"9":0.7536568046,"10":0.7617495656,"11":0.7642609477,"12":0.7647400498,"13":0.767393887,"14":0.7738259435,"15":0.7742656469,"16":0.774058044,"17":0.7720863819,"18":0.778934896,"19":0.777895689,"20":0.7640987039,"21":0.7761203051,"22":0.7765049934,"23":0.7812893391,"24":0.7819420099,"25":0.7788002491,"26":0.7867413163,"27":0.7889928818,"28":0.7900583744,"29":0.7854360342,"30":0.7825365663,"31":0.7923088074,"32":0.7946324348,"33":0.7964677215,"34":0.7921308875,"35":0.7951771021,"36":0.7946065664,"37":0.7909950614,"38":0.799194634,"39":0.7973319888,