{"loss":{"0":0.0200250018,"1":0.0197511651,"2":0.0197256934,"3":0.0196798369,"4":0.0195798632,"5":0.0196103156,"6":0.0196194332,"7":0.0195462182,"8":0.0195900425,"9":0.0195164829,"10":0.01951552,"11":0.0194783676,"12":0.019511262,"13":0.019498283,"14":0.0194939151,"15":0.0194146857,"16":0.0194019992,"17":0.0194845293,"18":0.019409379,"19":0.0194078851,"20":0.0194224194,"21":0.0193935372,"22":0.0193608012,"23":0.019407399,"24":0.0193923321,"25":0.0193457771,"26":0.0193264522,"27":0.0193365719,"28":0.0192963127,"29":0.0192717332},"mean_squared_logarithmic_error":{"0":0.0045406311,"1":0.0045384057,"2":0.0045382292,"3":0.004540185,"4":0.004542402,"5":0.0045439997,"6":0.0045470046,"7":0.0045501352,"8":0.004552478,"9":0.0045551239,"10":0.0045572789,"11":0.0045589423,"12":0.0045601935,"13":0.0045615872,"14":0.0045605376,"15":0.0045617558,"16":0.0045631132,"17":0.004562459,"18":0.0045613293,"19":0.0045614089,"20":0.0045628948,"21":0.0045607551,"22":0.0045601423,"23":0.0045637959,"24":0.0045610885,"25":0.0045608268,"26":0.0045592864,"27":0.0045585032,"28":0.0045587239,"29":0.0045588971},"mean_squared_error":{"0":0.0199236926,"1":0.0201754067,"2":0.0198515113,"3":0.0198247544,"4":0.0198014658,"5":0.0198191851,"6":0.0198036488,"7":0.0198381171,"8":0.02010311,"9":0.0198638532,"10":0.0199094005,"11":0.0198512934,"12":0.0199108198,"13":0.0198470615,"14":0.0198381674,"15":0.0198598206,"16":0.0198608954,"17":0.0198362712,"18":0.0198152047,"19":0.0198918879,"20":0.0198557377,"21":0.019829819,"22":0.0198698584,"23":0.0199233629,"24":0.0198955275,"25":0.0198191646,"26":0.0198026579,"27":0.0197982769,"28":0.0197917409,"29":0.0198651608},"sMAPE":{"0":0.0226435103,"1":0.0222371258,"2":0.0222166665,"3":0.0221999176,"4":0.0220509022,"5":0.0221232455,"6":0.0221316125,"7":0.0220011044,"8":0.0221073013,"9":0.0219401345,"10":0.0219698362,"11":0.0219295211,"12":0.021987861,"13":0.0220130906,"14":0.0219465923,"15":0.0218712762,"16":0.0218769982,"17":0.0219679754,"18":0.0219220724,"19":0.0219142381,"20":0.0219206959,"21":0.0218437649,"22":0.0218344182,"23":0.0219240244,"24":0.0219478197,"25":0.021811014,"26":0.0218083113,"27":0.0218468737,"28":0.0218047723,"29":0.0217353217},"R_squared":{"0":0.974341929,"1":0.9740217924,"2":0.9744241834,"3":0.9744510055,"4":0.9744954705,"5":0.9744647145,"6":0.9744727015,"7":0.9744527936,"8":0.9741230011,"9":0.9744087458,"10":0.974341929,"11":0.9744341373,"12":0.9743363261,"13":0.9744216204,"14":0.9744493961,"15":0.9744229913,"16":0.9744019508,"17":0.9744307399,"18":0.9744694829,"19":0.9743760824,"20":0.9744219184,"21":0.9744608402,"22":0.9744047523,"23":0.9743356705,"24":0.9743699431,"25":0.9744793177,"26":0.974481523,"27":0.9744849205,"28":0.9744883776,"29":0.9743958116},"val_loss":{"0":0.0140891792,"1":0.0138361473,"2":0.0134181269,"3":0.0142103089,"4":0.0135430032,"5":0.0134473303,"6":0.0141699417,"7":0.0135780815,"8":0.0137617933,"9":0.0133481827,"10":0.0134205092,"11":0.013688012,"12":0.0132934414,"13":0.0133237112,"14":0.0132260425,"15":0.014019249,"16":0.0133492798,"17":0.0134940296,"18":0.0133718448,"19":0.0132184848,"20":0.0133421784,"21":0.013530816,"22":0.0135720093,"23":0.0135253528,"24":0.0132917976,"25":0.0137284547,"26":0.0135665974,"27":0.0134028206,"28":0.0132980356,"29":0.0135218157},"val_mean_squared_logarithmic_error":{"0":0.0036554686,"1":0.0036258153,"2":0.0036316626,"3":0.0036717376,"4":0.0036458969,"5":0.0036396824,"6":0.0036436927,"7":0.0036849082,"8":0.0036740995,"9":0.0036499067,"10":0.0036482757,"11":0.0036729609,"12":0.0036250276,"13":0.0036551501,"14":0.0036411793,"15":0.0036901408,"16":0.0036235857,"17":0.0036501461,"18":0.0036391059,"19":0.0036638544,"20":0.0036387146,"21":0.0036426212,"22":0.0036496278,"23":0.0036681024,"24":0.0036471128,"25":0.0036310542,"26":0.0036266621,"27":0.0036547547,"28":0.0036625811,"29":0.0036329455},"val_mean_squared_error":{"0":0.0172916092,"1":0.0163712502,"2":0.0199996773,"3":0.016013084,"4":0.016101161,"5":0.0173126012,"6":0.0205846168,"7":0.0291968044,"8":0.0185162723,"9":0.0243520997,"10":0.0180713944,"11":0.0181167964,"12":0.0179909039,"13":0.0185324736,"14":0.0193093624,"15":0.0197267048,"16":0.0200290922,"17":0.0165718235,"18":0.0202393569,"19":0.0176145937,"20":0.019398842,"21":0.0185260214,"22":0.0176744778,"23":0.0163759198,"24":0.0164535958,"25":0.0165777653,"26":0.0158756245,"27":0.0167195965,"28":0.0163601618,"29":0.0158309247},"val_sMAPE":{"0":0.0184779391,"1":0.0179395378,"2":0.017054148,"3":0.0182744935,"4":0.0170660149,"5":0.0171897933,"6":0.0181621294,"7":0.0170991495,"8":0.0175685491,"9":0.0169693064,"10":0.0171696786,"11":0.0180095304,"12":0.0170507673,"13":0.0169347767,"14":0.0168074686,"15":0.0180768874,"16":0.0167310778,"17":0.0173384286,"18":0.0169041622,"19":0.0164365247,"20":0.0170001071,"21":0.0170747358,"22":0.0173828807,"23":0.0173742007,"24":0.0167551152,"25":0.0178172439,"26":0.0178239886,"27":0.0171822999,"28":0.016487347,"29":0.0173021518},"val_R_squared":{"0":0.96324718,"1":0.9647237062,"2":0.958992362,"3":0.9651036859,"4":0.9651440382,"5":0.9632761478,"6":0.9582287669,"7":0.9446945786,"8":0.9611181617,"9":0.952283442,"10":0.9620223045,"11":0.9618013501,"12":0.9622484446,"13":0.9612469673,"14":0.9601470232,"15":0.9591009617,"16":0.9590979815,"17":0.9643449187,"18":0.9586949944,"19":0.9626408219,"20":0.9600809216,"21":0.9613547325,"22":0.9626836777,"23":0.9643304944,"24":0.9643704295,"25":0.9644134641,"26":0.9655590057,"27":0.9639125466,"28":0.9644738436,"29":0.9654570818}}