{"loss":{"0":0.2788960934,"1":0.2764890194,"2":0.3925373554,"3":0.3022195399,"4":0.2914239168,"5":0.2890123725,"6":0.2885317504,"7":0.2876366973,"8":0.2832373977,"9":0.2797145247,"10":0.3024168909,"11":0.2983328998},"mean_squared_logarithmic_error":{"0":0.1117901951,"1":0.1115762517,"2":0.1160802171,"3":0.1278991252,"4":0.1215638816,"5":0.1203156859,"6":0.120015204,"7":0.1191824973,"8":0.1156891361,"9":0.1135611385,"10":0.1263926029,"11":0.1257478893},"mean_squared_error":{"0":0.4323728979,"1":0.4289574623,"2":4798.2690429688,"3":0.5284619927,"4":0.5051141977,"5":0.4988924265,"6":0.4975554645,"7":0.4949661791,"8":0.4643361866,"9":0.4446069896,"10":1.6040517092,"11":0.5221818686},"val_loss":{"0":0.1974414438,"1":0.1974256039,"2":0.2292383611,"3":0.213924244,"4":0.205516398,"5":0.2044954598,"6":0.203152135,"7":0.1998909265,"8":0.1987594962,"9":0.1987956762,"10":0.219305113,"11":0.2167523056},"val_mean_squared_logarithmic_error":{"0":0.0832351595,"1":0.0833749846,"2":0.1013303474,"3":0.0921928957,"4":0.0878414214,"5":0.087169379,"6":0.0858750641,"7":0.0839336962,"8":0.0837375894,"9":0.0834223926,"10":0.0960363597,"11":0.0940000638},"val_mean_squared_error":{"0":0.2764189243,"1":0.2721748948,"2":0.3407843113,"3":0.3060034811,"4":0.2873786092,"5":0.2847675383,"6":0.2816860676,"7":0.2780615389,"8":0.2760513425,"9":0.2738051713,"10":0.3208408654,"11":0.3128851056}}