{"loss":{"0":0.8178139329,"1":0.4116645455,"2":0.4072510302,"3":0.4072582126,"4":0.4072526991,"5":0.4072535634,"6":0.4072535634,"7":0.4072549343,"8":0.4072516859,"9":0.4072507322,"10":0.4072532058,"11":0.4072504938,"12":0.4072555006},"mean_squared_logarithmic_error":{"0":0.1743989289,"1":0.1697275341,"2":0.1692444831,"3":0.1692484468,"4":0.1692439169,"5":0.1692415625,"6":0.169245109,"7":0.1692337692,"8":0.1692422479,"9":0.1692439169,"10":0.1692423522,"11":0.1692430526,"12":0.1692414582},"mean_squared_error":{"0":7149.5107421875,"1":5.3078522682,"2":0.8727794886,"3":0.8728297353,"4":0.8726679683,"5":0.8726637959,"6":0.8726843596,"7":0.8725936413,"8":0.8726611137,"9":0.8726618886,"10":0.8726348877,"11":0.8726304173,"12":0.8726625443},"val_loss":{"0":0.2742429078,"1":0.2741193473,"2":0.2739931047,"3":0.2741151154,"4":0.2740564048,"5":0.2742029428,"6":0.2742212415,"7":0.27421996,"8":0.2742731869,"9":0.2740201056,"10":0.2741908431,"11":0.2740727663,"12":0.2740466595},"val_mean_squared_logarithmic_error":{"0":0.1141215265,"1":0.1185679808,"2":0.1185406595,"3":0.1185524464,"4":0.1185351983,"5":0.118534863,"6":0.1185599864,"7":0.1185437888,"8":0.1185831726,"9":0.1185387671,"10":0.1185761541,"11":0.1185172573,"12":0.1185398921},"val_mean_squared_error":{"0":0.6037590504,"1":0.4421474636,"2":0.4420597553,"3":0.4437056482,"4":0.4420656562,"5":0.4685366154,"6":0.4686113,"7":0.4685942233,"8":0.4687591791,"9":0.4420615733,"10":0.442188859,"11":0.442034483,"12":0.4420737326}}