{"loss":{"0":0.0207227245,"1":0.0199017785,"2":0.0197035782,"3":0.0196187403,"4":0.0195532385,"5":0.0195152089,"6":0.0194719266,"7":0.0194771904,"8":0.019371869,"9":0.0193984136,"10":0.0193329267,"11":0.0194680542,"12":0.0192972869,"13":0.0192604046,"14":0.0192371588,"15":0.0192415901,"16":0.0192150921,"17":0.0191486273,"18":0.0191630218,"19":0.0191302113,"20":0.0191643741,"21":0.0191798378,"22":0.0190833192,"23":0.0191255808,"24":0.0191005692,"25":0.019018691,"26":0.0190258492,"27":0.019041935,"28":0.0190432053,"29":0.018984912,"30":0.0190682411,"31":0.0189612005,"32":0.0189741012,"33":0.0189798549,"34":0.0189354755,"35":0.0189335141,"36":0.0189609583,"37":0.0188851114,"38":0.0189029854,"39":0.0190135241},"mean_squared_logarithmic_error":{"0":0.004297513,"1":0.0041961893,"2":0.0041902284,"3":0.0041835322,"4":0.0041800984,"5":0.0041765701,"6":0.0041742874,"7":0.0041722362,"8":0.0041689598,"9":0.0041688145,"10":0.0041667717,"11":0.0041670436,"12":0.0041647232,"13":0.0041627162,"14":0.0041615893,"15":0.0041622268,"16":0.0041597341,"17":0.0041587269,"18":0.0041583125,"19":0.0041574524,"20":0.0041573816,"21":0.0041573164,"22":0.0041565117,"23":0.0041559492,"24":0.0041565094,"25":0.0041560358,"26":0.0041557522,"27":0.0041571669,"28":0.0041560973,"29":0.0041561807,"30":0.0041562803,"31":0.0041570729,"32":0.0041572484,"33":0.0041567092,"34":0.0041568456,"35":0.0041581988,"36":0.0041581932,"37":0.0041580419,"38":0.0041583036,"39":0.0041596699},"mean_squared_error":{"0":0.0207269173,"1":0.0194463767,"2":0.0193186402,"3":0.0192355961,"4":0.019202454,"5":0.0191527642,"6":0.0191330463,"7":0.0191123951,"8":0.0190751329,"9":0.019147953,"10":0.0190680753,"11":0.0190568436,"12":0.0190180764,"13":0.0190346632,"14":0.0189955048,"15":0.0190068241,"16":0.0189768113,"17":0.0189599395,"18":0.0189458318,"19":0.0189428888,"20":0.0189678911,"21":0.0189612694,"22":0.0189296193,"23":0.018917745,"24":0.0189225692,"25":0.0188944954,"26":0.0189623907,"27":0.0189046059,"28":0.0189137086,"29":0.0189104397,"30":0.0189028308,"31":0.0188887119,"32":0.0189485345,"33":0.0188889131,"34":0.0188773703,"35":0.0188830588,"36":0.0189052336,"37":0.0188724771,"38":0.0188741181,"39":0.01889259},"sMAPE":{"0":0.0233438555,"1":0.0217702519,"2":0.0214983039,"3":0.0214566123,"4":0.0213972423,"5":0.0213888772,"6":0.0213422999,"7":0.0213870313,"8":0.0212534517,"9":0.0212596357,"10":0.0212553088,"11":0.0214242078,"12":0.0212348904,"13":0.0211483128,"14":0.0211568419,"15":0.0211842675,"16":0.0211905688,"17":0.0210635364,"18":0.0211038124,"19":0.0211203396,"20":0.0211564377,"21":0.0211079959,"22":0.0210501812,"23":0.0210638847,"24":0.0210928861,"25":0.020983668,"26":0.0209714081,"27":0.0210132468,"28":0.020996619,"29":0.0209119488,"30":0.0210789759,"31":0.0208904743,"32":0.0209614262,"33":0.0209550168,"34":0.0209238008,"35":0.0209545456,"36":0.0209435392,"37":0.0208612569,"38":0.0208234154,"39":0.0209668744},"R_squared":{"0":0.9723087549,"1":0.9739319086,"2":0.9740903378,"3":0.974203825,"4":0.9742418528,"5":0.9742984772,"6":0.9743292928,"7":0.9743404984,"8":0.974400878,"9":0.9743166566,"10":0.9744105339,"11":0.9744221568,"12":0.9744715691,"13":0.974463582,"14":0.9745218158,"15":0.974503994,"16":0.9745311141,"17":0.9745571017,"18":0.9745697975,"19":0.9745796323,"20":0.9745402932,"21":0.9745587707,"22":0.9745961428,"23":0.9745986462,"24":0.9745978117,"25":0.9746388793,"26":0.9745450616,"27":0.9746294618,"28":0.9746136069,"29":0.9746249914,"30":0.9746389389,"31":0.9746503234,"32":0.974578619,"33":0.9746496081,"34":0.9746662974,"35":0.9746550322,"36":0.9746366739,"37":0.9746792912,"38":0.9746726751,"39":0.9746428132},"val_loss":{"0":0.01359546,"1":0.013753579,"2":0.0136929918,"3":0.013686778,"4":0.0139832543,"5":0.0136445602,"6":0.0135408919,"7":0.0139800366,"8":0.0135628618,"9":0.0134660574,"10":0.0135110952,"11":0.0137160355,"12":0.0131975301,"13":0.0137538016,"14":0.0134617835,"15":0.0137447407,"16":0.0131722298,"17":0.0132821416,"18":0.0133743333,"19":0.013254242,"20":0.0136318421,"21":0.0134977084,"22":0.0131864157,"23":0.0131667331,"24":0.0131129539,"25":0.0134042036,"26":0.0133498982,"27":0.0136416908,"28":0.0134083815,"29":0.0129716834,"30":0.0137904678,"31":0.0134539865,"32":0.0132003231,"33":0.0132062463,"34":0.0131828086,"35":0.0134282373,"36":0.0141260503,"37":0.0136952447,"38":0.0129984738,"39":0.0135842422},"val_mean_squared_logarithmic_error":{"0":0.0033102196,"1":0.0033552593,"2":0.0033342633,"3":0.003341188,"4":0.0033529322,"5":0.0033528067,"6":0.0033451801,"7":0.0033388739,"8":0.0033427391,"9":0.0033359772,"10":0.0033408897,"11":0.0033452515,"12":0.0033106857,"13":0.0033280498,"14":0.0033474725,"15":0.0033337683,"16":0.0033559396,"17":0.003364196,"18":0.0033571224,"19":0.0033240982,"20":0.0033501571,"21":0.0033403316,"22":0.0033492302,"23":0.0033481405,"24":0.0033339821,"25":0.0033374899,"26":0.0033427025,"27":0.0033409595,"28":0.0033570793,"29":0.0033430951,"30":0.0033355104,"31":0.0033547236,"32":0.0033313162,"33":0.0033536393,"34":0.0033501119,"35":0.0033370766,"36":0.0033804988,"37":0.0033364194,"38":0.0033281052,"39":0.003352358},"val_mean_squared_error":{"0":0.0167659391,"1":0.0157286879,"2":0.0158288926,"3":0.0159348268,"4":0.0152433608,"5":0.0150653319,"6":0.0167548675,"7":0.0151730459,"8":0.0155700995,"9":0.0157116223,"10":0.0161334649,"11":0.0151839666,"12":0.0156116718,"13":0.0156909488,"14":0.0164705291,"15":0.016106464,"16":0.0174227487,"17":0.0210900996,"18":0.0277776886,"19":0.0191718917,"20":0.0188791752,"21":0.0202428661,"22":0.0213840138,"23":0.0225255992,"24":0.0239528511,"25":0.018773634,"26":0.0235430673,"27":0.019159155,"28":0.0193246994,"29":0.020279482,"30":0.0247973651,"31":0.0247476306,"32":0.0217436161,"33":0.0226467419,"34":0.0176256467,"35":0.0179287549,"36":0.0168647766,"37":0.0192235876,"38":0.0206072219,"39":0.0201365985},"val_sMAPE":{"0":0.0166360158,"1":0.0168104898,"2":0.0166882798,"3":0.0171943922,"4":0.0172317829,"5":0.0168554224,"6":0.0163765028,"7":0.0174556766,"8":0.016966125,"9":0.0166291203,"10":0.0168209225,"11":0.0171909593,"12":0.0160341505,"13":0.0170666408,"14":0.0161234755,"15":0.0166270249,"16":0.0160123445,"17":0.0159503035,"18":0.0162724201,"19":0.0161484573,"20":0.0165170915,"21":0.0168147013,"22":0.0158849098,"23":0.0159548242,"24":0.0159434006,"25":0.016200006,"26":0.0164216589,"27":0.0170227028,"28":0.0166776255,"29":0.0155442944,"30":0.0177977309,"31":0.0163011663,"32":0.0163349453,"33":0.0159691591,"34":0.0159685109,"35":0.0165366158,"36":0.0168362446,"37":0.0166252572,"38":0.0154304663,"39":0.0169758443},"val_R_squared":{"0":0.9690849781,"1":0.9696102142,"2":0.9696990252,"3":0.969620347,"4":0.9700474143,"5":0.9701740742,"6":0.9691269398,"7":0.9701611996,"8":0.9699211717,"9":0.9698323011,"10":0.9695608616,"11":0.9701864123,"12":0.9700410962,"13":0.9699344039,"14":0.9692773223,"15":0.9696279764,"16":0.9687414765,"17":0.966263473,"18":0.9620907903,"19":0.9677561522,"20":0.9678191543,"21":0.9670076966,"22":0.9662260413,"23":0.9655118585,"24":0.9646754861,"25":0.9679313302,"26":0.9648414254,"27":0.9676169157,"28":0.9675492644,"29":0.966963768,"30":0.9640597105,"31":0.9639682174,"32":0.9660924673,"33":0.9654385448,"34":0.9686208963,"35":0.9685074091,"36":0.968945086,"37":0.96762079,"38":0.966853559,"39":0.9669836164}}