{"loss":{"0":0.2372206151,"1":0.2309906781,"2":0.2309884876,"3":0.2309920788,"4":0.2309880108,"5":0.2309947163,"6":0.2309926748,"7":0.2309907675,"8":0.2309931815,"9":0.2309874743,"10":0.2309928089,"11":0.2309878021,"12":0.2309916615,"13":0.2309914827,"14":0.2309896201,"15":0.2309901863,"16":0.2309906483,"17":0.2309940904,"18":0.2309919596,"19":0.2309897542,"20":0.2309903949,"21":0.2309889942,"22":0.2309897095},"mean_squared_logarithmic_error":{"0":0.1008847207,"1":0.0984221995,"2":0.0984224305,"3":0.0984217077,"4":0.0984213948,"5":0.0984211639,"6":0.098421447,"7":0.0984224901,"8":0.0984213799,"9":0.0984222069,"10":0.098421894,"11":0.0984226391,"12":0.0984217897,"13":0.0984218121,"14":0.0984216109,"15":0.0984221548,"16":0.0984227061,"17":0.0984211192,"18":0.0984217972,"19":0.098421894,"20":0.0984221101,"21":0.0984219536,"22":0.0984214842},"mean_squared_error":{"0":0.371155709,"1":0.3831430376,"2":0.3831458092,"3":0.383146137,"4":0.3831461966,"5":0.383145839,"6":0.3831473887,"7":0.383145839,"8":0.3831449747,"9":0.3831462264,"10":0.3831475675,"11":0.3831475675,"12":0.3831452131,"13":0.38314569,"14":0.383146137,"15":0.3831475973,"16":0.383148104,"17":0.3831427693,"18":0.38314569,"19":0.3831448555,"20":0.3831469715,"21":0.3831465542,"22":0.3831464052},"val_loss":{"0":0.1739789397,"1":0.1739756018,"2":0.1739733219,"3":0.1740238369,"4":0.1740450263,"5":0.1739895046,"6":0.1740148365,"7":0.1739903986,"8":0.1740090549,"9":0.1740294099,"10":0.1739897728,"11":0.1739857197,"12":0.1739707738,"13":0.1740345806,"14":0.1740446091,"15":0.1739939749,"16":0.1739931703,"17":0.1740002334,"18":0.1739958972,"19":0.1740074903,"20":0.1740009189,"21":0.1739869714,"22":0.1740054935},"val_mean_squared_logarithmic_error":{"0":0.0751915872,"1":0.0751992241,"2":0.0751964748,"3":0.0751835778,"4":0.0751774609,"5":0.0751920566,"6":0.0752008036,"7":0.0751935095,"8":0.0752040148,"9":0.0751800686,"10":0.0751980469,"11":0.0751832351,"12":0.0751936138,"13":0.0751884803,"14":0.0751771182,"15":0.0751948282,"16":0.0751913413,"17":0.0752003863,"18":0.0751848742,"19":0.0751905218,"20":0.0752028152,"21":0.0751888007,"22":0.0752016529},"val_mean_squared_error":{"0":0.2393138856,"1":0.2393160611,"2":0.2393301427,"3":0.23930417,"4":0.239280656,"5":0.23930116,"6":0.2393289655,"7":0.2393244505,"8":0.2393503785,"9":0.239296779,"10":0.239326179,"11":0.2393004298,"12":0.2393182367,"13":0.2392917722,"14":0.2392866462,"15":0.239326492,"16":0.2393198907,"17":0.2393236309,"18":0.2393140942,"19":0.2393068224,"20":0.2393188179,"21":0.2392942607,"22":0.2393290699}}