{"loss":{"0":0.0218461398,"1":0.0218044557,"2":0.0217510201,"3":0.0217363331,"4":0.0216747317,"5":0.0216725245,"6":0.0216188505,"7":0.0216180738,"8":0.0215382967,"9":0.0215287041,"10":0.0214920007,"11":0.0214323588,"12":0.0214224383,"13":0.0213656761,"14":0.0212997328,"15":0.0213110093,"16":0.0212019961},"mean_squared_logarithmic_error":{"0":0.0046366374,"1":0.00464804,"2":0.0046605263,"3":0.0046622809,"4":0.0046629747,"5":0.0046674176,"6":0.0046648607,"7":0.0046618325,"8":0.0046595954,"9":0.0046650521,"10":0.0046601198,"11":0.0046597859,"12":0.0046590543,"13":0.0046571828,"14":0.0046549099,"15":0.0046533169,"16":0.0046517728},"mean_squared_error":{"0":0.019057462,"1":0.019032428,"2":0.0190954264,"3":0.0191080645,"4":0.0190097503,"5":0.019005103,"6":0.0189975891,"7":0.0189847518,"8":0.0189590361,"9":0.0194413383,"10":0.0189500451,"11":0.0194594823,"12":0.0189174805,"13":0.0192621443,"14":0.0189009905,"15":0.0189069826,"16":0.0188756529},"sMAPE":{"0":0.0235757809,"1":0.023722278,"2":0.0236735661,"3":0.0237307977,"4":0.0236560311,"5":0.0237099398,"6":0.0236570444,"7":0.0236645695,"8":0.0235492755,"9":0.0235808417,"10":0.0235887207,"11":0.023538135,"12":0.0234781951,"13":0.0234310739,"14":0.0233894009,"15":0.0234232154,"16":0.0232459903},"R_squared":{"0":0.9696316123,"1":0.9696612358,"2":0.9695734382,"3":0.9695647955,"4":0.9696982503,"5":0.9697127938,"6":0.9697269201,"7":0.9697465897,"8":0.969776988,"9":0.9690083861,"10":0.969802618,"11":0.9689913988,"12":0.9698325396,"13":0.9693268538,"14":0.9698795676,"15":0.9698603749,"16":0.9699175358},"val_loss":{"0":0.0127706341,"1":0.0124231111,"2":0.0124110598,"3":0.0123720141,"4":0.0125661567,"5":0.0122338859,"6":0.0121087926,"7":0.0122485906,"8":0.0125252688,"9":0.0121378358,"10":0.0126341451,"11":0.012155924,"12":0.0126896976,"13":0.0121890651,"14":0.0121593298,"15":0.0126100229,"16":0.0121801235},"val_mean_squared_logarithmic_error":{"0":0.0031665701,"1":0.0032397925,"2":0.0031939899,"3":0.0032442773,"4":0.0032059003,"5":0.0031757466,"6":0.0031543737,"7":0.0031169048,"8":0.0032246732,"9":0.003146078,"10":0.0031644921,"11":0.0031791716,"12":0.0031530911,"13":0.003172487,"14":0.0031820717,"15":0.0031875286,"16":0.0031489229},"val_mean_squared_error":{"0":0.0133059155,"1":0.0121855494,"2":0.0132614467,"3":0.0136064067,"4":0.0131665813,"5":0.0118144322,"6":0.012117424,"7":0.0126988422,"8":0.0133598661,"9":0.0127510913,"10":0.0205896515,"11":0.0125586167,"12":0.0148437703,"13":0.0147198783,"14":0.0139292208,"15":0.0134357186,"16":0.0150475511},"val_sMAPE":{"0":0.0163183976,"1":0.0156980213,"2":0.016087696,"3":0.0157764927,"4":0.0160256941,"5":0.0157060735,"6":0.0155074829,"7":0.0160539877,"8":0.0160222221,"9":0.0155777633,"10":0.0162481815,"11":0.0154490247,"12":0.0164798778,"13":0.0158546679,"14":0.0155399814,"15":0.0164322611,"16":0.0155483373},"val_R_squared":{"0":0.9604753256,"1":0.9626176357,"2":0.9605163932,"3":0.9597605467,"4":0.9607797861,"5":0.9638320804,"6":0.9632132649,"7":0.9619627595,"8":0.9604754448,"9":0.9620232582,"10":0.9451254606,"11":0.9623476863,"12":0.957559526,"13":0.9578714967,"14":0.9595377445,"15":0.960591197,"16":0.9572687149}}