{"loss":{"0":0.0146890832,"1":0.0140493363,"2":0.0139973983,"3":0.0139113152,"4":0.0139183421,"5":0.0138884233,"6":0.0138683207,"7":0.0138193108,"8":0.0138392951,"9":0.0138545716,"10":0.0138093308,"11":0.0137634808,"12":0.0138056288,"13":0.013770299,"14":0.0137728471,"15":0.0137609951,"16":0.0137479436,"17":0.0137158521,"18":0.0137009276,"19":0.0137016438,"20":0.0137323057,"21":0.0136705246,"22":0.0136466976,"23":0.0136583587,"24":0.0136729544,"25":0.0136251673,"26":0.0136557044,"27":0.0135779539,"28":0.0136466585,"29":0.0135963932,"30":0.0136667732,"31":0.013595202,"32":0.0135914665,"33":0.0135797365,"34":0.0135912709,"35":0.0135689741,"36":0.0136174429},"mean_squared_logarithmic_error":{"0":0.0040380303,"1":0.0040200436,"2":0.0040162615,"3":0.0040125162,"4":0.0040099151,"5":0.0040074443,"6":0.0040045138,"7":0.0040006978,"8":0.0039972961,"9":0.0039949836,"10":0.0039910246,"11":0.0039899889,"12":0.0039893934,"13":0.0039908369,"14":0.0039905692,"15":0.0039891228,"16":0.0039897431,"17":0.0039883628,"18":0.0039883051,"19":0.0039875018,"20":0.0039900551,"21":0.0039876318,"22":0.003987072,"23":0.0039867787,"24":0.0039877845,"25":0.0039866711,"26":0.0039874413,"27":0.0039880401,"28":0.0039868988,"29":0.0039862674,"30":0.003987398,"31":0.0039871661,"32":0.003986971,"33":0.0039877514,"34":0.0039871382,"35":0.0039873156,"36":0.0039869705},"mean_squared_error":{"0":0.0148699135,"1":0.0146162789,"2":0.0145731615,"3":0.01455105,"4":0.0145454295,"5":0.0145408632,"6":0.0145910503,"7":0.0145268906,"8":0.0145253632,"9":0.0145339211,"10":0.0145462034,"11":0.0145380273,"12":0.0145525038,"13":0.0146897761,"14":0.0145482402,"15":0.0145301921,"16":0.0145317437,"17":0.0145343598,"18":0.0145188347,"19":0.0145045975,"20":0.0145750241,"21":0.0145034781,"22":0.0144944396,"23":0.0145055382,"24":0.0144999716,"25":0.0144969951,"26":0.014496292,"27":0.0145101482,"28":0.0145320343,"29":0.0144881168,"30":0.0144962352,"31":0.0144920191,"32":0.0144885723,"33":0.0145195881,"34":0.0144920023,"35":0.014486366,"36":0.0144851403},"sMAPE":{"0":0.0188169796,"1":0.0177614745,"2":0.0176335741,"3":0.0175642315,"4":0.0175692886,"5":0.0175547823,"6":0.0175288208,"7":0.0175071526,"8":0.0175224133,"9":0.0175553057,"10":0.0175208729,"11":0.0174500942,"12":0.0175337177,"13":0.0174574163,"14":0.0175194517,"15":0.0174558945,"16":0.0174471159,"17":0.0174490735,"18":0.0174258091,"19":0.0174261481,"20":0.017487796,"21":0.0173942801,"22":0.017377872,"23":0.0174173936,"24":0.0174225289,"25":0.0173883382,"26":0.0173961017,"27":0.0172885899,"28":0.0174032748,"29":0.017341489,"30":0.0174245015,"31":0.0173450429,"32":0.0173308458,"33":0.0173056852,"34":0.0173608381,"35":0.017343143,"36":0.0173994601},"R_squared":{"0":0.9707180858,"1":0.9712085724,"2":0.9713003635,"3":0.9713327885,"4":0.9713551998,"5":0.9713647366,"6":0.9712696671,"7":0.9714000821,"8":0.9713850021,"9":0.9713783264,"10":0.9713380933,"11":0.9713740945,"12":0.9713323712,"13":0.9710938334,"14":0.9713429809,"15":0.971391201,"16":0.9714030027,"17":0.9713844657,"18":0.9714012146,"19":0.971419096,"20":0.9712958336,"21":0.9714355469,"22":0.9714612365,"23":0.9714358449,"24":0.9714379311,"25":0.9714324474,"26":0.9714622498,"27":0.9714195728,"28":0.9713814259,"29":0.971462667,"30":0.9714377522,"31":0.9714608788,"32":0.9714525342,"33":0.9713951349,"34":0.9714544415,"35":0.9714794755,"36":0.9714747667},"val_loss":{"0":0.0093716867,"1":0.0096740844,"2":0.0097629623,"3":0.0093856379,"4":0.009686105,"5":0.0096134655,"6":0.0097113242,"7":0.0094461292,"8":0.0095216362,"9":0.009294726,"10":0.0093922056,"11":0.0093257651,"12":0.0096609257,"13":0.0097458838,"14":0.0091114836,"15":0.0093231732,"16":0.0090281786,"17":0.0093926443,"18":0.0091554318,"19":0.0094643505,"20":0.0092508169,"21":0.0093000289,"22":0.009380497,"23":0.0089648757,"24":0.0093848845,"25":0.0092074769,"26":0.0089381365,"27":0.0091109313,"28":0.0093207778,"29":0.0092103425,"30":0.0094612641,"31":0.0091113159,"32":0.0092214523,"33":0.0089687435,"34":0.0091068428,"35":0.0095371008,"36":0.0089765694},"val_mean_squared_logarithmic_error":{"0":0.0030216756,"1":0.0030343286,"2":0.0030271341,"3":0.0029867976,"4":0.0029897275,"5":0.0029826765,"6":0.002937502,"7":0.0029686552,"8":0.0029713062,"9":0.0028571989,"10":0.0028374325,"11":0.0028671706,"12":0.0028719003,"13":0.002905756,"14":0.0029043662,"15":0.0029106049,"16":0.0028506117,"17":0.0029065979,"18":0.0028564772,"19":0.0028891426,"20":0.0028560115,"21":0.00286423,"22":0.0028529358,"23":0.0028670777,"24":0.0028670577,"25":0.002869946,"26":0.0028586257,"27":0.0028558832,"28":0.0029139258,"29":0.0028602905,"30":0.0029233608,"31":0.0028729017,"32":0.0028729755,"33":0.0028633655,"34":0.0028987546,"35":0.0028594697,"36":0.0028690514},"val_mean_squared_error":{"0":0.0103011904,"1":0.0125814853,"2":0.0121099232,"3":0.0112210205,"4":0.011958045,"5":0.0123889046,"6":0.014044459,"7":0.0132543407,"8":0.014793844,"9":0.0121425828,"10":0.0132324593,"11":0.0122004263,"12":0.0190824922,"13":0.0109702013,"14":0.0110926693,"15":0.0108442372,"16":0.0119407363,"17":0.0107869171,"18":0.0113455039,"19":0.0108999964,"20":0.0108092707,"21":0.0111570787,"22":0.0108399345,"23":0.0112975333,"24":0.011255593,"25":0.0131444959,"26":0.0123225395,"27":0.0099909008,"28":0.0101218037,"29":0.0127707105,"30":0.0123426104,"31":0.012412224,"32":0.0123045575,"33":0.0113531314,"34":0.0110060135,"35":0.0108931707,"36":0.0114781205},"val_sMAPE":{"0":0.0132629117,"1":0.0136680892,"2":0.0138617251,"3":0.0131396782,"4":0.0135779856,"5":0.0137051167,"6":0.0137929209,"7":0.0132236127,"8":0.0134541625,"9":0.0133402739,"10":0.0135764889,"11":0.0133017348,"12":0.0135236364,"13":0.0138799213,"14":0.0129982447,"15":0.0133763729,"16":0.0129163889,"17":0.0132003967,"18":0.0131034385,"19":0.0134060597,"20":0.0136277582,"21":0.0130289784,"22":0.0137320366,"23":0.0131178163,"24":0.0137313074,"25":0.0133002326,"26":0.0127897337,"27":0.0132359909,"28":0.0132027715,"29":0.0133278267,"30":0.013225982,"31":0.0130322287,"32":0.0132271312,"33":0.0128212087,"34":0.0129206041,"35":0.0137485573,"36":0.0128203174},"val_R_squared":{"0":0.9642266631,"1":0.9595941901,"2":0.9606029391,"3":0.9626713395,"4":0.9611884952,"5":0.96036309,"6":0.9573352337,"7":0.9587470889,"8":0.9556327462,"9":0.9614630342,"10":0.9591951966,"11":0.9612970352,"12":0.9472424388,"13":0.9636397958,"14":0.9634106159,"15":0.9638604522,"16":0.9616686106,"17":0.96398139,"18":0.9629331231,"19":0.9637647867,"20":0.9638370872,"21":0.9632303715,"22":0.9637705684,"23":0.9629899859,"24":0.9630427957,"25":0.9592585564,"26":0.9609937668,"27":0.9655287266,"28":0.9652955532,"29":0.9598376751,"30":0.9607729912,"31":0.9607585073,"32":0.9609264135,"33":0.9627948999,"34":0.9635419846,"35":0.9636213779,"36":0.9625999331}}