{"loss":{"0":0.343934685,"1":0.3376584053,"2":0.3376564384,"3":0.3376582265,"4":0.3376571238,"5":0.3376582563,"6":0.3376584351,"7":0.3376542926,"8":0.3376554251,"9":0.3376582265,"10":0.3376529813,"11":0.3376574516},"mean_squared_logarithmic_error":{"0":0.145079881,"1":0.1420499086,"2":0.142050311,"3":0.142051518,"4":0.1420510113,"5":0.1420515925,"6":0.1420497596,"7":0.1420521438,"8":0.1420513541,"9":0.142049998,"10":0.1420523673,"11":0.1420508325},"mean_squared_error":{"0":0.6238330603,"1":0.6220610142,"2":0.6220619678,"3":0.622064054,"4":0.6220626831,"5":0.6220632195,"6":0.6220604777,"7":0.6220632792,"8":0.6220629215,"9":0.6220611334,"10":0.622064054,"11":0.622061491},"val_loss":{"0":0.2426752597,"1":0.2426241487,"2":0.2426881343,"3":0.2426477671,"4":0.2426960468,"5":0.2427330315,"6":0.242653057,"7":0.2426513433,"8":0.2426337749,"9":0.242659077,"10":0.2426712513,"11":0.2426814139},"val_mean_squared_logarithmic_error":{"0":0.1067962423,"1":0.1068197116,"2":0.1068325564,"3":0.1068175659,"4":0.1067929864,"5":0.1067860648,"6":0.1068116128,"7":0.1068191156,"8":0.1068306938,"9":0.1067992002,"10":0.106816344,"11":0.1068118289},"val_mean_squared_error":{"0":0.3697862327,"1":0.3698096573,"2":0.3698733747,"3":0.3698234558,"4":0.3697716892,"5":0.3697811067,"6":0.3697960675,"7":0.3698218763,"8":0.3698506653,"9":0.3697686791,"10":0.369830817,"11":0.3698242903}}