{"loss":{"0":0.2732076347,"1":0.2722065747,"2":0.272074759,"3":0.2720684707,"4":0.2720721662,"5":0.2720735073,"6":0.2720680535,"7":0.2720716298,"8":0.2720689476,"9":0.2720697224,"10":0.2720676661,"11":0.2720700502,"12":0.2720718086,"13":0.2720746398,"14":0.2720719874,"15":0.2720717192,"16":0.2720711529,"17":0.2720708847},"mean_squared_logarithmic_error":{"0":0.1151737943,"1":0.1150522307,"2":0.1158294454,"3":0.1158342585,"4":0.115833804,"5":0.1158342957,"6":0.1158345938,"7":0.1158349589,"8":0.1158358604,"9":0.1158351377,"10":0.1158362255,"11":0.1158348471,"12":0.1158320531,"13":0.1158330739,"14":0.1158324108,"15":0.1158350781,"16":0.1158348545,"17":0.1158342212},"mean_squared_error":{"0":0.4512845576,"1":0.4905321896,"2":0.5000298619,"3":0.5000624657,"4":0.5000602603,"5":0.5000712872,"6":0.5000671148,"7":0.500064373,"8":0.5000706911,"9":0.5000746846,"10":0.5000786781,"11":0.5000686646,"12":0.500048697,"13":0.5000656843,"14":0.5000510216,"15":0.5000730753,"16":0.5000632405,"17":0.5000625849},"val_loss":{"0":0.1864546388,"1":0.174001947,"2":0.1740435362,"3":0.1739962548,"4":0.1739604622,"5":0.1740015149,"6":0.1739665568,"7":0.1739326417,"8":0.1740847081,"9":0.1739605665,"10":0.1739801913,"11":0.1740244925,"12":0.1740069389,"13":0.1740032583,"14":0.1740345955,"15":0.1739339978,"16":0.1739402115,"17":0.1739699692},"val_mean_squared_logarithmic_error":{"0":0.0806434378,"1":0.0757632703,"2":0.0757721066,"3":0.0757628903,"4":0.075764969,"5":0.0757472217,"6":0.0757575631,"7":0.075748466,"8":0.0757190064,"9":0.0757526308,"10":0.0757563934,"11":0.0757717341,"12":0.0757651255,"13":0.0757631063,"14":0.0757414103,"15":0.0757624134,"16":0.0757623389,"17":0.0757549331},"val_mean_squared_error":{"0":0.2522227764,"1":0.246999234,"2":0.2470138371,"3":0.2470084727,"4":0.2470481098,"5":0.2469925284,"6":0.2470305562,"7":0.2470352054,"8":0.2469567209,"9":0.2470145077,"10":0.2470370233,"11":0.2470034808,"12":0.2469948679,"13":0.24700284,"14":0.2469755113,"15":0.2470288426,"16":0.2470580935,"17":0.2470194548}}