{"loss":{"0":0.2949303687,"1":0.2939341664,"2":0.2923606336,"3":0.2919215858,"4":0.291919589,"5":0.291919589,"6":0.2919204533,"7":0.2919186354,"8":0.2919202149,"9":0.2919231057,"10":0.2919228971},"mean_squared_logarithmic_error":{"0":0.1266365498,"1":0.1244959533,"2":0.1265040785,"3":0.1277124733,"4":0.1276535243,"5":0.1276092082,"6":0.1276402622,"7":0.1276183426,"8":0.1276208162,"9":0.1276782751,"10":0.1276108921},"mean_squared_error":{"0":0.5945873857,"1":0.5595023036,"2":0.5365740657,"3":0.5355252624,"4":0.5354216099,"5":0.5353415608,"6":0.5353969932,"7":0.5353584886,"8":0.5353625417,"9":0.5354652405,"10":0.5353462696},"val_loss":{"0":0.2171768993,"1":0.2265756428,"2":0.2357444614,"3":0.2358480096,"4":0.2357967049,"5":0.2357989252,"6":0.2358226478,"7":0.2357542664,"8":0.2357477546,"9":0.2358341217,"10":0.2357998639},"val_mean_squared_logarithmic_error":{"0":0.0939142406,"1":0.0994140804,"2":0.1076929867,"3":0.1075679138,"4":0.1077187136,"5":0.1076528654,"6":0.1074551493,"7":0.1078732535,"8":0.1078546569,"9":0.107363306,"10":0.1079492271},"val_mean_squared_error":{"0":0.3571603894,"1":0.3625266254,"2":0.3949207962,"3":0.3947606683,"4":0.3950408101,"5":0.3949040771,"6":0.3945671022,"7":0.3951903582,"8":0.3951327801,"9":0.3943702281,"10":0.395426631}}