{"loss":{"0":0.1099520102,"1":0.1091175899,"2":0.1087488011,"3":0.108489953,"4":0.1081666052,"5":0.1079385281,"6":0.1077108309,"7":0.1076492965,"8":0.1075749248,"9":0.1074726358,"10":0.1073810831,"11":0.1073664203,"12":0.1073229983,"13":0.1072221771,"14":0.1070802584,"15":0.1070596501,"16":0.1070155501,"17":0.1069079563,"18":0.1068768725,"19":0.1068856791,"20":0.1068243831,"21":0.1066525504,"22":0.106640093,"23":0.1066275537,"24":0.1065076143,"25":0.1065434292,"26":0.106452316,"27":0.1063995957,"28":0.1063692272,"29":0.1062766761,"30":0.1064154804,"31":0.1061793789,"32":0.1061693802,"33":0.1061304584,"34":0.1060228869,"35":0.1061811224,"36":0.1060313582,"37":0.105962418,"38":0.1059893146,"39":0.1059292257,"40":0.1058576927,"41":0.1059867442,"42":0.1058226302,"43":0.1057148054,"44":0.1057571024},"mean_squared_logarithmic_error":{"0":0.0238674805,"1":0.0237922277,"2":0.0237602573,"3":0.0237527769,"4":0.0237335302,"5":0.0237109866,"6":0.0236984473,"7":0.0236917473,"8":0.0236854274,"9":0.0236707292,"10":0.02365667,"11":0.023663085,"12":0.0236669388,"13":0.0236473903,"14":0.0236447621,"15":0.023635041,"16":0.023618402,"17":0.0236083586,"18":0.0236096308,"19":0.0236169361,"20":0.0236221366,"21":0.023585679,"22":0.0235872157,"23":0.023598833,"24":0.0235682223,"25":0.0235845186,"26":0.0235722642,"27":0.0235671159,"28":0.0235900786,"29":0.0235700216,"30":0.0235938691,"31":0.0235616714,"32":0.0235478114,"33":0.0235419534,"34":0.0235423502,"35":0.023549905,"36":0.0235349834,"37":0.0235212632,"38":0.0235415567,"39":0.0235443376,"40":0.0235089324,"41":0.0236068964,"42":0.0235427264,"43":0.02351976,"44":0.0235095508},"mean_squared_error":{"0":12.6392688751,"1":8.4324913025,"2":5.568836689,"3":2.8622369766,"4":1.1815521717,"5":0.2598199844,"6":0.1149577722,"7":0.1073497608,"8":0.10777767,"9":0.1082576811,"10":0.1115494817,"11":0.1084107161,"12":0.1095083877,"13":0.1289758086,"14":0.1103067696,"15":0.1054126471,"16":0.1057011336,"17":0.1044166088,"18":0.1047955975,"19":0.1055827141,"20":0.1075976193,"21":0.1042642072,"22":0.1046739742,"23":0.1049555838,"24":0.1054379418,"25":0.1052580401,"26":0.1042957976,"27":0.1025570408,"28":0.1025820151,"29":0.1027242094,"30":0.1045588031,"31":0.101341188,"32":0.1021287367,"33":0.1243427098,"34":0.1042074785,"35":0.1054584235,"36":0.107710816,"37":0.1014667526,"38":0.1273338348,"39":0.1026425883,"40":0.1023538336,"41":0.1069284081,"42":0.1012370512,"43":0.1024194881,"44":0.1052469909},"sMAPE":{"0":0.1286289394,"1":0.1280435324,"2":0.1278112233,"3":0.1277607083,"4":0.1275488585,"5":0.1274712235,"6":0.127298981,"7":0.1272707433,"8":0.1271401495,"9":0.1270740777,"10":0.1269485205,"11":0.1269249022,"12":0.1268559694,"13":0.1267432868,"14":0.1265924275,"15":0.1265878379,"16":0.1265782863,"17":0.1264442056,"18":0.1264256239,"19":0.1263812929,"20":0.126241371,"21":0.1261659712,"22":0.1261274517,"23":0.1260593981,"24":0.1259171814,"25":0.1259447932,"26":0.1258583516,"27":0.1258087158,"28":0.1257517487,"29":0.1255976558,"30":0.1257013828,"31":0.1255146712,"32":0.1255240142,"33":0.1253761053,"34":0.1253118366,"35":0.1254513562,"36":0.125274688,"37":0.1252814233,"38":0.1251753718,"39":0.125162065,"40":0.1250753999,"41":0.1250545233,"42":0.1249849126,"43":0.1249055117,"44":0.1249255165},"R_squared":{"0":-10.3840837479,"1":-6.4504752159,"2":-3.9864747524,"3":-1.4255130291,"4":-0.0588584878,"5":0.7694206834,"6":0.8981303573,"7":0.9049994349,"8":0.9043664336,"9":0.904304564,"10":0.9014005065,"11":0.9042785168,"12":0.9031691551,"13":0.8876315951,"14":0.9025571346,"15":0.9067754149,"16":0.9064524174,"17":0.9077092409,"18":0.9076036811,"19":0.906968534,"20":0.9046087861,"21":0.9085107446,"22":0.9073793888,"23":0.9069635272,"24":0.9065372944,"25":0.906778872,"26":0.9075384736,"27":0.908868134,"28":0.9095162153,"29":0.9091394544,"30":0.9075968266,"31":0.9104632139,"32":0.9092683196,"33":0.891471684,"34":0.9078785181,"35":0.906732142,"36":0.9039206505,"37":0.9101812243,"38":0.8850369453,"39":0.9092163444,"40":0.9093164802,"41":0.9050759673,"42":0.9104303122,"43":0.909301281,"44":0.9066717029},"val_loss":{"0":0.0729534477,"1":0.073633045,"2":0.0734726712,"3":0.0732269362,"4":0.073454164,"5":0.0733642355,"6":0.0742456466,"7":0.0737954006,"8":0.0727488473,"9":0.0735683143,"10":0.0727644265,"11":0.0726425871,"12":0.0740509555,"13":0.0732408911,"14":0.0731933787,"15":0.0728087276,"16":0.0729845688,"17":0.0726700127,"18":0.0725408345,"19":0.072381936,"20":0.0730089545,"21":0.0731224194,"22":0.0727381855,"23":0.0731280372,"24":0.0722100213,"25":0.0723216534,"26":0.0722630471,"27":0.0726083666,"28":0.073589012,"29":0.0735974014,"30":0.0725589097,"31":0.0725332424,"32":0.0723426864,"33":0.072360225,"34":0.0720330253,"35":0.072552979,"36":0.0728593618,"37":0.0725658089,"38":0.0721371844,"39":0.0723801628,"40":0.0722536296,"41":0.0725259781,"42":0.0729405731,"43":0.0722286329,"44":0.0721529499},"val_mean_squared_logarithmic_error":{"0":0.0163872652,"1":0.0164716206,"2":0.0164730623,"3":0.0163908713,"4":0.0164134596,"5":0.0165193472,"6":0.0165166184,"7":0.0164346229,"8":0.0163930785,"9":0.0165081006,"10":0.0163735505,"11":0.0164367706,"12":0.0165493544,"13":0.0165705066,"14":0.0164173376,"15":0.016410416,"16":0.0163716879,"17":0.0163787659,"18":0.016473582,"19":0.0163362268,"20":0.016442284,"21":0.0164257474,"22":0.0166142248,"23":0.0164708067,"24":0.0163527876,"25":0.0163369328,"26":0.0164302476,"27":0.0164676756,"28":0.0165549852,"29":0.0165180173,"30":0.0164805111,"31":0.0163797792,"32":0.0164194666,"33":0.016401317,"34":0.0163468644,"35":0.0164293256,"36":0.0164552666,"37":0.0164172947,"38":0.0164603703,"39":0.0164508335,"40":0.0163716432,"41":0.0164634641,"42":0.0164622553,"43":0.0164104477,"44":0.0163986888},"val_mean_squared_error":{"0":0.0894772485,"1":0.0978780985,"2":0.1051836535,"3":0.106222339,"4":0.1064464897,"5":0.1112447605,"6":0.1063982844,"7":0.1015415788,"8":0.1062191352,"9":0.1084729359,"10":0.1048853248,"11":0.104067415,"12":0.1073113531,"13":0.1050820723,"14":0.1059387028,"15":0.1092452034,"16":0.1090307608,"17":0.1057946756,"18":0.09990374,"19":0.1024302468,"20":0.1140281782,"21":0.1094257683,"22":0.1012931764,"23":0.1014359593,"24":0.1068632603,"25":0.1065404266,"26":0.1034260392,"27":0.1054484546,"28":0.1069169417,"29":0.1005287394,"30":0.1087461263,"31":0.114177227,"32":0.112374261,"33":0.1084386259,"34":0.1070339605,"35":0.118944861,"36":0.1179608405,"37":0.1493611634,"38":0.1055464596,"39":0.1092245728,"40":0.1159497127,"41":0.1252191216,"42":0.1194377765,"43":0.1306819171,"44":0.1407675594},"val_sMAPE":{"0":0.0936812386,"1":0.0946866944,"2":0.094839029,"3":0.094589062,"4":0.0945409313,"5":0.0941819623,"6":0.0959255472,"7":0.0950405151,"8":0.0936072469,"9":0.0950599387,"10":0.0936393067,"11":0.0936351493,"12":0.0957895964,"13":0.0944175199,"14":0.0945146903,"15":0.0942409262,"16":0.0938462615,"17":0.0933225825,"18":0.092867054,"19":0.0934301466,"20":0.0938103646,"21":0.0947817191,"22":0.0933364108,"23":0.0945400521,"24":0.0925582349,"25":0.093410112,"26":0.0926373526,"27":0.0933760777,"28":0.0942968056,"29":0.0953530893,"30":0.0932048559,"31":0.0930675492,"32":0.093266733,"33":0.0932870284,"34":0.0928090811,"35":0.0928672329,"36":0.0941454843,"37":0.0933715403,"38":0.092360571,"39":0.0932335034,"40":0.0925945565,"41":0.0926120356,"42":0.0936599299,"43":0.0922871828,"44":0.0928066447},"val_R_squared":{"0":0.855245471,"1":0.8411777616,"2":0.8293076754,"3":0.8277842402,"4":0.8287335634,"5":0.821521759,"6":0.8288726211,"7":0.8379335403,"8":0.8290772438,"9":0.826674819,"10":0.8325341344,"11":0.8339155912,"12":0.8282799125,"13":0.8329710364,"14":0.8319780827,"15":0.8272072077,"16":0.8260766268,"17":0.8324304223,"18":0.841940999,"19":0.8383339643,"20":0.8177193999,"21":0.8264417648,"22":0.8396703005,"23":0.8413472176,"24":0.8310554028,"25":0.8325987458,"26":0.8375578523,"27":0.8347244263,"28":0.8341023922,"29":0.8423578143,"30":0.8305125237,"31":0.8185754418,"32":0.8236499429,"33":0.8305135965,"34":0.8337242007,"35":0.812263906,