{"loss":{"0":0.0075915684,"1":0.007559869,"2":0.0077024256,"3":0.007685509,"4":0.0076776659,"5":0.007682242,"6":0.0076776473,"7":0.0076674339,"8":0.0076421467,"9":0.0075983149,"10":0.0076301293,"11":0.0075951223,"12":0.0075954525,"13":0.0076079494},"mean_squared_logarithmic_error":{"0":0.0023546859,"1":0.0023404844,"2":0.002342782,"3":0.0023437394,"4":0.0023446819,"5":0.0023448314,"6":0.002345525,"7":0.0023464737,"8":0.0023469764,"9":0.002347308,"10":0.0023484156,"11":0.0023495744,"12":0.0023501567,"13":0.0023513467},"mean_squared_error":{"0":0.0071165534,"1":0.0069494592,"2":0.006955564,"3":0.0069541042,"4":0.006959158,"5":0.0069699609,"6":0.0069615259,"7":0.0069807619,"8":0.0069679003,"9":0.0069649303,"10":0.0069616162,"11":0.0069739441,"12":0.0069673755,"13":0.0069792862},"sMAPE":{"0":0.0114997262,"1":0.011477951,"2":0.0117489677,"3":0.0117725572,"4":0.0117777549,"5":0.0117902085,"6":0.0117695201,"7":0.0117653413,"8":0.0117056947,"9":0.0116616776,"10":0.0116931889,"11":0.0116679119,"12":0.0116446055,"13":0.0116317132},"R_squared":{"0":0.9654496908,"1":0.966196537,"2":0.9661714435,"3":0.9661729932,"4":0.9661720991,"5":0.9661001563,"6":0.9661530256,"7":0.9660323858,"8":0.9661328793,"9":0.9661318064,"10":0.9661419988,"11":0.9660686851,"12":0.9661257863,"13":0.9660527706},"val_loss":{"0":0.0053231106,"1":0.0053567435,"2":0.0052881222,"3":0.0052769338,"4":0.0052825706,"5":0.0053994581,"6":0.0053327726,"7":0.0054866606,"8":0.0053968057,"9":0.0052992818,"10":0.0053832605,"11":0.0053501991,"12":0.0054029571,"13":0.0054023354},"val_mean_squared_logarithmic_error":{"0":0.0017163921,"1":0.0017066533,"2":0.00170474,"3":0.0017152656,"4":0.0017120542,"5":0.001711748,"6":0.0017168469,"7":0.0017222862,"8":0.0017151731,"9":0.0017135666,"10":0.0017054036,"11":0.0017253668,"12":0.0017207478,"13":0.0017159561},"val_mean_squared_error":{"0":0.005617064,"1":0.0054248506,"2":0.004735765,"3":0.0047003757,"4":0.0049358439,"5":0.004620919,"6":0.007852749,"7":0.0047131162,"8":0.0052840961,"9":0.0048532104,"10":0.0048412257,"11":0.0061000902,"12":0.0053810435,"13":0.0068118945},"val_sMAPE":{"0":0.0092259757,"1":0.00917874,"2":0.0093468288,"3":0.009318864,"4":0.0093091307,"5":0.0093504433,"6":0.0092036584,"7":0.009465917,"8":0.0095427856,"9":0.0093009863,"10":0.0094313603,"11":0.0091429818,"12":0.0093200142,"13":0.0092406245},"val_R_squared":{"0":0.9522438645,"1":0.9536782503,"2":0.9585231543,"3":0.9587014318,"4":0.9570646882,"5":0.9592611194,"6":0.936639607,"7":0.958488524,"8":0.9544679523,"9":0.9574965239,"10":0.957621634,"11":0.9487335086,"12":0.9537782669,"13":0.943751514}}