{"loss":{"0":0.0269437172,"1":0.025753893,"2":0.0256240591,"3":0.0254957508,"4":0.0254510622,"5":0.0253119636,"6":0.0253148973,"7":0.0252857357,"8":0.0252750926,"9":0.0251631718,"10":0.0251307841,"11":0.0250617601,"12":0.0250999928,"13":0.025030138,"14":0.025113944,"15":0.0248536021,"16":0.0250633154,"17":0.0249150135,"18":0.0248594731,"19":0.0249356776,"20":0.0247898195,"21":0.0247309301,"22":0.0248738062,"23":0.0246703755,"24":0.0247509591},"mean_squared_logarithmic_error":{"0":0.0054627047,"1":0.0054145488,"2":0.0054025212,"3":0.005390116,"4":0.0053795306,"5":0.0053685731,"6":0.0053600692,"7":0.0053465357,"8":0.0053240657,"9":0.0052912887,"10":0.0052417503,"11":0.0051733358,"12":0.005117388,"13":0.0050914753,"14":0.0050766109,"15":0.0050659641,"16":0.0050566006,"17":0.0050440971,"18":0.0050418763,"19":0.0050344029,"20":0.0050250725,"21":0.0050205686,"22":0.0050193258,"23":0.005012522,"24":0.0050125807},"mean_squared_error":{"0":0.0258644335,"1":0.025083486,"2":0.0250645839,"3":0.0249586795,"4":0.0251038205,"5":0.0247863159,"6":0.0251803007,"7":0.0248812046,"8":0.0246296618,"9":0.024501618,"10":0.0243599396,"11":0.0242667627,"12":0.0240389332,"13":0.0239467975,"14":0.0238934122,"15":0.0239409767,"16":0.0238049775,"17":0.0239881463,"18":0.0238473732,"19":0.0237275865,"20":0.0236607846,"21":0.0236670729,"22":0.0236391779,"23":0.0236050803,"24":0.0235952139},"sMAPE":{"0":0.028963929,"1":0.0267234314,"2":0.0265073329,"3":0.0264724456,"4":0.0264811944,"5":0.0262600109,"6":0.0263607297,"7":0.0262577571,"8":0.0263732411,"9":0.0261920821,"10":0.0263181981,"11":0.0262524616,"12":0.0263323765,"13":0.0263607726,"14":0.0263895467,"15":0.0262082424,"16":0.0264427122,"17":0.026295444,"18":0.0262202062,"19":0.026359573,"20":0.0262390915,"21":0.0261409935,"22":0.0263384469,"23":0.0261264946,"24":0.0262299124},"R_squared":{"0":0.9684194326,"1":0.9693840742,"2":0.969367981,"3":0.9695209861,"4":0.9693135023,"5":0.9697256684,"6":0.9693024158,"7":0.9696244001,"8":0.969933331,"9":0.9700895548,"10":0.970253408,"11":0.9703603983,"12":0.9706149697,"13":0.9707506299,"14":0.9708228707,"15":0.9707630277,"16":0.9709350467,"17":0.9706789851,"18":0.9708632231,"19":0.9710182548,"20":0.9711107612,"21":0.9711119533,"22":0.9711377025,"23":0.9711816907,"24":0.9711797237},"val_loss":{"0":0.0162510853,"1":0.0161755979,"2":0.016137911,"3":0.0161924716,"4":0.0161581039,"5":0.0159605648,"6":0.0164000168,"7":0.0162927825,"8":0.0157063622,"9":0.0156075638,"10":0.0159332976,"11":0.0159632843,"12":0.0155088082,"13":0.0157444198,"14":0.0154548688,"15":0.0155206705,"16":0.0158894006,"17":0.0157638136,"18":0.0155786881,"19":0.0157931037,"20":0.015590868,"21":0.0165496636,"22":0.0160027631,"23":0.0158926416,"24":0.0160327293},"val_mean_squared_logarithmic_error":{"0":0.0038387044,"1":0.0038476677,"2":0.0038459969,"3":0.0038365575,"4":0.0038697193,"5":0.0038589949,"6":0.0038765322,"7":0.0038491394,"8":0.0038253441,"9":0.0038106686,"10":0.0038519148,"11":0.0037711037,"12":0.0037885753,"13":0.0038016457,"14":0.0037794185,"15":0.0037725121,"16":0.0037737417,"17":0.0037780839,"18":0.0037695286,"19":0.0037874572,"20":0.0037780579,"21":0.0038182193,"22":0.0038027004,"23":0.003786321,"24":0.0037850495},"val_mean_squared_error":{"0":0.0216994844,"1":0.0260918122,"2":0.0240675192,"3":0.0291221309,"4":0.0330141895,"5":0.0254139472,"6":0.0322105363,"7":0.0194786359,"8":0.0189968981,"9":0.0203616396,"10":0.025611436,"11":0.0204834323,"12":0.0240190811,"13":0.0251482818,"14":0.0279542673,"15":0.0167393107,"16":0.0338361934,"17":0.0200973339,"18":0.0211730991,"19":0.0219480824,"20":0.0222187489,"21":0.0273826942,"22":0.0309844818,"23":0.0246625189,"24":0.0290105119},"val_sMAPE":{"0":0.0206488147,"1":0.0191602111,"2":0.0191661753,"3":0.0197694767,"4":0.0199877415,"5":0.0193136856,"6":0.0199676454,"7":0.0189745557,"8":0.0191573109,"9":0.0184856821,"10":0.0193490461,"11":0.0201128051,"12":0.018846089,"13":0.0189483613,"14":0.0189464074,"15":0.0187059343,"16":0.0196524952,"17":0.0194551498,"18":0.018900726,"19":0.0192477629,"20":0.0191120636,"21":0.0209569577,"22":0.0196239203,"23":0.0197441187,"24":0.0192447715},"val_R_squared":{"0":0.9524214864,"1":0.9434141517,"2":0.9476268291,"3":0.9372439384,"4":0.9291315675,"5":0.9449688196,"6":0.9311662912,"7":0.9569135904,"8":0.9582496881,"9":0.9562011361,"10":0.9449257851,"11":0.9558420181,"12":0.9485954642,"13":0.946854651,"14":0.9406759739,"15":0.9623163342,"16":0.928599,"17":0.9566389322,"18":0.9546762705,"19":0.9535984397,"20":0.9527230263,"21":0.9425421357,"22":0.9348635077,"23":0.9479684234,"24":0.9394751191}}