{"loss":{"0":0.2949983478,"1":0.2949985266,"2":0.2949979901,"3":0.2949986458,"4":0.2949971557,"5":0.2949997783,"6":0.2949982285,"7":0.294998467,"8":0.2949991822,"9":0.2949996591,"10":0.2949956059},"mean_squared_logarithmic_error":{"0":0.1263732165,"1":0.1263732463,"2":0.126373902,"3":0.1263733059,"4":0.1263748109,"5":0.1263725162,"6":0.1263742,"7":0.1263736337,"8":0.1263736039,"9":0.1263733804,"10":0.1263748109},"mean_squared_error":{"0":0.5174831748,"1":0.5174831748,"2":0.5174849033,"3":0.5174839497,"4":0.5174850821,"5":0.5174819827,"6":0.5174847245,"7":0.5174847841,"8":0.5174846053,"9":0.5174836516,"10":0.5174862742},"val_loss":{"0":0.2363955677,"1":0.2364646047,"2":0.236459136,"3":0.236439079,"4":0.2364843339,"5":0.2364195585,"6":0.2364162207,"7":0.236423403,"8":0.236403659,"9":0.236399129,"10":0.2364669591},"val_mean_squared_logarithmic_error":{"0":0.1052741632,"1":0.1052625179,"2":0.1052789465,"3":0.1052750796,"4":0.1052728891,"5":0.105279699,"6":0.1052849442,"7":0.1052820086,"8":0.105291158,"9":0.105288595,"10":0.1052764207},"val_mean_squared_error":{"0":0.3612017035,"1":0.3612185121,"2":0.3612692952,"3":0.3612539172,"4":0.3612666428,"5":0.3612611592,"6":0.3612658978,"7":0.3612647951,"8":0.3612802029,"9":0.3612742126,"10":0.3612504601}}