{"loss":{"0":0.3258788884,"1":0.3258724511,"2":0.3258735836,"3":0.3258700371,"4":0.3258693516,"5":0.325869292,"6":0.3258707523,"7":0.3258703351,"8":0.325873971,"9":0.3258707821,"10":0.3258717954,"11":0.3258711398,"12":0.3258740604,"13":0.3258735538,"14":0.3258684576,"15":0.3258703053},"mean_squared_logarithmic_error":{"0":0.1385387331,"1":0.1385422051,"2":0.1385378093,"3":0.138538599,"4":0.1385361254,"5":0.1385348737,"6":0.1385368407,"7":0.1385324001,"8":0.1385353804,"9":0.1385361403,"10":0.1385348439,"11":0.1385356933,"12":0.1385408193,"13":0.1385320425,"14":0.1385379583,"15":0.138533622},"mean_squared_error":{"0":0.6002939343,"1":0.600297153,"2":0.6002895832,"3":0.6002902985,"4":0.6002857685,"5":0.6002833247,"6":0.6002870202,"7":0.6002799273,"8":0.6002857089,"9":0.6002868414,"10":0.6002842784,"11":0.6002856493,"12":0.600294888,"13":0.6002801061,"14":0.6002881527,"15":0.6002817154},"val_loss":{"0":0.2415502071,"1":0.2415073514,"2":0.2415023297,"3":0.2414907962,"4":0.2415214926,"5":0.2414844036,"6":0.2414922863,"7":0.2415695339,"8":0.2415154278,"9":0.2415049672,"10":0.2415219545,"11":0.2415214032,"12":0.2415269464,"13":0.2415134609,"14":0.2415360212,"15":0.2415876389},"val_mean_squared_logarithmic_error":{"0":0.1074760482,"1":0.1074935421,"2":0.1074936911,"3":0.1074860021,"4":0.1074886993,"5":0.1074991897,"6":0.1074950323,"7":0.1074455455,"8":0.1074536964,"9":0.1074850708,"10":0.1074967012,"11":0.1074792445,"12":0.1075048819,"13":0.1074833497,"14":0.1074919552,"15":0.1074448228},"val_mean_squared_error":{"0":0.3735695183,"1":0.3735806048,"2":0.3735882342,"3":0.3735541105,"4":0.3735756874,"5":0.3735887408,"6":0.3735758662,"7":0.373508513,"8":0.3735214174,"9":0.373572588,"10":0.3735938072,"11":0.3735536635,"12":0.3736175001,"13":0.3735640049,"14":0.3735838532,"15":0.3735210598}}