{"loss":{"0":0.1389311105,"1":0.1288966238,"2":0.1181567609,"3":0.0991123766,"4":0.0902833045,"5":0.0947303548,"6":0.0846136659,"7":0.0856987536,"8":0.0741908997,"9":0.0748277381,"10":0.0702456087},"mean_squared_logarithmic_error":{"0":0.0093166456,"1":0.0099799056,"2":0.0094646346,"3":0.0093271984,"4":0.0097114518,"5":0.0087424396,"6":0.0086670704,"7":0.0084246695,"8":0.0084323101,"9":0.0083991019,"10":0.0083481083},"mean_squared_error":{"0":8380.6533203125,"1":6167.2221679688,"2":4932.8251953125,"3":3332.1796875,"4":2500.7524414062,"5":1660.8780517578,"6":1261.9554443359,"7":822.1326904297,"8":509.3356018066,"9":378.2702636719,"10":262.2755432129},"sMAPE":{"0":0.0546671376,"1":0.0656849071,"2":0.0662692934,"3":0.0625618324,"4":0.0613274202,"5":0.0588072017,"6":0.0568488389,"7":0.0553193539,"8":0.0543021522,"9":0.0534732863,"10":0.0527093485},"R_squared":{"0":-5066.4682617188,"1":-3580.91015625,"2":-3026.8901367188,"3":-2008.037109375,"4":-1470.9437255859,"5":-1002.4602050781,"6":-700.7009887695,"7":-497.2256469727,"8":-290.6488647461,"9":-197.7117614746,"10":-166.4310760498},"val_loss":{"0":0.0399774872,"1":0.0431209542,"2":0.0407391936,"3":0.0403678454,"4":0.0461280346,"5":0.0440364257,"6":0.0428542048,"7":0.042412851,"8":0.0409657806,"9":0.0411569215,"10":0.0406687781},"val_mean_squared_logarithmic_error":{"0":0.0064665047,"1":0.0065976791,"2":0.0064400141,"3":0.0065118452,"4":0.0069958153,"5":0.0067160977,"6":0.0065355026,"7":0.0065412098,"8":0.0064604967,"9":0.0064547178,"10":0.0063706716},"val_mean_squared_error":{"0":0.4779298007,"1":0.3647530377,"2":0.3181252778,"3":0.317409277,"4":0.3003259599,"5":0.2808583677,"6":0.2467091233,"7":0.2276483774,"8":0.2139904499,"9":0.205400154,"10":0.1814706028},"val_sMAPE":{"0":0.0359968729,"1":0.044478476,"2":0.0401551314,"3":0.0384163111,"4":0.0509608015,"5":0.0457658619,"6":0.0445218384,"7":0.0434271507,"8":0.0402739644,"9":0.0408376455,"10":0.0398007929},"val_R_squared":{"0":0.7436397076,"1":0.7997986674,"2":0.8234378695,"3":0.8238165975,"4":0.8320851326,"5":0.841996491,"6":0.859433949,"7":0.8692925572,"8":0.8762733936,"9":0.8805858493,"10":0.8925795555}}