{"loss":{"0":0.3199563026,"1":1.5312178135,"2":0.3594024777,"3":0.3512923419,"4":0.3513964117,"5":0.3511057794,"6":0.3511070013,"7":0.3511039317,"8":0.3511027694,"9":0.3511012793,"10":0.3511042297},"mean_squared_logarithmic_error":{"0":0.1290259361,"1":0.1459135413,"2":0.1474847645,"3":0.1468846649,"4":0.1469023675,"5":0.1468946785,"6":0.1468966454,"7":0.1468971968,"8":0.1468961388,"9":0.1468970776,"10":0.1468981355},"mean_squared_error":{"0":0.5200108886,"1":97968.7265625,"2":44.1845321655,"3":0.7656516433,"4":0.9590449333,"5":0.6622616053,"6":0.6623193026,"7":0.6622667313,"8":0.6622643471,"9":0.6622661948,"10":0.6622680426},"val_loss":{"0":0.2178774774,"1":0.2363491058,"2":0.2463369071,"3":0.246187374,"4":0.2461510152,"5":0.2461389005,"6":0.2461940795,"7":0.2462099642,"8":0.2461238652,"9":0.2461476177,"10":0.2461444587},"val_mean_squared_logarithmic_error":{"0":0.0896869078,"1":0.0982120112,"2":0.1078909487,"3":0.1078673825,"4":0.107876502,"5":0.1078627482,"6":0.1078671217,"7":0.1078748927,"8":0.1078607738,"9":0.1078592986,"10":0.1078638583},"val_mean_squared_error":{"0":0.3013659716,"1":0.3530142903,"2":0.3969277143,"3":0.3708329797,"4":0.3708530664,"5":0.3708101809,"6":0.3708309531,"7":0.3708500564,"8":0.3707979023,"9":0.3707972467,"10":0.3708118498}}