{"loss":{"0":0.043603573,"1":0.0432859622,"2":0.0431585982,"3":0.0430105999,"4":0.0429497138,"5":0.0428750552,"6":0.0427912921,"7":0.0427294485,"8":0.0425824337,"9":0.0425884798,"10":0.042529624,"11":0.0423886664,"12":0.0422911793,"13":0.0420608111,"14":0.0420547202,"15":0.0418402664,"16":0.0417700931,"17":0.0416575,"18":0.0415633395,"19":0.0413848907,"20":0.0414430164,"21":0.0412975922,"22":0.041165404,"23":0.0411413535,"24":0.0410817266,"25":0.0410156548,"26":0.0408974178,"27":0.040904697,"28":0.0407830365,"29":0.0407462232,"30":0.0406627655,"31":0.0406154841,"32":0.0405137427,"33":0.0405000597,"34":0.0404153615,"35":0.0403460972,"36":0.0403464474,"37":0.0402744114,"38":0.0402268395,"39":0.040214166,"40":0.0400892459,"41":0.0400495268,"42":0.0400130041,"43":0.0400693417,"44":0.0398582406,"45":0.0399450622,"46":0.0398545302,"47":0.0398752913,"48":0.0397708863,"49":0.0397406258,"50":0.0397296995,"51":0.0397338681,"52":0.0396147296,"53":0.0396426059,"54":0.0395505615,"55":0.0396035165,"56":0.0394768603,"57":0.0395265818,"58":0.0394952297,"59":0.0393601879,"60":0.0394408628,"61":0.0393979475,"62":0.0393915586,"63":0.039289128,"64":0.0393584892,"65":0.0393417962,"66":0.0392901115,"67":0.0392935649,"68":0.0392178148,"69":0.039243333,"70":0.0391814001,"71":0.0391749926,"72":0.0391052067},"mean_squared_logarithmic_error":{"0":0.0071673417,"1":0.0071817525,"2":0.0071862135,"3":0.0071867174,"4":0.0071872706,"5":0.0071874126,"6":0.0071875611,"7":0.0071881311,"8":0.0071831741,"9":0.0071858224,"10":0.0071827299,"11":0.0071759871,"12":0.0071655638,"13":0.0071566412,"14":0.007151024,"15":0.007142927,"16":0.0071369461,"17":0.0071335416,"18":0.0071311188,"19":0.0071256347,"20":0.0071268911,"21":0.0071214717,"22":0.0071182139,"23":0.0071161371,"24":0.007114891,"25":0.0071130283,"26":0.007110856,"27":0.0071088108,"28":0.0071053267,"29":0.0071042203,"30":0.0071022618,"31":0.007098611,"32":0.0070967502,"33":0.0070948261,"34":0.0070926961,"35":0.007090068,"36":0.0070895771,"37":0.0070862928,"38":0.0070839394,"39":0.0070822476,"40":0.0070806304,"41":0.0070777847,"42":0.0070763505,"43":0.0070775254,"44":0.0070725968,"45":0.0070737852,"46":0.0070718811,"47":0.0070698741,"48":0.0070684534,"49":0.0070664794,"50":0.0070645469,"51":0.0070641991,"52":0.0070627513,"53":0.0070628454,"54":0.0070607844,"55":0.0070584537,"56":0.0070578353,"57":0.0070566679,"58":0.0070553585,"59":0.0070534181,"60":0.0070531759,"61":0.0070518912,"62":0.0070503941,"63":0.007048964,"64":0.0070496602,"65":0.007048375,"66":0.0070452057,"67":0.0070463177,"68":0.0070439721,"69":0.0070438455,"70":0.0070424448,"71":0.0070406459,"72":0.0070386045},"mean_squared_error":{"0":0.0329429135,"1":0.032802619,"2":0.0327840708,"3":0.0327681191,"4":0.0327673592,"5":0.0327429362,"6":0.0327289365,"7":0.0327698141,"8":0.0327236466,"9":0.0327649526,"10":0.0327715576,"11":0.0327453278,"12":0.0326969773,"13":0.0325802602,"14":0.0325667895,"15":0.032514777,"16":0.032516636,"17":0.0326861069,"18":0.0324495621,"19":0.0324265882,"20":0.0325635113,"21":0.0324102044,"22":0.0323715582,"23":0.0323399417,"24":0.0323555022,"25":0.0323608704,"26":0.0323793851,"27":0.0324188136,"28":0.0323584192,"29":0.0322685167,"30":0.0323344357,"31":0.0326843746,"32":0.0322287828,"33":0.032423526,"34":0.0321845338,"35":0.0322277993,"36":0.0321733057,"37":0.032267902,"38":0.0322009251,"39":0.0322134383,"40":0.0321829133,"41":0.0321245119,"42":0.0320972763,"43":0.0322036594,"44":0.0324973948,"45":0.0321157277,"46":0.0320456512,"47":0.0321331099,"48":0.0321868397,"49":0.0320375673,"50":0.0320109986,"51":0.0320178792,"52":0.0320897922,"53":0.0323401317,"54":0.0321482606,"55":0.0319833197,"56":0.0319544636,"57":0.0319618396,"58":0.032093659,"59":0.0320740528,"60":0.0319600739,"61":0.0319316648,"62":0.0322078243,"63":0.0319649912,"64":0.0318982899,"65":0.0319052935,"66":0.0320460945,"67":0.031917613,"68":0.0318631977,"69":0.0318816267,"70":0.0319414847,"71":0.0318551064,"72":0.0318125449},"sMAPE":{"0":0.0436182171,"1":0.0433387086,"2":0.0432149842,"3":0.0430508815,"4":0.0429762863,"5":0.0429438762,"6":0.0427885801,"7":0.0427365154,"8":0.0425540209,"9":0.0425456278,"10":0.0425029248,"11":0.0422994532,"12":0.0422299802,"13":0.0419886261,"14":0.041930031,"15":0.0416819714,"16":0.0415584557,"17":0.0413985066,"18":0.0413095355,"19":0.0410068594,"20":0.0411222801,"21":0.0409629904,"22":0.0407973342,"23":0.0407943688,"24":0.0406907387,"25":0.040623568,"26":0.04043708,"27":0.0405297093,"28":0.0403886251,"29":0.0403798297,"30":0.040228948,"31":0.0402613208,"32":0.0400763266,"33":0.0401147231,"34":0.0400109515,"35":0.0399361178,"36":0.0399674922,"37":0.039924331,"38":0.0399094708,"39":0.0399174988,"40":0.0396834686,"41":0.0397083163,"42":0.0396956801,"43":0.0397450551,"44":0.039522592,"45":0.0396093726,"46":0.0395375825,"47":0.0396472178,"48":0.0394756235,"49":0.0394413434,"50":0.0394537486,"51":0.0394674726,"52":0.0393395685,"53":0.0393761732,"54":0.0392764322,"55":0.0394323543,"56":0.0391980372,"57":0.0393270925,"58":0.0393045172,"59":0.039134156,"60":0.0392116383,"61":0.0391675644,"62":0.0391907506,"63":0.0390808247,"64":0.0392133221,"65":0.0391970575,"66":0.0391095541,"67":0.0390952379,"68":0.0390704535,"69":0.0391039625,"70":0.0389998145,"71":0.0390390418,"72":0.0389585346},"R_squared":{"0":0.9642683864,"1":0.9644016027,"2":0.9644159079,"3":0.9644451141,"4":0.9644396901,"5":0.9644841552,"6":0.9645120502,"7":0.9644542933,"8":0.9645098448,"9":0.9644567966,"10":0.9644434452,"11":0.9644860625,"12":0.9645476937,"13":0.9646498561,"14":0.964645803,"15":0.9647179246,"16":0.9647181034,"17":0.9645422697,"18":0.9647840261,"19":0.9648096561,"20":0.9646743536,"21":0.9648299813,"22":0.9648804069,"23":0.9649182558,"24":0.9648960233,"25":0.9649048448,"26":0.9648731351,"27":0.9648167491,"28":0.9648860097,"29":0.9649980664,"30":0.9649057388,"31":0.9645400047,"32":0.9650408626,"33":0.9648471475,"34":0.9650896192,"35":0.9650356174,"36":0.9650736451,"37":0.9649733305,"38":0.9650672078,"39":0.9650405049,"40":0.9650763869,"41":0.9651380181,"42":0.9651793838,"43":0.9650540948,"44":0.9647872448,"45":0.9651640058,"46":0.9652372599,"47":0.9651432037,"48":0.9650884271,"49":0.9652364254,"50":0.9652742743,"51":0.9652689099,"52":0.9651622176,"53":0.9649515152,"54":0.9651152492,"55":0.9652997851,"56":0.9653438926,"57":0.965328753,"58":0.9651970267,"59":0.9652084112,"60":0.9653352499,"61":0.9653422236,"62":0.9650495648,"63":0.965316236,"64":0.9653934836,"65":0.9653790593,"66":0.9652407169,"67":0.9653559923,"68":0.9654195905,"69":0.9653991461,"70":0.9653586745,"71":0.9654324055,"72":0.9654875398},"val_loss":{"0":0.0263985079,"1":0.024612885,"2":0.0249148905,"3":0.025400009,"4":0.0252139959,"5":0.0243116468,"6":0.0241625626,"7":0.0248234738,"8":0.0241312161,"9":0.0240020193,"10":0.0243429299,"11":0.0242640339,"12":0.0246365909,"13":0.0242189262,"14":0.0236775875,"15":0.0241996199,"16":0.0239506569,"17":0.0241170693,"18":0.0238486193,"19":0.0238535181,"20":0.0236675497,"21":0.0254105031,"22":0.0237244535,"23":0.0238313619,"24":0.0230577793,"25":0.0231326632,"26":0.0242687538,"27":0.0234657023,"28":0.0244225748,"29":0.0230417587,"30":0.0231923386,"31":0.0227873083,"32":0.02286046,"33":0.0233237613,"34":0.0244624112,"35":0.0231041145,"36":0.0238723494,"37":0.0229187291,"38":0.0227900036,"39":0.0232076719,"40":0.0228479858,"41":0.0226787552,"42":0.0227891598,"43":0.0227345396,"44":0.0229851454,"45":0.0232685152,"46":0.0225931946,"47":0.0226417407,"48":0.0224459525,"49":0.0224401373,"50":0.0223772731,"51":0.0225159489,"52":0.0229895152,"53":0.0229475927,"54":0.0224784166,"55":0.0224922728,"56":0.0222999658,"57":0.0226069987,"58":0.0223834012,"59":0.0225618854,"60":0.0223161317,"61":0.0226394963,"62":0.0218817778,"63":0.0222388823,"64":0.0222924389,"65":0.0219554901,"66":0.0224150456,"67":0.0227980725,"68":0.0219583511,"69":0.0219623819,"70":0.0221850835,"71":0.0223668031,"72":0.0220306534},"val_mean_squared_logarithmic_error":{"0":0.004609704,"1":0.0045854403,"2":0.0045762346,"3":0.004580786,