{"loss":{"0":0.4000971615,"1":0.3890697658,"2":0.3890760541,"3":0.3890706897,"4":0.3890770376,"5":0.3890698552,"6":0.3890728951,"7":0.3890728056,"8":0.3890747726,"9":0.3890737593,"10":0.3890731633,"11":0.3890754282,"12":0.3890757561,"13":0.3890761137,"14":0.3890739679,"15":0.3890734911},"mean_squared_logarithmic_error":{"0":0.1654599607,"1":0.1614108682,"2":0.161406517,"3":0.1614106596,"4":0.1614083201,"5":0.1614106745,"6":0.161408335,"7":0.1614101082,"8":0.161408335,"9":0.1614100337,"10":0.161408633,"11":0.1614071876,"12":0.1614083499,"13":0.1614074856,"14":0.1614083648,"15":0.1614093333},"mean_squared_error":{"0":0.8590936661,"1":0.7959954739,"2":0.7959846258,"3":0.7959817052,"4":0.7959861755,"5":0.7959817052,"6":0.7959751487,"7":0.7959784865,"8":0.7959854603,"9":0.7959821224,"10":0.7959820628,"11":0.795981288,"12":0.7959680557,"13":0.7959759831,"14":0.7959727049,"15":0.795981884},"val_loss":{"0":0.2674039304,"1":0.2674471438,"2":0.2674147189,"3":0.267423898,"4":0.2674591541,"5":0.2673603892,"6":0.2674006224,"7":0.2674054205,"8":0.2674134076,"9":0.2674412131,"10":0.2674738169,"11":0.2674074173,"12":0.267399013,"13":0.2673930526,"14":0.2674048245,"15":0.2674676776},"val_mean_squared_logarithmic_error":{"0":0.1153983548,"1":0.1153894961,"2":0.1153752878,"3":0.1153805479,"4":0.1153828725,"5":0.1154076457,"6":0.1153970584,"7":0.1153882518,"8":0.1153751537,"9":0.1154014021,"10":0.1154052392,"11":0.1153852344,"12":0.1153813824,"13":0.1154005826,"14":0.1154026911,"15":0.1154073998},"val_mean_squared_error":{"0":0.4220170081,"1":0.4220015705,"2":0.4219686091,"3":0.4219837189,"4":0.4219920933,"5":0.4220245779,"6":0.4220025241,"7":0.4219999611,"8":0.4219716191,"9":0.4220384657,"10":0.4220539927,"11":0.4219883084,"12":0.4219785631,"13":0.4220201671,"14":0.4220266044,"15":0.4220545292}}