{"loss":{"0":0.4195782244,"1":0.4195801318,"2":0.4195862412,"3":0.4195836186,"4":0.4195846915,"5":0.4195873141,"6":0.4195833206,"7":0.419585228,"8":0.4195841253,"9":0.4195848405,"10":0.4195861518},"mean_squared_logarithmic_error":{"0":0.1759459078,"1":0.1759305894,"2":0.1759111285,"3":0.1759231091,"4":0.1759001613,"5":0.1758921146,"6":0.1759078652,"7":0.1759048849,"8":0.1759084761,"9":0.1759139299,"10":0.1759007573},"mean_squared_error":{"0":1.0350446701,"1":1.0349214077,"2":1.0343626738,"3":1.0346101522,"4":1.0338666439,"5":1.0336784124,"6":1.0342069864,"7":1.0340646505,"8":1.0342007875,"9":1.0344195366,"10":1.0340349674},"val_loss":{"0":0.3376659453,"1":0.3380316496,"2":0.3377524912,"3":0.3377575576,"4":0.3377799094,"5":0.3377217948,"6":0.3377840519,"7":0.3378358781,"8":0.3377278447,"9":0.3378236592,"10":0.3378498554},"val_mean_squared_logarithmic_error":{"0":0.144152537,"1":0.144266054,"2":0.1441383809,"3":0.1441670507,"4":0.1441846043,"5":0.1441694349,"6":0.1441555023,"7":0.1442192495,"8":0.1441373676,"9":0.1441730857,"10":0.1441757083},"val_mean_squared_error":{"0":0.6816048026,"1":0.680681169,"2":0.6813989878,"3":0.6813298464,"4":0.6812898517,"5":0.6813277006,"6":0.6813788414,"7":0.6812093854,"8":0.681355834,"9":0.681214869,"10":0.6811795831}}