{"loss":{"0":0.0758745968,"1":0.074746795,"2":0.0744640976,"3":0.0741922483,"4":0.0740910247,"5":0.0739546567,"6":0.073781915,"7":0.073741436,"8":0.0736559033,"9":0.07361871,"10":0.0734774247,"11":0.0734222382,"12":0.073346734,"13":0.0732885972,"14":0.0732636899,"15":0.0732141361,"16":0.0730969757,"17":0.0730226636,"18":0.0730687231,"19":0.0729506984,"20":0.0728351697,"21":0.0728530437,"22":0.0728352442,"23":0.0727398992},"mean_squared_logarithmic_error":{"0":0.0120670572,"1":0.0119342236,"2":0.0118926102,"3":0.0118619539,"4":0.0118441368,"5":0.0118294908,"6":0.0118129924,"7":0.0118015204,"8":0.0117868735,"9":0.0117653329,"10":0.0117489174,"11":0.0117301876,"12":0.0117024193,"13":0.0116749024,"14":0.0116428453,"15":0.0116066225,"16":0.0115719251,"17":0.0115448497,"18":0.0115215071,"19":0.0115070874,"20":0.0114954887,"21":0.011489165,"22":0.0114837876,"23":0.0114809638},"mean_squared_error":{"0":0.2445875108,"1":0.1413390338,"2":0.1182204261,"3":0.0967445746,"4":0.0969009772,"5":0.0967289731,"6":0.087330468,"7":0.0867786184,"8":0.0830102116,"9":0.0830320418,"10":0.0822123364,"11":0.0791364312,"12":0.0742686689,"13":0.074031353,"14":0.0759970844,"15":0.0724238679,"16":0.0700394586,"17":0.0713095739,"18":0.0720690265,"19":0.0697296187,"20":0.0691164881,"21":0.0656390786,"22":0.065582484,"23":0.0661888048},"sMAPE":{"0":0.0725123882,"1":0.0715123862,"2":0.0713000968,"3":0.071097441,"4":0.0710613728,"5":0.070971556,"6":0.0708416402,"7":0.0708062947,"8":0.0707823858,"9":0.0707884878,"10":0.0706055835,"11":0.0706418306,"12":0.07057105,"13":0.0705046505,"14":0.0705746636,"15":0.0705452487,"16":0.0705235153,"17":0.0704453364,"18":0.070669353,"19":0.0704831928,"20":0.0703648329,"21":0.0704349577,"22":0.0704761744,"23":0.0702697337},"R_squared":{"0":0.85741359,"1":0.911005795,"2":0.9311813712,"3":0.938895762,"4":0.9397471547,"5":0.9380870461,"6":0.9440554976,"7":0.9448327422,"8":0.9488768578,"9":0.9474448562,"10":0.9475184083,"11":0.9500829577,"12":0.9530788064,"13":0.9525671005,"14":0.9514266849,"15":0.9539545774,"16":0.9552695155,"17":0.9541757703,"18":0.9539117217,"19":0.9558722973,"20":0.9557643533,"21":0.9577884674,"22":0.9579856992,"23":0.9580501318},"val_loss":{"0":0.0422554016,"1":0.0424406119,"2":0.0429043435,"3":0.0418562256,"4":0.0424797535,"5":0.0420789234,"6":0.0423895605,"7":0.0420885496,"8":0.0419351831,"9":0.0419348925,"10":0.0423847958,"11":0.0420879871,"12":0.0423754975,"13":0.0417535976,"14":0.0424593613,"15":0.0420067124,"16":0.0421376713,"17":0.0420817919,"18":0.0418376289,"19":0.0421399251,"20":0.0427861474,"21":0.0421501547,"22":0.0423315279,"23":0.042626258},"val_mean_squared_logarithmic_error":{"0":0.0072135683,"1":0.0072391876,"2":0.0072594695,"3":0.0071952967,"4":0.0071993065,"5":0.007146698,"6":0.0072223423,"7":0.0071829786,"8":0.0071725878,"9":0.0071805511,"10":0.0071975975,"11":0.0071583013,"12":0.0071448879,"13":0.0071032187,"14":0.0071436046,"15":0.0070921867,"16":0.00710112,"17":0.0071316999,"18":0.0070433789,"19":0.0070700925,"20":0.0070542805,"21":0.0070651877,"22":0.0070641884,"23":0.0070582032},"val_mean_squared_error":{"0":0.0323425047,"1":0.032821849,"2":0.0331798084,"3":0.0328635834,"4":0.0329632983,"5":0.0328465849,"6":0.0334593207,"7":0.0334082805,"8":0.033578705,"9":0.0336608477,"10":0.0340707786,"11":0.0336888917,"12":0.0335644893,"13":0.033826828,"14":0.0342529938,"15":0.0339320973,"16":0.0348756239,"17":0.0345227197,"18":0.0334309079,"19":0.0351053365,"20":0.0334940888,"21":0.0338042602,"22":0.0334435366,"23":0.0340059511},"val_sMAPE":{"0":0.0453628302,"1":0.0457280315,"2":0.0461867265,"3":0.0446928814,"4":0.0457613617,"5":0.0454692841,"6":0.0453486703,"7":0.0454009809,"8":0.0448379032,"9":0.0448841825,"10":0.0456331484,"11":0.0453559682,"12":0.0461875275,"13":0.0447425134,"14":0.0459800623,"15":0.0458122641,"16":0.0456943661,"17":0.045296289,"18":0.0456660911,"19":0.0460825227,"20":0.0460204035,"21":0.045901712,"22":0.0458826683,"23":0.0466618836},"val_R_squared":{"0":0.9586029649,"1":0.9581672549,"2":0.9577392936,"3":0.9585897923,"4":0.958512187,"5":0.958669126,"6":0.9579506516,"7":0.958158493,"8":0.9581001997,"9":0.9582741261,"10":0.9576812387,"11":0.9582145214,"12":0.9582606554,"13":0.9585664868,"14":0.9578761458,"15":0.9583314061,"16":0.9580631852,"17":0.9577775002,"18":0.9587053657,"19":0.9580722451,"20":0.9587840438,"21":0.9586099386,"22":0.9587416053,"23":0.9587053061}}