{"loss":{"0":0.2883351147,"1":0.2847272456,"2":0.2812444866,"3":0.2775661349,"4":0.9343678951,"5":0.2835613489,"6":0.2817033529,"7":0.2804631293,"8":0.399432987,"9":0.3103145063,"10":0.3092933893,"11":0.3092876375,"12":0.3092891872,"13":0.3092943132,"14":0.3092915714,"15":0.3092910945,"16":0.3092874289},"mean_squared_logarithmic_error":{"0":0.1155394018,"1":0.1121311188,"2":0.1113467664,"3":0.1103696749,"4":0.1152442321,"5":0.1170753911,"6":0.1165575013,"7":0.1156240776,"8":0.1326458305,"9":0.131195128,"10":0.1320082843,"11":0.1320093721,"12":0.1320097148,"13":0.1320081353,"14":0.1320087314,"15":0.1320090145,"16":0.1320114285},"mean_squared_error":{"0":0.9963668585,"1":1.9288408756,"2":0.4618927836,"3":0.4483096004,"4":135401.9375,"5":0.4748275578,"6":0.4704473615,"7":0.4673255682,"8":219.1250457764,"9":0.5738359094,"10":0.5690475106,"11":0.5690476894,"12":0.5690487027,"13":0.5690467954,"14":0.5690479875,"15":0.5690480471,"16":0.5690508485},"val_loss":{"0":0.4878384173,"1":204.1027526855,"2":18.0996322632,"3":0.3267989457,"4":0.1924149543,"5":0.1910868883,"6":0.1902541071,"7":0.1989385337,"8":0.2137291878,"9":0.227469936,"10":0.2274823785,"11":0.2274855524,"12":0.2274980098,"13":0.2274741828,"14":0.2274716645,"15":0.2274746895,"16":0.2274791151},"val_mean_squared_logarithmic_error":{"0":0.0819639042,"1":0.132623896,"2":0.0928851143,"3":0.0820015743,"4":0.080290325,"5":0.0801005736,"6":0.0801607221,"7":0.0809875131,"8":0.0911720097,"9":0.102648586,"10":0.1026612222,"11":0.1026802212,"12":0.1026647463,"13":0.1026625112,"14":0.1026686206,"15":0.1026676372,"16":0.1026704013},"val_mean_squared_error":{"0":8817.140625,"1":950707584.0,"2":19061268.0,"3":2733.3288574219,"4":0.2623975575,"5":0.2590486109,"6":0.259074986,"7":1.8297610283,"8":0.2988752425,"9":0.3431456685,"10":0.3432438076,"11":0.343298018,"12":0.3432428539,"13":0.3431953192,"14":0.3432375491,"15":0.3432625234,"16":0.3432615101}}