{"loss":{"0":0.0312495381,"1":0.030346537,"2":0.0300980639,"3":0.0300220978,"4":0.0299295615,"5":0.0299372245,"6":0.0299007073,"7":0.0297202542,"8":0.0297487807,"9":0.0297258087,"10":0.029621847,"11":0.0296816658,"12":0.029536048,"13":0.0295507666,"14":0.029429663,"15":0.0294833276,"16":0.0293615013,"17":0.0294499043,"18":0.0292942654,"19":0.029438071,"20":0.0292860512,"21":0.0292237364,"22":0.0291706175,"23":0.0291713718,"24":0.029241059,"25":0.0291133858,"26":0.0290763173,"27":0.0291586742,"28":0.0290704016,"29":0.0290149339,"30":0.0290447511},"mean_squared_logarithmic_error":{"0":0.0059572216,"1":0.0059130103,"2":0.0058697648,"3":0.005850526,"4":0.0058227074,"5":0.0058143903,"6":0.0057842289,"7":0.0057626837,"8":0.0057303687,"9":0.0057072621,"10":0.0056515262,"11":0.0056295604,"12":0.005619375,"13":0.0056030331,"14":0.0055888318,"15":0.0055865999,"16":0.0055737956,"17":0.0055678012,"18":0.0055642822,"19":0.0055517964,"20":0.00555244,"21":0.0055442075,"22":0.0055398098,"23":0.0055306214,"24":0.0055290395,"25":0.005527332,"26":0.0055165538,"27":0.00551335,"28":0.0055116452,"29":0.0055115228,"30":0.0055050775},"mean_squared_error":{"0":0.0276696347,"1":0.0269096475,"2":0.0265825856,"3":0.0264902432,"4":0.0263433494,"5":0.0262822043,"6":0.0261870027,"7":0.0260944217,"8":0.0260153916,"9":0.0259390045,"10":0.0257786363,"11":0.0257657506,"12":0.0256481729,"13":0.0255803838,"14":0.0255627595,"15":0.0255942978,"16":0.0255058259,"17":0.0255116392,"18":0.0254852138,"19":0.0254324209,"20":0.0254177395,"21":0.0253941752,"22":0.0255242418,"23":0.0253496785,"24":0.0254143216,"25":0.0253352523,"26":0.0253121387,"27":0.0253208224,"28":0.0252883434,"29":0.025370108,"30":0.0256594326},"sMAPE":{"0":0.0310731381,"1":0.029865684,"2":0.0296671577,"3":0.0296835247,"4":0.0297106598,"5":0.0297675822,"6":0.0298507903,"7":0.0296311658,"8":0.0297366399,"9":0.0297545679,"10":0.0297293775,"11":0.029854551,"12":0.0297279749,"13":0.0297962148,"14":0.029667614,"15":0.0296656322,"16":0.0296212267,"17":0.0297582243,"18":0.0295884367,"19":0.0297704544,"20":0.0296284333,"21":0.0295578409,"22":0.0294834562,"23":0.0295698922,"24":0.0296182297,"25":0.0295949765,"26":0.0294044558,"27":0.0295567084,"28":0.0295570176,"29":0.0293849222,"30":0.0294442344},"R_squared":{"0":0.9684647322,"1":0.9693286419,"2":0.969709456,"3":0.9698092937,"4":0.9699838161,"5":0.9700467587,"6":0.9701608419,"7":0.9702649713,"8":0.9703304172,"9":0.9704379439,"10":0.9706183672,"11":0.9706403613,"12":0.9707616568,"13":0.9708439112,"14":0.9708813429,"15":0.9708372355,"16":0.9709240198,"17":0.9709297419,"18":0.9709488153,"19":0.9710109234,"20":0.9710350633,"21":0.9710504413,"22":0.9708947539,"23":0.9711142778,"24":0.9710336328,"25":0.9711313248,"26":0.971149087,"27":0.9711400867,"28":0.9711691141,"29":0.9711030722,"30":0.9707853198},"val_loss":{"0":0.0187521968,"1":0.0181309227,"2":0.0186796263,"3":0.0180845559,"4":0.0180784333,"5":0.018488545,"6":0.0179709401,"7":0.0181937665,"8":0.0185599569,"9":0.0184820201,"10":0.0180026051,"11":0.0178136341,"12":0.0182327684,"13":0.0184845552,"14":0.0179365315,"15":0.0181000736,"16":0.0180233046,"17":0.0186316743,"18":0.0178659149,"19":0.0197237842,"20":0.017463984,"21":0.0179049857,"22":0.0183245428,"23":0.0175730903,"24":0.01791065,"25":0.0183652788,"26":0.0175263807,"27":0.0175137538,"28":0.0177851282,"29":0.0177045465,"30":0.0178282075},"val_mean_squared_logarithmic_error":{"0":0.0041554105,"1":0.0041194209,"2":0.0041419361,"3":0.004106571,"4":0.0041027442,"5":0.0040938212,"6":0.0040764883,"7":0.0040840078,"8":0.0040586838,"9":0.0039949077,"10":0.0040325713,"11":0.004012051,"12":0.0040119216,"13":0.0039765239,"14":0.0039927461,"15":0.0039742417,"16":0.0039866231,"17":0.0040049111,"18":0.0039929184,"19":0.0040196218,"20":0.0039619678,"21":0.0039842324,"22":0.0039845919,"23":0.0039657084,"24":0.0039689066,"25":0.003963124,"26":0.0039916034,"27":0.0039830939,"28":0.0039756391,"29":0.0039364318,"30":0.0039809383},"val_mean_squared_error":{"0":0.0206509046,"1":0.0175485723,"2":0.0177769195,"3":0.0178504214,"4":0.0176073685,"5":0.0164605808,"6":0.0162303131,"7":0.0163499285,"8":0.017075995,"9":0.0172211621,"10":0.0172177851,"11":0.0174683835,"12":0.0186834987,"13":0.0178204011,"14":0.0184980538,"15":0.018183358,"16":0.0170003418,"17":0.0177157484,"18":0.0172218699,"19":0.0165292937,"20":0.0174220689,"21":0.0169393066,"22":0.0165779069,"23":0.0161378626,"24":0.016849665,"25":0.0167931728,"26":0.0180816948,"27":0.0164798051,"28":0.0188237894,"29":0.0165186543,"30":0.0168129988},"val_sMAPE":{"0":0.0219055861,"1":0.0206448678,"2":0.0215681512,"3":0.0205852296,"4":0.0204198752,"5":0.0212372802,"6":0.02059968,"7":0.0207028147,"8":0.021645613,"9":0.0214392636,"10":0.0204821508,"11":0.0203493964,"12":0.0213451199,"13":0.021173628,"14":0.0206019636,"15":0.0207758173,"16":0.0206345897,"17":0.0210667327,"18":0.0205449797,"19":0.0228984375,"20":0.0200959649,"21":0.0206385404,"22":0.0211731605,"23":0.020098513,"24":0.0207924489,"25":0.0213647634,"26":0.0202553943,"27":0.0202281345,"28":0.0209024698,"29":0.0206780154,"30":0.0204260424},"val_R_squared":{"0":0.9605311751,"1":0.9644280076,"2":0.9641259909,"3":0.9641186595,"4":0.9644110203,"5":0.9658473134,"6":0.9661177397,"7":0.9659573436,"8":0.9651438594,"9":0.9651107788,"10":0.9650182128,"11":0.9648239613,"12":0.9633155465,"13":0.9643855691,"14":0.9635323882,"15":0.9639831185,"16":0.9654124975,"17":0.9644020796,"18":0.9650768042,"19":0.9657452703,"20":0.9649649858,"21":0.9654297233,"22":0.9659012556,"23":0.9664765596,"24":0.9656139612,"25":0.9656363726,"26":0.9637334943,"27":0.9659961462,"28":0.9631900191,"29":0.9660798907,"30":0.9655607939}}