{"loss":{"0":0.1964139789,"1":0.183585912,"2":0.1861431599,"3":0.5232722759,"4":0.8106403947,"5":0.3666850924,"6":0.2809629738,"7":0.2816584408,"8":230998.515625,"9":2190.3195800781,"10":170.3017120361},"mean_squared_logarithmic_error":{"0":0.0099895829,"1":0.0094273761,"2":0.0095367376,"3":0.0098113501,"4":0.0109513011,"5":0.0098013319,"6":0.0099186543,"7":0.0099268435,"8":2.4506232738,"9":2.4924960136,"10":1.2511161566},"mean_squared_error":{"0":0.6144813895,"1":0.6035186052,"2":5.0704774857,"3":60274.82421875,"4":35557.9609375,"5":18059.0078125,"6":3499.8605957031,"7":1555.2121582031,"8":614218105618432.0,"9":11156327424.0,"10":777850368.0},"val_loss":{"0":0.1503093243,"1":170210.390625,"2":207694.65625,"3":0.8800857067,"4":0.4466752112,"5":0.2712516487,"6":11292780.0,"7":0.225070715,"8":1991.9208984375,"9":156.3863525391,"10":66.5031356812},"val_mean_squared_logarithmic_error":{"0":0.0119949542,"1":0.0227362644,"2":0.0671610534,"3":0.0132159805,"4":0.012023679,"5":0.0125527587,"6":0.0311084837,"7":0.0119020259,"8":3.5129973888,"9":1.0902879238,"10":0.7965058684},"val_mean_squared_error":{"0":0.4913764298,"1":4129558710190080.0,"2":3075723254300672.0,"3":44434.9453125,"4":10627.482421875,"5":2734.4450683594,"6":1.577821726e+19,"7":616.9692993164,"8":15176148992.0,"9":470031232.0,"10":147188704.0}}