{"loss":{"0":12.1119403839,"1":6.5172166824,"2":6.402302742,"3":5.8136982918,"4":5.670624733,"5":5.5480685234,"6":5.4342246056,"7":5.3276953697,"8":5.2256555557,"9":5.1277222633,"10":5.0340900421,"11":4.9443416595,"12":4.8581790924,"13":4.7757306099,"14":4.6967806816,"15":4.6207728386,"16":4.5480422974,"17":4.478676796,"18":4.4123005867,"19":4.3487682343,"20":4.288397789,"21":4.2313137054,"22":4.1776471138,"23":4.1273488998,"24":4.0807719231,"25":4.0379104614,"26":3.9990301132,"27":3.9642643929,"28":3.9339120388,"29":3.9080257416,"30":3.8866930008,"31":3.8701207638,"32":3.8581058979},"mean_squared_logarithmic_error":{"0":0.9285787344,"1":0.7859104276,"2":0.701798141,"3":0.6465398073,"4":0.6072712541,"5":0.577637434,"6":0.5545003414,"7":0.5347633958,"8":0.5181477666,"9":0.5042378306,"10":0.492464155,"11":0.482553184,"12":0.4740626514,"13":0.4668655694,"14":0.4607388675,"15":0.4555107057,"16":0.4508178234,"17":0.4467898905,"18":0.4433711767,"19":0.4404730499,"20":0.4380477369,"21":0.4360375106,"22":0.4343922734,"23":0.4330826104,"24":0.4320648015,"25":0.4313060641,"26":0.4307816327,"27":0.4304526448,"28":0.4303250909,"29":0.430341363,"30":0.4305015802,"31":0.4307714999,"32":0.4311150312},"mean_squared_error":{"0":21141502.0,"1":186389.34375,"2":384330.96875,"3":185.2060546875,"4":175.7545166016,"5":166.9586029053,"6":158.6156005859,"7":150.690612793,"8":143.0998382568,"9":135.8359680176,"10":128.8968963623,"11":122.265045166,"12":115.9368515015,"13":109.9157180786,"14":104.1999206543,"15":98.776725769,"16":93.666557312,"17":88.8634643555,"18":84.3637390137,"19":80.1611099243,"20":76.264755249,"21":72.6817321777,"22":69.4109344482,"23":66.4380187988,"24":63.7741127014,"25":61.4156188965,"26":59.3539886475,"27":57.5926551819,"28":56.1270484924,"29":54.9455032349,"30":54.0408668518,"31":53.3961181641,"32":52.9918327332},"val_loss":{"0":4.2126941681,"1":4.0861315727,"2":3.9924483299,"3":3.908207655,"4":3.8215656281,"5":3.7421257496,"6":3.666066885,"7":3.5845155716,"8":3.5086524487,"9":3.4387705326,"10":3.3740868568,"11":3.3141336441,"12":3.2583491802,"13":3.2076699734,"14":3.1614046097,"15":3.116697073,"16":3.0752043724,"17":3.0399839878,"18":3.010061264,"19":2.9861757755,"20":2.9710483551,"21":2.9627299309,"22":2.9617819786,"23":2.9708676338,"24":2.9882512093,"25":3.0135333538,"26":3.0474524498,"27":3.0887641907,"28":3.1367967129,"29":3.1914355755,"30":3.2498102188,"31":3.310498476,"32":3.3711414337},"val_mean_squared_logarithmic_error":{"0":0.7062752247,"1":0.6549755335,"2":0.6238077283,"3":0.6009683609,"4":0.5822046995,"5":0.5674570203,"6":0.5561665893,"7":0.5450857282,"8":0.5364710689,"9":0.5298063159,"10":0.5247052908,"11":0.5209207535,"12":0.5181779265,"13":0.5162787437,"14":0.5151782632,"15":0.5141932964,"16":0.5132473111,"17":0.512976706,"18":0.5130321383,"19":0.5133705139,"20":0.5141730309,"21":0.515103519,"22":0.5161370039,"23":0.5176516771,"24":0.5192018151,"25":0.5208556652,"26":0.5227290392,"27":0.5246137977,"28":0.5265192986,"29":0.5286473632,"30":0.5306417942,"31":0.5326480865,"32":0.5345740318},"val_mean_squared_error":{"0":88.4468231201,"1":82.9609832764,"2":75.8074569702,"3":70.402053833,"4":65.3565750122,"5":60.663143158,"6":56.3149833679,"7":52.1440086365,"8":48.2871932983,"9":44.7536468506,"10":41.5322647095,"11":38.6079750061,"12":35.9857215881,"13":33.6769065857,"14":31.6655673981,"15":29.9282035828,"16":28.4749889374,"17":27.3303852081,"18":26.4805145264,"19":25.9290771484,"20":25.6823425293,"21":25.7263851166,"22":26.0604705811,"23":26.694355011,"24":27.6031131744,"25":28.7873687744,"26":30.2435817719,"27":31.9495658875,"28":33.8664474487,"29":36.0003967285,"30":38.2954025269,"31":40.6846694946,"32":43.0864105225}}