{"loss":{"0":3.8429813385,"1":3.8429784775,"2":3.8429796696,"3":3.8429834843,"4":3.8429818153,"5":3.8429811001,"6":3.8429811001,"7":3.8429796696,"8":3.8429791927,"9":3.8429780006,"10":3.8429818153,"11":3.8429791927,"12":3.8429803848},"mean_squared_logarithmic_error":{"0":0.4325305521,"1":0.4325346351,"2":0.4325282276,"3":0.4325205088,"4":0.43253389,"5":0.4325279593,"6":0.4325329363,"7":0.4325275719,"8":0.4325276911,"9":0.4325331748,"10":0.4325286746,"11":0.4325323999,"12":0.4325336218},"mean_squared_error":{"0":52.8801460266,"1":52.880191803,"2":52.8802490234,"3":52.88022995,"4":52.8802223206,"5":52.8801841736,"6":52.8801612854,"7":52.8802375793,"8":52.8802261353,"9":52.8801727295,"10":52.8801422119,"11":52.8801841736,"12":52.8801002502},"val_loss":{"0":3.5336048603,"1":3.5335168839,"2":3.5330517292,"3":3.5337319374,"4":3.5331535339,"5":3.5337393284,"6":3.5332398415,"7":3.5331673622,"8":3.5337104797,"9":3.5333287716,"10":3.533629179,"11":3.5338480473,"12":3.5335288048},"val_mean_squared_logarithmic_error":{"0":0.5393773913,"1":0.5393531322,"2":0.539244175,"3":0.5394043922,"4":0.5392600894,"5":0.5393841863,"6":0.5393079519,"7":0.539280355,"8":0.5393803716,"9":0.5393583179,"10":0.5393625498,"11":0.5394235849,"12":0.5393421054},"val_mean_squared_error":{"0":49.6706352234,"1":49.6710357666,"2":49.6668701172,"3":49.674243927,"4":49.6693992615,"5":49.6767997742,"6":49.6651000977,"7":49.6678352356,"8":49.6761512756,"9":49.6631278992,"10":49.6765594482,"11":49.6770553589,"12":49.6745147705}}