{"loss":{"0":3.8429813385,"1":3.8429868221,"2":3.8429806232,"3":3.842982769,"4":3.8429832458,"5":3.8429813385,"6":3.8429839611,"7":3.8429780006,"8":3.8429818153,"9":3.8429820538,"10":3.8429803848},"mean_squared_logarithmic_error":{"0":0.4325294197,"1":0.4325220287,"2":0.4325322211,"3":0.4325299561,"4":0.4325259626,"5":0.4325298369,"6":0.4325242937,"7":0.4325295091,"8":0.4325261712,"9":0.4325231612,"10":0.4325201809},"mean_squared_error":{"0":52.8801879883,"1":52.8801307678,"2":52.8800926208,"3":52.8801651001,"4":52.8802261353,"5":52.8801422119,"6":52.8801689148,"7":52.8801193237,"8":52.880191803,"9":52.88022995,"10":52.8801002502},"val_loss":{"0":3.532610178,"1":3.533510685,"2":3.5338840485,"3":3.5338613987,"4":3.5333821774,"5":3.5336265564,"6":3.5335867405,"7":3.5337884426,"8":3.5338859558,"9":3.5337491035,"10":3.5336003304},"val_mean_squared_logarithmic_error":{"0":0.539239347,"1":0.5393106341,"2":0.5394133329,"3":0.5394279957,"4":0.539319694,"5":0.5393719673,"6":0.5393661261,"7":0.5394007564,"8":0.5394036174,"9":0.539388299,"10":0.5393580794},"val_mean_squared_error":{"0":49.6502990723,"1":49.6734657288,"2":49.6784172058,"3":49.674659729,"4":49.6696815491,"5":49.6736984253,"6":49.6718292236,"7":49.6754798889,"8":49.6790504456,"9":49.6760749817,"10":49.6735534668}}