{"loss":{"0":1245.4110107422,"1":1.5160614252,"2":1.202481389,"3":0.9876304865,"4":3.4746420383,"5":3.437527895,"6":3.8606688976,"7":0.8163102865,"8":0.5559102893,"9":0.7317606807,"10":0.4385438859,"11":0.3741220236,"12":0.3432138264,"13":0.318642199,"14":0.3200702071,"15":0.2956573665,"16":0.302097261,"17":0.2962869406,"18":0.2843163311,"19":0.3425386548,"20":0.2614400685,"21":0.2661266327,"22":0.2470514327,"23":0.2315099239,"24":0.2459644526,"25":0.2323635966,"26":0.2336107939,"27":0.2305942625,"28":0.2263265401,"29":0.2169263214,"30":0.2164021283,"31":0.2659483254,"32":0.2121183127,"33":0.2013830245,"34":0.2115714103,"35":0.2091948539,"36":0.200903073,"37":0.2055155933,"38":0.1963296682,"39":0.1943206042,"40":0.2033456713,"41":0.1963279545,"42":0.1934327632,"43":0.191163227,"44":0.188916415,"45":0.1851528436,"46":0.1862400919,"47":0.187476024,"48":0.1816075742},"mean_squared_logarithmic_error":{"0":1.2368683815,"1":0.1699724644,"2":0.1281445622,"3":0.0922098979,"4":0.0844067112,"5":0.0670123845,"6":0.0519806892,"7":0.0366018638,"8":0.0307821408,"9":0.0292715114,"10":0.0239515286,"11":0.0206314884,"12":0.0184478071,"13":0.0166320484,"14":0.0166150462,"15":0.0153263146,"16":0.0149174901,"17":0.0142111499,"18":0.0134791601,"19":0.0132094482,"20":0.0122428294,"21":0.0123737985,"22":0.0116311498,"23":0.0111922072,"24":0.0113299768,"25":0.0110084582,"26":0.0110649159,"27":0.0106843319,"28":0.0107756201,"29":0.0103276158,"30":0.0103307944,"31":0.0105117727,"32":0.0101825465,"33":0.0099684959,"34":0.0103591904,"35":0.0102620842,"36":0.0099966787,"37":0.009892337,"38":0.0098186657,"39":0.0097434428,"40":0.0097720074,"41":0.0097942129,"42":0.0096927509,"43":0.0097223232,"44":0.0095440857,"45":0.0094524957,"46":0.0096262898,"47":0.0095896898,"48":0.0093956133},"mean_squared_error":{"0":79896838144.0,"1":14.2063550949,"2":56.9069595337,"3":401.9410095215,"4":118849.21875,"5":211730.953125,"6":719436.8125,"7":9012.7822265625,"8":1265.634765625,"9":13224.46875,"10":525.9066162109,"11":36.0138015747,"12":13.972035408,"13":5.28378582,"14":1.7826528549,"15":13.8179149628,"16":1.0205510855,"17":0.8123458624,"18":0.7757024169,"19":1745.2077636719,"20":0.742321074,"21":0.7384674549,"22":0.718763411,"23":0.7069886923,"24":0.7080858946,"25":0.6940459609,"26":1.2250652313,"27":0.6831310391,"28":0.6764383316,"29":0.6652612686,"30":0.6636967063,"31":1341.5501708984,"32":0.6509500742,"33":0.6423991919,"34":0.6451820731,"35":7.9964504242,"36":0.6341944337,"37":112.9718780518,"38":0.6256655455,"39":0.6243863702,"40":506.712097168,"41":0.6196911931,"42":0.6186777353,"43":0.6145219803,"44":0.612853229,"45":0.6095431447,"46":0.6076475382,"47":0.607188642,"48":0.6034590602},"val_loss":{"0":1.3006317616,"1":1.0245563984,"2":0.8775926828,"3":0.8005414009,"4":1.0236489773,"5":7.0717668533,"6":0.6815876961,"7":0.4874120355,"8":0.3680402339,"9":0.3560340106,"10":0.2940924168,"11":0.2786820233,"12":0.2740986645,"13":0.2434676886,"14":0.2539645731,"15":0.2150704116,"16":0.2793116868,"17":0.2034678608,"18":0.2431558222,"19":0.2375771552,"20":0.2158474475,"21":0.196294263,"22":0.1932491362,"23":0.1943681836,"24":0.1890509874,"25":0.1804031283,"26":0.1983813941,"27":0.1912572682,"28":0.2018584013,"29":0.1909470558,"30":0.1635302901,"31":0.167769134,"32":0.1771271825,"33":0.2162805349,"34":0.1603831649,"35":30.7868690491,"36":0.1643237621,"37":0.1688559502,"38":0.1525604427,"39":0.1740860939,"40":0.1759744585,"41":0.2097629309,"42":0.1692783833,"43":0.1871464252,"44":0.167960152,"45":1.4988853931,"46":0.1842126697,"47":2.0155305862,"48":0.7897108793},"val_mean_squared_logarithmic_error":{"0":0.2016537935,"1":0.1515907198,"2":0.1092350706,"3":0.0818181932,"4":0.0669965148,"5":0.0768633336,"6":0.0372833945,"7":0.0305005051,"8":0.02720269,"9":0.0249258578,"10":0.0213913936,"11":0.0199186523,"12":0.01796351,"13":0.0170577802,"14":0.0180754624,"15":0.0147027494,"16":0.0168716833,"17":0.0151684694,"18":0.0151226679,"19":0.0141520659,"20":0.0140643027,"21":0.0135932527,"22":0.0135653447,"23":0.0136734415,"24":0.0131234508,"25":0.0128731038,"26":0.012819415,"27":0.0126959607,"28":0.0129435472,"29":0.0125564989,"30":0.0120763611,"31":0.0125389127,"32":0.0126582785,"33":0.0138921654,"34":0.0126736388,"35":0.0164915454,"36":0.012190613,"37":0.0123585444,"38":0.0120047368,"39":0.0126263741,"40":0.0124434596,"41":0.0128586553,"42":0.0120042013,"43":0.0129039045,"44":0.011999215,"45":0.0183280595,"46":0.0121762529,"47":0.0194357,"48":0.0193586331},"val_mean_squared_error":{"0":4.7237215042,"1":2.8756873608,"2":214.9013061523,"3":225.3941650391,"4":2598.40625,"5":547852.625,"6":6550.5908203125,"7":1391.8985595703,"8":73.5704956055,"9":104.2020111084,"10":0.7612722516,"11":0.7188396454,"12":110.6591873169,"13":0.6340310574,"14":0.6774939895,"15":0.5706217289,"16":1.8791866302,"17":0.529789865,"18":0.5444995165,"19":0.7043404579,"20":0.5104513764,"21":0.585457623,"22":0.5472396016,"23":0.497076869,"24":0.5385169983,"25":0.5134587884,"26":0.4790303707,"27":0.4926661849,"28":0.5236234069,"29":0.5560317636,"30":0.5118037462,"31":0.5612204671,"32":0.642383635,"33":0.5607537627,"34":0.5373980999,"35":66158648.0,"36":0.5303291082,"37":0.4938017428,"38":0.5699007511,"39":12.1665019989,"40":0.4894894958,"41":0.4989955723,"42":0.4876241386,"43":0.5123553276,"44":1.4531896114,"45":20628.765625,"46":5.9648776054,"47":44647.58984375,"48":4038.7360839844}}