{"loss":{"0":3.8496501446,"1":3.8450782299,"2":3.8439502716,"3":3.8431441784,"4":3.8429780006,"5":3.842982769,"6":3.8429796696,"7":3.8429844379,"8":3.8429787159,"9":3.8429832458,"10":3.8429784775},"mean_squared_logarithmic_error":{"0":0.4315440655,"1":0.4319707453,"2":0.4322113395,"3":0.4324770272,"4":0.4325283468,"5":0.4325275421,"6":0.4325276911,"7":0.4325137436,"8":0.4325246215,"9":0.4325263202,"10":0.4325229228},"mean_squared_error":{"0":52.7796897888,"1":52.7466201782,"2":52.7847595215,"3":52.8619804382,"4":52.8801460266,"5":52.8800735474,"6":52.8800048828,"7":52.880279541,"8":52.8802452087,"9":52.8802680969,"10":52.8802223206},"val_loss":{"0":3.4373950958,"1":3.4795777798,"2":3.5128686428,"3":3.5335819721,"4":3.533261776,"5":3.5335552692,"6":3.5323741436,"7":3.5327854156,"8":3.5337810516,"9":3.5336999893,"10":3.5336480141},"val_mean_squared_logarithmic_error":{"0":0.536586225,"1":0.537730813,"2":0.5388132334,"3":0.5393745899,"4":0.5392791629,"5":0.5393345952,"6":0.5391181707,"7":0.5391952991,"8":0.5393986106,"9":0.5393849611,"10":0.5393633246},"val_mean_squared_error":{"0":45.7396430969,"1":47.4640045166,"2":48.8025283813,"3":49.6706695557,"4":49.671546936,"5":49.6753845215,"6":49.6582183838,"7":49.6646690369,"8":49.676322937,"9":49.6747016907,"10":49.6748008728}}