{"loss":{"0":3.8429834843,"1":3.8429820538,"2":3.8429787159,"3":3.8429787159,"4":3.8429796696,"5":3.8429820538,"6":3.8429780006,"7":3.8429868221,"8":3.8429839611,"9":3.842982769,"10":3.8429806232,"11":3.8429834843,"12":3.8429796696},"mean_squared_logarithmic_error":{"0":0.4325308204,"1":0.4325307608,"2":0.4325240552,"3":0.4325241148,"4":0.432533294,"5":0.432529211,"6":0.4325251877,"7":0.4325286746,"8":0.4325323701,"9":0.4325275421,"10":0.4325242639,"11":0.4325279891,"12":0.43253088},"mean_squared_error":{"0":52.8801612854,"1":52.8801956177,"2":52.8802719116,"3":52.8801574707,"4":52.880191803,"5":52.8803100586,"6":52.88022995,"7":52.88022995,"8":52.8801040649,"9":52.8801879883,"10":52.8801612854,"11":52.8801612854,"12":52.8801727295},"val_loss":{"0":3.533749342,"1":3.5330717564,"2":3.5324976444,"3":3.5335371494,"4":3.5334634781,"5":3.5335245132,"6":3.5334904194,"7":3.5339348316,"8":3.5333886147,"9":3.533536911,"10":3.5337641239,"11":3.5335283279,"12":3.5337216854},"val_mean_squared_logarithmic_error":{"0":0.5394008756,"1":0.539249897,"2":0.5391683578,"3":0.5393444896,"4":0.5393403769,"5":0.5393363833,"6":0.5393369198,"7":0.5393977761,"8":0.5393044353,"9":0.5393429399,"10":0.5394104123,"11":0.5393466949,"12":0.5393435359},"val_mean_squared_error":{"0":49.6762084961,"1":49.668296814,"2":49.6539611816,"3":49.673034668,"4":49.6703948975,"5":49.6747894287,"6":49.6732978821,"7":49.6827354431,"8":49.671043396,"9":49.6751098633,"10":49.6748771667,"11":49.6719398499,"12":49.6799468994}}