{"loss":{"0":121430.1484375,"1":73574.59375,"2":135361.125,"3":42162.58203125,"4":108886.671875,"5":42253.26171875,"6":39989.7890625,"7":89157.65625,"8":65742.3046875,"9":21413.06640625,"10":25166.009765625,"11":33885.6328125,"12":13417.7626953125,"13":202.3069763184,"14":77.3214645386,"15":68.6028366089,"16":43.7999687195,"17":2.4488101006,"18":1.9666131735,"19":1.5365812778,"20":1.1196752787,"21":0.8867518306,"22":0.4022292495,"23":0.349807322,"24":0.4120242894,"25":0.3181122243,"26":11.4882822037,"27":0.317653656,"28":0.3110892773,"29":0.3096630275,"30":39.390663147,"31":4.7148523331,"32":0.3102430105,"33":0.328581214},"mean_squared_logarithmic_error":{"0":0.2833024859,"1":0.2687404454,"2":0.3933567107,"3":0.3029350042,"4":0.3070742786,"5":0.2104100883,"6":0.2214453816,"7":0.2282228321,"8":0.1821244359,"9":0.1501220614,"10":0.1637140214,"11":0.1342598647,"12":0.1218675673,"13":0.1087303981,"14":0.106909588,"15":0.1069322079,"16":0.1076530516,"17":0.1083709523,"18":0.1091451943,"19":0.1093299761,"20":0.1100291833,"21":0.1103765443,"22":0.1108111218,"23":0.1110725179,"24":0.111205332,"25":0.1112878621,"26":0.1116052493,"27":0.1112121493,"28":0.1109124795,"29":0.1109005734,"30":0.1112943664,"31":0.1104962677,"32":0.1102949381,"33":0.1103965491},"mean_squared_error":{"0":3716835975364608.0,"1":885104981311488.0,"2":3091586179137536.0,"3":290119672135680.0,"4":1657648130818048.0,"5":288918591242240.0,"6":350555197145088.0,"7":1233177452478464.0,"8":766893388464128.0,"9":132385958002688.0,"10":89680318038016.0,"11":271488187891712.0,"12":31081596190720.0,"13":54222131200.0,"14":18905487360.0,"15":7888389120.0,"16":6185732608.0,"17":9404399.0,"18":5411724.5,"19":2367449.75,"20":1335698.25,"21":964989.75,"22":9426.3056640625,"23":3372.6098632812,"24":7550.45703125,"25":116.4387664795,"26":249258576.0,"27":156.3471374512,"28":8.9721431732,"29":7.2597823143,"30":916737088.0,"31":55419380.0,"32":4.296131134,"33":828.5766601562},"val_loss":{"0":0.6291002035,"1":1.6799798012,"2":0.6165428162,"3":0.6379093528,"4":0.5563073754,"5":0.5033421516,"6":0.5704590678,"7":0.4092307389,"8":0.3747141063,"9":0.4050049782,"10":0.4030760229,"11":0.2971502542,"12":0.2798397243,"13":0.2717781663,"14":0.2526519299,"15":0.243932873,"16":0.2336450517,"17":0.2314245552,"18":0.2264711112,"19":0.2283273637,"20":0.226003781,"21":0.2269285321,"22":0.2161930799,"23":0.2145458758,"24":0.2182506323,"25":0.2172166705,"26":0.2168030739,"27":0.2240624875,"28":0.2162054479,"29":0.2162251174,"30":0.2156904936,"31":0.2201169282,"32":0.2217613906,"33":0.2196312249},"val_mean_squared_logarithmic_error":{"0":0.1504439712,"1":0.6904451847,"2":0.1534447521,"3":0.1372532547,"4":0.1333845705,"5":0.1328124553,"6":0.1476550847,"7":0.103588663,"8":0.0953589603,"9":0.1025657132,"10":0.0922482386,"11":0.0809138343,"12":0.0792736188,"13":0.0786387697,"14":0.0790907815,"15":0.0783321336,"16":0.078996256,"17":0.0792012513,"18":0.0780303404,"19":0.0789461657,"20":0.0778828859,"21":0.0791817456,"22":0.0785692185,"23":0.0788189247,"24":0.079068467,"25":0.0795773715,"26":0.0791998059,"27":0.0774448439,"28":0.0766495615,"29":0.0784467161,"30":0.0794513598,"31":0.0774018168,"32":0.0791545138,"33":0.0765557513},"val_mean_squared_error":{"0":14.9735183716,"1":27.0240154266,"2":11.3597640991,"3":11.9586048126,"4":17.3303318024,"5":14.7024641037,"6":10.844581604,"7":11.2367925644,"8":12.0845565796,"9":15.2377147675,"10":8.5502758026,"11":5.246773243,"12":4.2173299789,"13":15.2573385239,"14":5.001021862,"15":7.951836586,"16":2.9509243965,"17":6.1395506859,"18":4.9313921928,"19":12.5113363266,"20":2.2146048546,"21":18.6802139282,"22":2.6394422054,"23":2.9299771786,"24":4.3762845993,"25":3.7289421558,"26":11.733584404,"27":12.0395030975,"28":1.6815749407,"29":10.5329208374,"30":6.6209483147,"31":5.2890720367,"32":6.4007844925,"33":9.315779686}}