{"loss":{"0":0.3832297921,"1":0.3831206262,"2":0.4378753006,"3":0.4666936398,"4":0.36774382,"5":0.3853492439,"6":0.3715732992,"7":0.3857926726,"8":0.367557466,"9":0.3840277493,"10":0.371763736,"11":0.550442636,"12":0.3834784329,"13":2.2376797199,"14":0.3827225268,"15":0.3635133207},"mean_squared_logarithmic_error":{"0":0.1265093386,"1":0.1237834916,"2":0.1238127202,"3":0.1237853765,"4":0.1237549484,"5":0.123700805,"6":0.1237625405,"7":0.1236489862,"8":0.1237764433,"9":0.1237167493,"10":0.1239246577,"11":0.1240035594,"12":0.1241608188,"13":0.1240734905,"14":0.1240806431,"15":0.1240484715},"mean_squared_error":{"0":829.3012695312,"1":165.7556762695,"2":48734.6875,"3":15089.0625,"4":11.1222772598,"5":215.2627563477,"6":50.0948905945,"7":252.6128997803,"8":7.6782464981,"9":182.1246337891,"10":40.2576751709,"11":623962.8125,"12":216.3726196289,"13":47377384.0,"14":192.2430725098,"15":3.2624783516},"val_loss":{"0":0.3158605099,"1":0.3105235696,"2":0.3173548579,"3":0.3110353053,"4":0.3162647486,"5":0.3087596595,"6":0.3128163815,"7":0.3097185194,"8":0.3152461946,"9":0.3122649491,"10":0.3090342879,"11":0.3155813515,"12":0.308999747,"13":0.316178292,"14":0.3099598289,"15":0.3161571622},"val_mean_squared_logarithmic_error":{"0":0.106269449,"1":0.1060445532,"2":0.1061555371,"3":0.1057548523,"4":0.1054609492,"5":0.1054755375,"6":0.1054393351,"7":0.1058149338,"8":0.1058039367,"9":0.1062556207,"10":0.1070982367,"11":0.1073668152,"12":0.1073626578,"13":0.1078701466,"14":0.1061784998,"15":0.1076785177},"val_mean_squared_error":{"0":17.0631980896,"1":10.8281116486,"2":23.0488529205,"3":10.8851852417,"4":26.6287765503,"5":9.197634697,"6":21.3968486786,"7":9.8258934021,"8":17.5754089355,"9":16.3400859833,"10":9.1511983871,"11":25.8432445526,"12":9.0020551682,"13":19.2536640167,"14":11.7902755737,"15":31.9787788391}}