{"loss":{"0":0.4139497876,"1":0.3865675032,"2":0.3918963969,"3":0.3753016591,"4":0.350761801,"5":0.3996737301,"6":11.0527229309,"7":0.3538107574,"8":0.3465561569,"9":0.6214693785,"10":0.4168937206,"11":0.8314509988,"12":0.5630397797,"13":36.3081245422,"14":0.3448006511,"15":0.4427616894,"16":0.352360934,"17":0.9777376652,"18":0.3587639928,"19":0.3603704274,"20":0.3515953422,"21":0.3581466377,"22":0.3693938255,"23":0.3430343568,"24":0.341627419,"25":0.3426841795,"26":0.3405174911,"27":0.3408129811,"28":0.6955415606,"29":0.3426577449,"30":5.4514389038,"31":0.3454195261,"32":0.6916511655,"33":0.6802048683,"34":1.194674015,"35":1.1059780121,"36":0.3396242857},"mean_squared_logarithmic_error":{"0":0.1228992566,"1":0.121649906,"2":0.1208726391,"3":0.1206813008,"4":0.1209639534,"5":0.1208263487,"6":0.1210542247,"7":0.1212449446,"8":0.1212093607,"9":0.1215879023,"10":0.12151476,"11":0.1217734814,"12":0.1216175556,"13":0.1219575927,"14":0.1217096075,"15":0.1218831018,"16":0.1218346581,"17":0.1221252605,"18":0.1221214011,"19":0.1223611012,"20":0.1221267879,"21":0.1225309297,"22":0.1225170493,"23":0.1226912513,"24":0.1227063239,"25":0.1227598116,"26":0.1229192689,"27":0.1230524406,"28":0.1231613755,"29":0.12312226,"30":0.1232604384,"31":0.1233720481,"32":0.12385571,"33":0.1237604544,"34":0.1236587241,"35":0.1237839386,"36":0.1237422228},"mean_squared_error":{"0":1368.1072998047,"1":1279.9848632812,"2":3823.4455566406,"3":581.0540161133,"4":11.5797595978,"5":4529.6303710938,"6":223506912.0,"7":29.8767681122,"8":5.5417966843,"9":223927.953125,"10":9257.8125,"11":669930.125,"12":126550.2265625,"13":4062117120.0,"14":5.8268866539,"15":22862.771484375,"16":303.3717041016,"17":2008407.875,"18":314.2954711914,"19":1115.2115478516,"20":96.5433044434,"21":435.5554504395,"22":831.0513916016,"23":7.0574598312,"24":4.1332435608,"25":14.7706890106,"26":4.0218682289,"27":6.091864109,"28":1196242.375,"29":14.9083681107,"30":80763936.0,"31":108.7282333374,"32":196461.53125,"33":109137.625,"34":1928390.5,"35":2044033.5,"36":14.5600700378},"val_loss":{"0":0.2421434075,"1":0.2425049096,"2":0.2356135994,"3":0.2372788191,"4":0.2359603047,"5":0.2346427292,"6":0.2457238585,"7":0.2331175059,"8":0.2368268669,"9":0.2360791862,"10":0.2388561517,"11":0.2408385277,"12":0.2347734869,"13":0.2361204624,"14":0.2359574288,"15":0.243451044,"16":0.2413478792,"17":0.2325186431,"18":0.2338477075,"19":0.2352705598,"20":0.2348812819,"21":0.2349174768,"22":0.2331958711,"23":0.2408195883,"24":0.2318097949,"25":0.2355050594,"26":0.2297546715,"27":0.2513729632,"28":0.2333942503,"29":0.2309120744,"30":0.2341868579,"31":0.2307495475,"32":0.2299151719,"33":0.2304901481,"34":0.2343907803,"35":0.231579721,"36":0.2297856212},"val_mean_squared_logarithmic_error":{"0":0.0860857889,"1":0.0863506645,"2":0.0865532234,"3":0.087174505,"4":0.0863219127,"5":0.0875733271,"6":0.0869781673,"7":0.086912863,"8":0.0879189,"9":0.0867238864,"10":0.0862805471,"11":0.0866856202,"12":0.0881769583,"13":0.0880461708,"14":0.0880190209,"15":0.0884967521,"16":0.0866072923,"17":0.0877771899,"18":0.0884649307,"19":0.0865027905,"20":0.0871297792,"21":0.0869395509,"22":0.0870957151,"23":0.0875371844,"24":0.0888065249,"25":0.0868949369,"26":0.0884898752,"27":0.0848294869,"28":0.0883317292,"29":0.088444978,"30":0.0881261602,"31":0.0884637833,"32":0.0886782333,"33":0.0881790072,"34":0.0874378979,"35":0.0882263184,"36":0.0881586596},"val_mean_squared_error":{"0":0.3427233398,"1":0.410319984,"2":0.3467172384,"3":0.421369046,"4":0.330268532,"5":0.343274802,"6":0.37951231,"7":0.3200615942,"8":0.3862091899,"9":0.3285067677,"10":0.3379275203,"11":0.357516408,"12":0.3397609591,"13":0.3796906769,"14":0.3362736106,"15":0.342171818,"16":0.3302122056,"17":0.3173015416,"18":0.3251461387,"19":0.3160230219,"20":0.3282054067,"21":0.3354687393,"22":0.3216596842,"23":0.3334556818,"24":0.3107035458,"25":0.3148733675,"26":0.3253300786,"27":0.3150531948,"28":0.3104192615,"29":0.3085817993,"30":0.311350733,"31":0.3132710159,"32":0.3131659925,"33":0.3056533635,"34":0.3049154878,"35":0.3236370683,"36":0.3076729476}}