{"loss":{"0":2876.16015625,"1":1856.0316162109,"2":264.5362243652,"3":12.7943019867,"4":9.8030977249,"5":7.3780136108,"6":4.2283763885,"7":1.6129366159,"8":1.5161794424,"9":1.0057812929,"10":0.9695596695,"11":0.499533385,"12":0.5367930532,"13":0.2224469632,"14":0.2223451287,"15":0.8732346296,"16":0.2240410894,"17":0.2228860408,"18":0.2227692306,"19":0.2246187478,"20":0.2234403342,"21":0.2228385806,"22":1.1242119074,"23":0.2863489687,"24":0.222754091,"25":0.2225523889,"26":0.2223693728,"27":0.2222861052,"28":0.2221414298,"29":0.2220477611,"30":0.2220226079,"31":0.2225990295,"32":0.222072944,"33":0.2220696211,"34":0.2220456302,"35":0.222049877},"mean_squared_logarithmic_error":{"0":0.0921518505,"1":0.0932848379,"2":0.0922424868,"3":0.0916324556,"4":0.0915348977,"5":0.091520831,"6":0.0914552808,"7":0.0916787311,"8":0.0916447863,"9":0.0916389823,"10":0.0916426778,"11":0.0915919468,"12":0.0915937424,"13":0.0915431604,"14":0.0915145576,"15":0.091544278,"16":0.0914829522,"17":0.0914940238,"18":0.0914349779,"19":0.0914479345,"20":0.0914178789,"21":0.0913617164,"22":0.0907495841,"23":0.0909504294,"24":0.091091238,"25":0.0912661254,"26":0.0913907066,"27":0.0914877951,"28":0.0915384367,"29":0.0915989876,"30":0.0916182026,"31":0.0916516632,"32":0.0916552767,"33":0.0916607007,"34":0.0916756466,"35":0.0916819274},"mean_squared_error":{"0":18775220944896.0,"1":2444585598976.0,"2":445718560768.0,"3":983007168.0,"4":708334976.0,"5":427987616.0,"6":88622000.0,"7":14908339.0,"8":11722792.0,"9":5756123.5,"10":2711176.25,"11":1032090.1875,"12":370621.3125,"13":0.3466124237,"14":0.3242671788,"15":4521421.0,"16":6.6644191742,"17":0.3244731128,"18":0.3235586882,"19":30.4822788239,"20":8.5713539124,"21":2.0647470951,"22":17936390.0,"23":86292.21875,"24":0.3232397139,"25":0.3257826865,"26":0.3237537146,"27":0.325568527,"28":0.3242105246,"29":0.3246667981,"30":0.3240707219,"31":3.6495265961,"32":0.3241474032,"33":0.3240944147,"34":0.3240876794,"35":0.3243670166},"val_loss":{"0":0.205210343,"1":0.1948376,"2":0.1970513314,"3":0.1950027794,"4":0.2023152113,"5":0.195105806,"6":0.1976780891,"7":0.1924192905,"8":0.1974448115,"9":0.1921079159,"10":0.1948952377,"11":0.1925966442,"12":0.1949065328,"13":0.1941203028,"14":0.1948496997,"15":0.1908017546,"16":0.1998116225,"17":0.1918977052,"18":0.1987040341,"19":0.1926738918,"20":0.2001868188,"21":0.1928068846,"22":0.1995168775,"23":0.1907860786,"24":0.2049297094,"25":0.188283205,"26":0.1992243826,"27":0.1890608817,"28":0.1950322986,"29":0.1903436482,"30":0.1971887946,"31":0.1903209388,"32":0.1936342567,"33":0.1905049682,"34":0.1944649965,"35":0.1909632832},"val_mean_squared_logarithmic_error":{"0":0.0712163821,"1":0.0713860169,"2":0.071552746,"3":0.0714622661,"4":0.0715719536,"5":0.0716198385,"6":0.0718548223,"7":0.0717362612,"8":0.071985811,"9":0.0718452707,"10":0.071995236,"11":0.0718391985,"12":0.0720973536,"13":0.0720162541,"14":0.071987763,"15":0.0718143731,"16":0.0719893575,"17":0.0720241815,"18":0.0720153376,"19":0.071970433,"20":0.0722499788,"21":0.0717623159,"22":0.071974352,"23":0.0716618598,"24":0.0717799142,"25":0.0717973635,"26":0.072033219,"27":0.0716514587,"28":0.0719294846,"29":0.0719423816,"30":0.0720808804,"31":0.0720074177,"32":0.0719484687,"33":0.072044149,"34":0.0716823637,"35":0.0718702301},"val_mean_squared_error":{"0":167.4191741943,"1":69.8485183716,"2":125.4688873291,"3":110.3631973267,"4":253.4311523438,"5":124.6375579834,"6":133.1829986572,"7":91.8871688843,"8":138.7881774902,"9":101.3450469971,"10":117.680557251,"11":119.5746231079,"12":105.2903594971,"13":134.7447814941,"14":89.8163223267,"15":73.6112060547,"16":139.1406097412,"17":76.393371582,"18":127.1308288574,"19":87.59715271,"20":143.0187072754,"21":87.7055358887,"22":133.6387176514,"23":69.3081665039,"24":205.4629974365,"25":66.3067398071,"26":180.4512634277,"27":65.5055160522,"28":77.9091873169,"29":61.8115310669,"30":113.6857376099,"31":82.1467056274,"32":81.3098068237,"33":68.6140213013,"34":74.8137664795,"35":68.6255569458}}