{"loss":{"0":75235.6328125,"1":163329.59375,"2":83385.875,"3":132472.46875,"4":151973.015625,"5":92551.4765625,"6":153938.34375,"7":95285.3828125,"8":124659.0546875,"9":142329.921875,"10":60598.5625},"mean_squared_logarithmic_error":{"0":0.2067078203,"1":0.6096422076,"2":0.4286623001,"3":1.00141716,"4":0.5382834673,"5":0.574727118,"6":0.7803733349,"7":0.4649883509,"8":0.6227567792,"9":0.4794134796,"10":0.4035509527},"mean_squared_error":{"0":1342727706902528.0,"1":4488114122784768.0,"2":1150333304700928.0,"3":4310695466237952.0,"4":4959495373455360.0,"5":1460464974299136.0,"6":3889802629873664.0,"7":1694528209682432.0,"8":2448426906157056.0,"9":4051272999108608.0,"10":594235568947200.0},"val_loss":{"0":0.4572980106,"1":1.104262352,"2":0.7511914968,"3":1.984169364,"4":1.029074192,"5":1.2128390074,"6":0.9461734295,"7":1.0540403128,"8":0.81641078,"9":0.6884793043,"10":1.8132209778},"val_mean_squared_logarithmic_error":{"0":0.1104226559,"1":0.2756842375,"2":0.211845696,"3":0.5909336805,"4":0.2301656157,"5":0.3945193887,"6":0.21061261,"7":0.3705025017,"8":0.2194588184,"9":0.1781930625,"10":0.3366017342},"val_mean_squared_error":{"0":0.9366394877,"1":12.8162288666,"2":5.6148376465,"3":15.4021854401,"4":13.9322004318,"5":10.4179000854,"6":11.2879333496,"7":13.7530164719,"8":14.1984138489,"9":14.3785839081,"10":21.8842792511}}