{"loss":{"0":0.2307949662,"1":0.2340382487,"2":0.2284499705,"3":0.2328166813,"4":0.226887539,"5":0.2323132157,"6":0.2268351316,"7":0.2303695679,"8":0.2285587937,"9":0.2498407066,"10":0.2283933908,"11":0.2294767797,"12":2.382008791,"13":0.2307078093,"14":0.2287166864,"15":0.2295199782,"16":0.2275843024,"17":0.2294220626,"18":0.2265668213},"mean_squared_logarithmic_error":{"0":0.0937502459,"1":0.0937480852,"2":0.0936832353,"3":0.0935612768,"4":0.0935019478,"5":0.0935091227,"6":0.0934896618,"7":0.0935141817,"8":0.0934913158,"9":0.0934908167,"10":0.0933785588,"11":0.0934146643,"12":0.0934786275,"13":0.0934025198,"14":0.0933571458,"15":0.0934020653,"16":0.0934055895,"17":0.0934422761,"18":0.0934418142},"mean_squared_error":{"0":40.4047851562,"1":117.8057098389,"2":10.575304985,"3":94.8993911743,"4":1.9210865498,"5":79.0623626709,"6":2.3063509464,"7":41.2223091125,"8":13.6710710526,"9":4662.0244140625,"10":6.7934231758,"11":20.5513954163,"12":71264328.0,"13":23.8354816437,"14":6.3102240562,"15":17.7239093781,"16":3.5409731865,"17":24.16198349,"18":1.3968549967},"val_loss":{"0":0.1606030464,"1":0.1603909284,"2":0.1603528261,"3":0.1602078378,"4":0.1598816067,"5":0.1597179025,"6":0.1599197537,"7":0.1600570679,"8":0.1596719474,"9":0.1604204327,"10":0.1604639441,"11":0.1601007879,"12":0.1603739858,"13":0.1606417745,"14":0.1605651528,"15":0.1601918042,"16":0.1601789147,"17":0.1598472148,"18":0.1600346118},"val_mean_squared_logarithmic_error":{"0":0.0669446364,"1":0.0669946074,"2":0.0668905824,"3":0.0665784925,"4":0.0666652843,"5":0.0665399209,"6":0.0665641949,"7":0.0664822012,"8":0.0667652786,"9":0.0665112585,"10":0.0663820729,"11":0.0665034577,"12":0.066671215,"13":0.0666794851,"14":0.0664915293,"15":0.0666723773,"16":0.0666113421,"17":0.0667272806,"18":0.0667810366},"val_mean_squared_error":{"0":0.2056866437,"1":0.2053799927,"2":0.204698652,"3":0.2042042911,"4":0.2041767091,"5":0.2042049915,"6":0.2053822279,"7":0.2039553672,"8":0.2056277245,"9":0.2053919733,"10":0.2056948394,"11":0.205269143,"12":0.2067651302,"13":0.2051589787,"14":0.2052633017,"15":0.2075469643,"16":0.2052716166,"17":0.2065999508,"18":0.2060045451}}