{"loss":{"0":0.3739743531,"1":0.3764662743,"2":0.371127516,"3":0.4777954519,"4":0.7831599712,"5":0.3756417036,"6":0.3875994086,"7":0.3739620447,"8":0.3724550605,"9":0.4735568464,"10":0.3971256018},"mean_squared_logarithmic_error":{"0":0.1368127018,"1":0.1365448534,"2":0.1364201605,"3":0.1362621188,"4":0.1367055774,"5":0.1378999203,"6":0.1380922645,"7":0.1379082948,"8":0.1383824795,"9":0.138465628,"10":0.1382897496},"mean_squared_error":{"0":46.7753448486,"1":62.72681427,"2":20.7136535645,"3":67409.2109375,"4":440548.78125,"5":43.9905166626,"6":1038.5480957031,"7":38.7053985596,"8":23.1462249756,"9":38351.37890625,"10":8888.927734375},"val_loss":{"0":0.2610589266,"1":0.2610764802,"2":0.2653816938,"3":0.346362561,"4":0.2648137808,"5":0.2624828517,"6":0.2791304886,"7":0.2646880746,"8":0.2636142671,"9":0.2629355192,"10":0.2623991668},"val_mean_squared_logarithmic_error":{"0":0.0982764438,"1":0.098051548,"2":0.0977942422,"3":0.0973348171,"4":0.0984531716,"5":0.0982080027,"6":0.0950560868,"7":0.0982489958,"8":0.098874554,"9":0.0984585583,"10":0.0982776508},"val_mean_squared_error":{"0":9.619395256,"1":8.3390035629,"2":17.7043266296,"3":13.8256320953,"4":10.3797245026,"5":10.9013814926,"6":10.2056617737,"7":15.4558601379,"8":10.1943969727,"9":15.52394104,"10":14.2934951782}}