{"loss":{"0":21.8830337524,"1":0.3201152384,"2":0.3183257282,"3":0.3181729019,"4":143.6301879883,"5":0.322565794,"6":0.3180002272,"7":0.3269400597,"8":0.317161411,"9":0.3194357455,"10":0.3171809316,"11":1.121537447,"12":0.3165745437,"13":11.1082401276,"14":0.3166558743,"15":0.3164937496,"16":0.316604346,"17":0.3171342015},"mean_squared_logarithmic_error":{"0":0.1202627942,"1":0.1225378141,"2":0.1242583543,"3":0.1242758855,"4":0.1240698099,"5":0.1240079775,"6":0.12355005,"7":0.1214171275,"8":0.1214595959,"9":0.1214680523,"10":0.1214661822,"11":0.1214193627,"12":0.1213297099,"13":0.1213814542,"14":0.1213447452,"15":0.1213558614,"16":0.1213539243,"17":0.1213963032},"mean_squared_error":{"0":1840789632.0,"1":12.0618238449,"2":0.8055248857,"3":0.7603273392,"4":80192651264.0,"5":81.6557159424,"6":0.7109466791,"7":208.7404632568,"8":0.7359787822,"9":12.2830944061,"10":1.8400015831,"11":1400992.5,"12":0.7798687816,"13":1324536960.0,"14":0.6917109489,"15":1.0374070406,"16":0.8169294596,"17":4.4542665482},"val_loss":{"0":0.2253835499,"1":0.2253788412,"2":0.2245823741,"3":0.2259049565,"4":0.2290377617,"5":0.225206092,"6":0.2249724418,"7":0.2242212892,"8":0.2247437239,"9":0.2263043672,"10":0.2265155315,"11":0.2272853404,"12":0.2260707617,"13":0.2290686518,"14":0.2275633812,"15":0.2279709727,"16":0.2277276665,"17":0.2267452031},"val_mean_squared_logarithmic_error":{"0":0.0877470225,"1":0.0888896361,"2":0.0888705254,"3":0.0889001712,"4":0.0884375572,"5":0.0890068933,"6":0.0885964781,"7":0.0883457512,"8":0.0886906311,"9":0.0885056183,"10":0.0885732174,"11":0.0888855085,"12":0.0883429497,"13":0.0882131532,"14":0.0881756619,"15":0.0884571671,"16":0.0885145888,"17":0.0883530304},"val_mean_squared_error":{"0":0.847106874,"1":0.92180264,"2":0.9793967605,"3":1.3602800369,"4":0.986694634,"5":1.251095891,"6":1.2634193897,"7":1.691729188,"8":3.5734369755,"9":6.5217413902,"10":14.4127960205,"11":19.3593788147,"12":18.8395862579,"13":21.5522422791,"14":24.9693527222,"15":26.2426567078,"16":23.6847858429,"17":24.982585907}}