{"loss":{"0":0.2886266708,"1":0.2864783406,"2":0.2848284245,"3":0.283165127,"4":0.2811819911,"5":0.2801493406,"6":0.2893448174,"7":0.2801559269,"8":0.2808250487,"9":0.2797147632,"10":0.2794890404,"11":0.2797203064,"12":0.280862391,"13":0.2792446613,"14":0.2791544795,"15":2.4128637314,"16":77.6080703735,"17":30.0198135376,"18":3.1431946754,"19":0.2822823822,"20":0.2815987468,"21":0.2824189365,"22":0.2806605399,"23":0.2800088525,"24":74.1549301147},"mean_squared_logarithmic_error":{"0":0.1171130538,"1":0.1136211157,"2":0.109467797,"3":0.1057088375,"4":0.1039109156,"5":0.1037950814,"6":0.103901878,"7":0.104166314,"8":0.1042590961,"9":0.1042606533,"10":0.1042512953,"11":0.1042470559,"12":0.1042133197,"13":0.1041950434,"14":0.1041884571,"15":0.1035865471,"16":0.1036322042,"17":0.1035529599,"18":0.1034703255,"19":0.1034060791,"20":0.1034852862,"21":0.1036586761,"22":0.1037919521,"23":0.1039294899,"24":0.1040417701},"mean_squared_error":{"0":2.1754169464,"1":1.7918417454,"2":1.4451249838,"3":1.1929985285,"4":0.9574663639,"5":0.8115882277,"6":900.0877685547,"7":0.6854032278,"8":10.5880594254,"9":0.5594568849,"10":0.4784972966,"11":1.2898163795,"12":34.1165466309,"13":0.4786382914,"14":0.462020576,"15":79811256.0,"16":16887098368.0,"17":2850107136.0,"18":30318414.0,"19":0.4866669476,"20":0.4569778442,"21":11.8363828659,"22":0.4644491673,"23":0.4805443287,"24":56737132544.0},"val_loss":{"0":0.2203952074,"1":0.2190162987,"2":0.2181374878,"3":0.2174674571,"4":0.2166677117,"5":0.2152867764,"6":0.2144616991,"7":0.2132464945,"8":0.2124383301,"9":0.2137056887,"10":0.2145069838,"11":0.2146616876,"12":0.2125736177,"13":0.2144317627,"14":0.2124107778,"15":0.2213612646,"16":0.2172882408,"17":0.2177631855,"18":0.2169402838,"19":0.2155225873,"20":0.2172532678,"21":0.2147617042,"22":0.2154609412,"23":0.2130821198,"24":0.2156094462},"val_mean_squared_logarithmic_error":{"0":0.0851748884,"1":0.083887957,"2":0.0822087973,"3":0.0808785632,"4":0.0807606205,"5":0.0806429684,"6":0.0807590783,"7":0.0810082778,"8":0.0810207576,"9":0.0811076462,"10":0.0807461664,"11":0.0808572099,"12":0.0811621919,"13":0.0806791112,"14":0.0807292014,"15":0.0806816742,"16":0.0806493536,"17":0.0806741863,"18":0.080609642,"19":0.0807154477,"20":0.0806022212,"21":0.0807630569,"22":0.0807424635,"23":0.0807522163,"24":0.0806739256},"val_mean_squared_error":{"0":81.3819274902,"1":61.4307937622,"2":46.1449623108,"3":30.6414661407,"4":19.2419471741,"5":11.1782226562,"6":6.9333267212,"7":4.0700497627,"8":3.1331670284,"9":3.8972551823,"10":9.7452363968,"11":12.4420442581,"12":4.3139305115,"13":9.7344665527,"14":5.7308034897,"15":17.9895305634,"16":6.3767895699,"17":13.7599115372,"18":5.6788134575,"19":8.7869577408,"20":18.0140094757,"21":6.4301557541,"22":16.1231479645,"23":6.1018633842,"24":17.7637691498}}