{"loss":{"0":0.2610905468,"1":0.2314565629,"2":0.2146109343,"3":0.2214424312,"4":0.213700518,"5":0.2620563805,"6":0.2116431743,"7":0.2205901891,"8":0.2110305429,"9":0.2215361744,"10":0.2109141201,"11":0.2206785977,"12":0.7513530254,"13":0.2438596338,"14":0.2183090895,"15":0.2210233808,"16":0.2144009173},"mean_squared_logarithmic_error":{"0":0.0863182694,"1":0.0850724801,"2":0.0860622972,"3":0.0861223936,"4":0.0861630365,"5":0.0861436725,"6":0.0860307813,"7":0.0861009136,"8":0.0860823095,"9":0.086062029,"10":0.0861322284,"11":0.0861387327,"12":0.0861351416,"13":0.0860121474,"14":0.0859479383,"15":0.0860415027,"16":0.0860235691},"mean_squared_error":{"0":5609.283203125,"1":645.473815918,"2":125.5455627441,"3":249.6725463867,"4":47.8920173645,"5":38051.4375,"6":15.5222415924,"7":225.7200012207,"8":22.5157909393,"9":292.5832519531,"10":19.5027122498,"11":298.8764038086,"12":2368960.0,"13":5588.2612304688,"14":578.2462768555,"15":234.5591583252,"16":34.10414505},"val_loss":{"0":0.1476561725,"1":0.1397832483,"2":0.1387824863,"3":0.1384617686,"4":0.1385366917,"5":0.1385506243,"6":0.1384577751,"7":0.1384889334,"8":0.1386799514,"9":0.138506487,"10":0.1385195106,"11":0.1384771913,"12":0.1394068152,"13":0.1395720541,"14":0.1394356638,"15":0.1396440715,"16":0.1390734017},"val_mean_squared_logarithmic_error":{"0":0.0575997606,"1":0.0582854822,"2":0.05823268,"3":0.0580701679,"4":0.0578385592,"5":0.0577645488,"6":0.0578659177,"7":0.0579134934,"8":0.057951659,"9":0.0578736141,"10":0.0581135079,"11":0.0581394434,"12":0.0582844391,"13":0.0579688698,"14":0.0580131896,"15":0.058011882,"16":0.0580098554},"val_mean_squared_error":{"0":0.1709550023,"1":0.1697211862,"2":0.1686903238,"3":0.1686802953,"4":0.168402493,"5":0.1686138362,"6":0.1688412279,"7":0.1688631922,"8":0.169296056,"9":0.1684410274,"10":0.1680805534,"11":0.1684800386,"12":0.1716677547,"13":0.1732937396,"14":0.1726273447,"15":0.1721651107,"16":0.1727023721}}