{"loss":{"0":2.8846244812,"1":0.4477668703,"2":0.4157898426,"3":0.4224775434,"4":0.415720731,"5":0.4206846058,"6":0.414478302,"7":0.4232777059,"8":0.4127952158,"9":0.4257397652,"10":46.546257019,"11":0.418359071,"12":0.4131258428,"13":0.4194610715,"14":0.412961334},"mean_squared_logarithmic_error":{"0":0.1520433426,"1":0.1515382379,"2":0.1513790339,"3":0.1512251347,"4":0.1512177736,"5":0.1508140117,"6":0.1504241079,"7":0.1492486894,"8":0.1478188038,"9":0.1460476369,"10":0.1435988992,"11":0.1438827962,"12":0.1430042684,"13":0.1427709013,"14":0.1426234096},"mean_squared_error":{"0":52422852.0,"1":8705.943359375,"2":22.7430877686,"3":50.8374595642,"4":20.7698497772,"5":39.2761116028,"6":15.6841802597,"7":66.6340484619,"8":8.0356521606,"9":97.1376342773,"10":8553284608.0,"11":23.0732650757,"12":7.1758246422,"13":55.1713943481,"14":9.3885469437},"val_loss":{"0":0.287394315,"1":0.2866967022,"2":0.285613358,"3":0.2864457667,"4":0.2853704989,"5":0.2869378626,"6":0.2870955467,"7":0.2864740193,"8":0.2869219482,"9":0.2887333035,"10":0.2890370488,"11":0.2873559296,"12":0.287221849,"13":0.2868982553,"14":0.2862603664},"val_mean_squared_logarithmic_error":{"0":0.1092031077,"1":0.1087853909,"2":0.1087166741,"3":0.1088087931,"4":0.1087163538,"5":0.1080908775,"6":0.1083622277,"7":0.1081586778,"8":0.1072303951,"9":0.1069172099,"10":0.1058632135,"11":0.1069335938,"12":0.1064720973,"13":0.1059994921,"14":0.106284827},"val_mean_squared_error":{"0":1.573113203,"1":0.8296152353,"2":0.8417598605,"3":0.7921628356,"4":0.7547812462,"5":0.7075632215,"6":0.8531010747,"7":0.8089703918,"8":0.7546669245,"9":0.8234857321,"10":0.8034818172,"11":0.7480034232,"12":0.8569052219,"13":0.9012588859,"14":0.931400001}}