{"loss":{"0":0.2851596177,"1":0.3765388131,"2":0.2749287188,"3":0.2762877643,"4":0.2603449523,"5":0.2708696127,"6":0.2598263919,"7":0.259373039,"8":0.2592801154,"9":13.3027257919,"10":0.2592147887,"11":0.2591395378,"12":11.9317340851,"13":1.5722461939,"14":1.4860585928,"15":0.2593903244,"16":0.2596542537,"17":0.2598329484},"mean_squared_logarithmic_error":{"0":0.1038861647,"1":0.0965864435,"2":0.0944661871,"3":0.0933070034,"4":0.0933706313,"5":0.0931642875,"6":0.0930174142,"7":0.0929419994,"8":0.092920959,"9":0.0929681137,"10":0.0929102302,"11":0.0928915963,"12":0.0928940773,"13":0.0928420573,"14":0.0928599983,"15":0.0928166136,"16":0.092870146,"17":0.0928287208},"mean_squared_error":{"0":609.4201660156,"1":11065.787109375,"2":989.2633056641,"3":1560.4619140625,"4":1.3227454424,"5":1003.2099609375,"6":1.9534769058,"7":0.4332167208,"8":0.4059602916,"9":1547086848.0,"10":0.4494537711,"11":0.4679052532,"12":2724738304.0,"13":18285150.0,"14":19326388.0,"15":0.4032076597,"16":0.7975388169,"17":1.9813450575},"val_loss":{"0":0.2193981409,"1":0.2031109482,"2":0.2013751119,"3":0.1993715763,"4":0.1984393299,"5":0.1981562972,"6":0.1979731917,"7":0.1979005486,"8":0.198021546,"9":0.1979272962,"10":0.1980571747,"11":0.1983200312,"12":0.1995218694,"13":0.1985559016,"14":0.1988442242,"15":0.1989870071,"16":0.198905617,"17":0.1992305815},"val_mean_squared_logarithmic_error":{"0":0.0783239082,"1":0.0749008283,"2":0.071479246,"3":0.0716574714,"4":0.0723165125,"5":0.0720409229,"6":0.0718753487,"7":0.0719635189,"8":0.0718114153,"9":0.0721030757,"10":0.0722938031,"11":0.072398439,"12":0.0715250671,"13":0.0721063837,"14":0.0720525086,"15":0.0720409602,"16":0.0719622374,"17":0.0719440877},"val_mean_squared_error":{"0":0.3169081807,"1":0.3154777586,"2":0.301520735,"3":0.3021114767,"4":0.3588501811,"5":0.3014554977,"6":0.3003397286,"7":0.3018908799,"8":0.3022343516,"9":0.3346024156,"10":0.3856517076,"11":0.4625530839,"12":0.6195319295,"13":0.8337389231,"14":1.0067253113,"15":1.3723818064,"16":1.854782939,"17":2.3593752384}}