{"loss":{"0":0.3811879158,"1":0.3968640864,"2":0.3835539222,"3":0.3833678663,"4":0.3824983835,"5":0.3830747306,"6":0.3805100918,"7":0.3741907775,"8":0.3875430822,"9":0.3717754781,"10":0.3842570782,"11":6.3614935875},"mean_squared_logarithmic_error":{"0":0.1500565708,"1":0.1496720612,"2":0.1495540887,"3":0.1495040953,"4":0.1495140791,"5":0.1494692266,"6":0.149483338,"7":0.1494579911,"8":0.1494544894,"9":0.1494321525,"10":0.149473533,"11":0.1488884687},"mean_squared_error":{"0":354.2889404297,"1":579.6076660156,"2":471.8879089355,"3":303.4588012695,"4":403.5952148438,"5":234.5799255371,"6":199.5132446289,"7":127.6527175903,"8":390.0431213379,"9":91.8906021118,"10":294.953704834,"11":801680512.0},"val_loss":{"0":0.2493199557,"1":0.2492484599,"2":0.249430567,"3":0.2495473325,"4":0.2492987216,"5":0.2497393787,"6":0.2496767342,"7":0.2493873686,"8":0.249628976,"9":0.249263972,"10":0.2494356334,"11":0.2624675632},"val_mean_squared_logarithmic_error":{"0":0.1029667631,"1":0.1029226333,"2":0.1032160074,"3":0.1033488512,"4":0.1028482467,"5":0.103404358,"6":0.1034504473,"7":0.1032281369,"8":0.1032877266,"9":0.1029455066,"10":0.1029922888,"11":0.100302197},"val_mean_squared_error":{"0":0.3645415306,"1":0.3649933636,"2":0.3648843765,"3":0.3647808433,"4":0.3655348122,"5":0.3647558689,"6":0.3645330071,"7":0.3647863567,"8":0.3647582829,"9":0.3657023311,"10":0.365475148,"11":0.3673138618}}