{"loss":{"0":0.3067154288,"1":0.3088858724,"2":0.3074803948,"3":0.3052508831,"4":0.3043715656,"5":0.306650728,"6":11.0864191055,"7":2.0099637508,"8":0.308118552,"9":0.3767917156,"10":0.306101054,"11":0.301555723,"12":1.069816947,"13":0.3090367317,"14":0.3020513356,"15":3.5706064701,"16":0.3016748726,"17":1.1977533102,"18":0.3010138571,"19":0.303245008,"20":0.2998039424,"21":0.3049353063,"22":0.3010483682,"23":8.0578947067,"24":0.5515938401,"25":0.2990293205,"26":0.3016982973,"27":0.3011507094,"28":50.1519889832,"29":0.3010485768,"30":0.2998524606,"31":0.302023232,"32":0.2985919416,"33":0.6000185609,"34":0.3086982667,"35":3.0103740692,"36":0.2988718748,"37":0.3004527986,"38":0.2984648943,"39":0.2990803421,"40":0.2999333441,"41":0.4972063005,"42":0.2993011773,"43":0.2987056077,"44":0.2982650101,"45":0.2992933095,"46":0.298751384,"47":0.2987184227,"48":0.2988443375,"49":0.2972927094,"50":2.1291439533,"51":4.5576853752,"52":0.2992174327,"53":0.6190373302,"54":0.2975722849,"55":264.8886108398,"56":0.2993627787,"57":0.2973786592,"58":0.2983735204},"mean_squared_logarithmic_error":{"0":0.1106161773,"1":0.1087040603,"2":0.1087808535,"3":0.1088880897,"4":0.1089341417,"5":0.1089828759,"6":0.1091544256,"7":0.109699972,"8":0.1096960008,"9":0.1097341776,"10":0.1102544218,"11":0.1104042307,"12":0.1105821878,"13":0.1106481105,"14":0.1107720956,"15":0.1109299734,"16":0.1114427149,"17":0.1115916222,"18":0.11171709,"19":0.1118198112,"20":0.1118760109,"21":0.1121230051,"22":0.1121051386,"23":0.1120548174,"24":0.1121836156,"25":0.112146087,"26":0.1122068539,"27":0.1122092158,"28":0.1123114601,"29":0.1122205257,"30":0.1122632772,"31":0.1123155057,"32":0.1123321131,"33":0.1123593301,"34":0.1126283407,"35":0.1124706864,"36":0.1124483719,"37":0.1124904975,"38":0.1125028506,"39":0.1124777198,"40":0.1125544459,"41":0.1126188636,"42":0.1126062199,"43":0.1126768589,"44":0.1127354726,"45":0.1126474664,"46":0.1127161682,"47":0.1127148196,"48":0.1127019674,"49":0.1127035767,"50":0.1127935573,"51":0.1128188297,"52":0.1127849221,"53":0.1128400192,"54":0.1127927303,"55":0.1129495576,"56":0.1128143966,"57":0.1128345653,"58":0.1128149033},"mean_squared_error":{"0":2.7929697037,"1":22.4116573334,"2":22.0611305237,"3":9.3309669495,"4":7.6593856812,"5":17.1429347992,"6":1756164096.0,"7":7717238.0,"8":22.3558330536,"9":37527.25390625,"10":9.4257879257,"11":1.3610174656,"12":1821813.625,"13":156.8772888184,"14":2.2692468166,"15":44943772.0,"16":7.9540524483,"17":5728214.5,"18":6.2915315628,"19":14.8731489182,"20":1.9134263992,"21":19.026140213,"22":5.4816827774,"23":1018335296.0,"24":809118.8125,"25":1.2728769779,"26":5.4096341133,"27":7.3275666237,"28":11339912192.0,"29":7.2625770569,"30":17.0281772614,"31":10.2158250809,"32":0.9270204306,"33":591407.9375,"34":314.3288574219,"35":50532368.0,"36":1.5064427853,"37":6.9654078484,"38":1.7682193518,"39":2.3442611694,"40":4.7542815208,"41":200999.953125,"42":3.9032382965,"43":5.4268932343,"44":1.4541848898,"45":3.0886921883,"46":3.0181062222,"47":5.033894062,"48":2.9439740181,"49":0.8089838624,"50":47544560.0,"51":255952384.0,"52":5.9758243561,"53":306599.25,"54":0.9090368152,"55":1286650331136.0,"56":9.9679536819,"57":0.868840456,"58":2.041023016},"val_loss":{"0":0.2216252089,"1":0.2207036018,"2":0.2201580703,"3":0.2195470333,"4":0.2214196175,"5":0.2193623632,"6":0.2233111709,"7":0.2201517969,"8":0.219666034,"9":0.2374803871,"10":0.2192761451,"11":0.2196708024,"12":0.218368873,"13":0.2186994255,"14":0.2184069008,"15":0.2190535069,"16":0.2185920328,"17":0.2182033807,"18":0.2179897577,"19":0.2173349112,"20":0.2172797769,"21":0.2166026831,"22":0.2168376744,"23":0.2173563242,"24":0.2168988734,"25":0.2169914395,"26":0.2176011801,"27":0.2167743891,"28":0.2172734439,"29":0.2165182382,"30":0.2171204537,"31":0.216627419,"32":0.2165487856,"33":0.2175234854,"34":0.2168116719,"35":0.2167034745,"36":0.2164219022,"37":0.2163582742,"38":0.2163886279,"39":0.2169908732,"40":0.216522634,"41":0.2167368531,"42":0.215888679,"43":0.216251865,"44":0.2163864225,"45":0.2159091085,"46":0.2159435898,"47":0.2162679136,"48":0.2157798707,"49":0.2161024213,"50":0.2166507095,"51":0.2166070789,"52":0.2161036283,"53":0.2160286456,"54":0.2162640244,"55":0.2159871161,"56":0.2162883282,"57":0.2162430882,"58":0.2162168026},"val_mean_squared_logarithmic_error":{"0":0.08108937,"1":0.0810718685,"2":0.0809582919,"3":0.0811383948,"4":0.0813362598,"5":0.0811212435,"6":0.0810196474,"7":0.0813324824,"8":0.081303522,"9":0.0814447328,"10":0.0819784552,"11":0.0817454904,"12":0.081992127,"13":0.0820005462,"14":0.0821300149,"15":0.0821792111,"16":0.0825590044,"17":0.0825275257,"18":0.0825366899,"19":0.0826003775,"20":0.0828133672,"21":0.0825429931,"22":0.0829640627,"23":0.0830211863,"24":0.082865037,"25":0.0826356858,"26":0.0825546905,"27":0.0828165561,"28":0.0825662985,"29":0.0829286948,"30":0.0828983113,"31":0.083213672,"32":0.0829120427,"33":0.0830371454,"34":0.0830089822,"35":0.082716234,"36":0.0832342803,"37":0.082968846,"38":0.0829565823,"39":0.0837402269,"40":0.0835783109,"41":0.0837510675,"42":0.0834528878,"43":0.0835230723,"44":0.0834455416,"45":0.0835521892,"46":0.0834401771,"47":0.0834147334,"48":0.0834068283,"49":0.0832911059,"50":0.0837270096,"51":0.0832360759,"52":0.0834943205,"53":0.083371155,"54":0.0833141804,"55":0.0833672211,"56":0.083751671,"57":0.083672978,"58":0.0831929818},"val_mean_squared_error":{"0":0.3865399361,"1":0.3210249841,"2":0.3161887825,"3":0.3316249847,"4":0.3782891035,"5":0.3215945959,"6":0.3245900273,"7":0.4194517732,"8":0.3239624798,"9":0.3204422593,"10":0.3382744491,"11":0.4947457016,"12":0.3087771535,"13":0.3596057296,"14":0.3582114577,"15":0.3298043907,"16":0.3424581289,"17":0.3372152746,"18":0.3865084052,"19":0.3972903788,"20":0.4390953183,"21":0.3301821649,"22":0.347895354,"23":0.4225345254,"24":0.3404382169,"25":0.3676160872,"26":0.4144017696,"27":0.3467478156,"28":0.3679758906,"29":0.3521576822,"30":0.4609577954,"31":0.3438205421,"32":0.3818672597,"33":0.400342375,"34":0.4121079743,"35":0.3675625026,"36":0.4171513915,"37":0.48302266,"38":0.3747238219,"39":0.4012647271,"40":0.3601922989,"41":0.4192559421,"42":0.3636651635,"43":0.4444004595,"44":0.40367046,"45":0.4105799794,"46":0.3729873002,"47":0.4068185091,"48":0.3622386456,"49":0.4007616937,"50":0.4178524613,"51":0.3714922965,"52":0.3992402852,"53":0.382278204,"54":0.4699177742,"55":0.4004290998,"56":0.4020807743,"57":0.4031600654,"58":0.4408602118}}