{"loss":{"0":0.9538773298,"1":4.3746180534,"2":0.3635583818,"3":0.3432875574,"4":3.8597323895,"5":0.3496305645,"6":0.3620424867,"7":2.0794243813,"8":0.8837527633,"9":2.178374052,"10":0.329020232,"11":0.3431124687,"12":0.3254362643,"13":2.0621330738,"14":0.3178102672,"15":0.3400333226,"16":24.7417030334,"17":0.3561846018,"18":0.301395148,"19":0.3363109827,"20":0.3111774027,"21":0.6562232375,"22":5.2461075783,"23":42.5806083679,"24":815.244140625,"25":132.5096588135,"26":0.3079380393,"27":0.3421156108},"mean_squared_logarithmic_error":{"0":0.1087164357,"1":0.1091393679,"2":0.1089851111,"3":0.1092412174,"4":0.1092719808,"5":0.1094106808,"6":0.1098693982,"7":0.1102111116,"8":0.1102650911,"9":0.1101625711,"10":0.1102711186,"11":0.109878771,"12":0.1099348664,"13":0.1098862886,"14":0.1101027876,"15":0.1097700298,"16":0.1098344475,"17":0.1098703295,"18":0.1101941019,"19":0.1098796427,"20":0.1104886904,"21":0.1100677103,"22":0.1096841246,"23":0.1101333499,"24":0.1107787713,"25":0.1103072837,"26":0.1104931757,"27":0.1098330393},"mean_squared_error":{"0":346077.75,"1":40447304.0,"2":1011.9155273438,"3":512.8239746094,"4":30600166.0,"5":1326.6838378906,"6":808.8166503906,"7":13557877.0,"8":2468145.75,"9":5057551.5,"10":307.2677001953,"11":784.1286621094,"12":490.7571716309,"13":7493494.5,"14":180.8733062744,"15":480.5844421387,"16":2720988160.0,"17":765.2275390625,"18":103.2518768311,"19":439.034942627,"20":171.998336792,"21":303287.5,"22":467834816.0,"23":29111990272.0,"24":8285807706112.0,"25":37523431424.0,"26":140.8307800293,"27":6118.2822265625},"val_loss":{"0":0.2754970193,"1":0.3072715402,"2":0.2909475565,"3":0.2738686204,"4":0.2937473953,"5":0.3307873309,"6":0.2599823773,"7":0.3128378391,"8":0.2768065631,"9":0.276255548,"10":0.323990196,"11":0.2564657927,"12":0.3083884716,"13":0.2641452849,"14":0.3339394033,"15":0.2641507089,"16":0.3332643211,"17":0.2542070448,"18":0.3183585405,"19":0.2725102901,"20":0.3313971758,"21":0.3037554622,"22":0.2618017793,"23":0.2908584177,"24":0.3032722473,"25":0.2617124617,"26":0.3165929914,"27":0.2862542272},"val_mean_squared_logarithmic_error":{"0":0.0842052177,"1":0.084116824,"2":0.0845829844,"3":0.0844731182,"4":0.0838244334,"5":0.0846690312,"6":0.0846258998,"7":0.0849454775,"8":0.0849677101,"9":0.0848939121,"10":0.0840624049,"11":0.0846741125,"12":0.0846051872,"13":0.0846870318,"14":0.0837853476,"15":0.0847910568,"16":0.0848241225,"17":0.0849102214,"18":0.0850813016,"19":0.0852083266,"20":0.0849763155,"21":0.0844184905,"22":0.0847037435,"23":0.0849914625,"24":0.0847313255,"25":0.0851991102,"26":0.0846320763,"27":0.0847989991},"val_mean_squared_error":{"0":785.080871582,"1":2170.3603515625,"2":1395.3601074219,"3":1093.8192138672,"4":1230.5168457031,"5":2930.9013671875,"6":590.7244873047,"7":1977.8377685547,"8":987.6771240234,"9":999.6440429688,"10":2110.7819824219,"11":424.5998840332,"12":1715.345703125,"13":558.3817749023,"14":2382.9731445312,"15":627.1209106445,"16":2515.314453125,"17":383.7329406738,"18":2061.08203125,"19":908.8049316406,"20":2598.7709960938,"21":1339.8829345703,"22":524.3893432617,"23":1180.9534912109,"24":1499.4353027344,"25":611.9567871094,"26":1908.5061035156,"27":1084.7132568359}}