{"loss":{"0":0.2096097022,"1":0.2672974765,"2":0.205283314,"3":0.2068875432,"4":0.22254318,"5":1.4531859159,"6":0.2080356181,"7":0.2108370811,"8":0.2061358541,"9":0.2099685669,"10":0.2041379064,"11":0.206193313,"12":16.8467693329,"13":3.8779325485,"14":2.3869185448,"15":1.579002738,"16":0.2782490253,"17":0.2022449523,"18":0.2038547993,"19":0.2026886344,"20":0.2032367587,"21":0.202568084,"22":0.2039014399,"23":3.7409901619,"24":0.2031931728,"25":0.2017796487,"26":0.3891198337,"27":20.7433662415,"28":0.2057921141,"29":0.2050840706,"30":0.2039594203,"31":0.2183717787,"32":1.4631317854,"33":0.2026628256,"34":0.2014536262,"35":0.201724723},"mean_squared_logarithmic_error":{"0":0.0828433856,"1":0.0831207111,"2":0.0833560824,"3":0.0834268779,"4":0.0835254416,"5":0.0835401267,"6":0.0834481567,"7":0.0835196748,"8":0.0834768489,"9":0.0835468844,"10":0.0834936947,"11":0.0834846422,"12":0.0837288126,"13":0.0835238993,"14":0.0834664479,"15":0.083443664,"16":0.0834679157,"17":0.0834590048,"18":0.0834420025,"19":0.0835074708,"20":0.0834805295,"21":0.0835117325,"22":0.083468318,"23":0.0836059302,"24":0.0834954232,"25":0.0835190564,"26":0.0834532827,"27":0.0835660622,"28":0.0834746584,"29":0.0834587216,"30":0.0834809616,"31":0.0833971277,"32":0.0834508613,"33":0.0833902806,"34":0.0834187418,"35":0.0834170356},"mean_squared_error":{"0":51.6297988892,"1":20632.64453125,"2":11.3973999023,"3":14.2094678879,"4":1546.7370605469,"5":5968480.5,"6":28.0979881287,"7":68.572227478,"8":21.4306106567,"9":53.3180351257,"10":11.9312725067,"11":21.8936691284,"12":894795136.0,"13":125197648.0,"14":58204340.0,"15":17754916.0,"16":71479.53125,"17":4.8545413017,"18":30.2074890137,"19":6.1976113319,"20":18.8599433899,"21":13.5494470596,"22":26.4157238007,"23":44896820.0,"24":19.4194126129,"25":3.9093856812,"26":348013.09375,"27":4114945280.0,"28":15.1341609955,"29":7.6404705048,"30":0.9550892115,"31":4673.5751953125,"32":4802668.0,"33":1.5870130062,"34":0.5041953325,"35":2.0839164257},"val_loss":{"0":0.1458250433,"1":0.1442733258,"2":0.1437621117,"3":0.1433238685,"4":0.1439907849,"5":0.1435576528,"6":0.1431657523,"7":0.1431746334,"8":0.1438869387,"9":0.1427705139,"10":0.1421726942,"11":0.1425951123,"12":0.1421213597,"13":0.1419309527,"14":0.1419158727,"15":0.1418582797,"16":0.1415682733,"17":0.1416673958,"18":0.141704008,"19":0.1417458504,"20":0.1416580826,"21":0.1427103281,"22":0.1416154653,"23":0.1432130933,"24":0.1416834593,"25":0.1413207799,"26":0.1418842971,"27":0.1439937353,"28":0.143714577,"29":0.1436776519,"30":0.1435500234,"31":0.1436936259,"32":0.1430930048,"33":0.1426112652,"34":0.1419280618,"35":0.1417031437},"val_mean_squared_logarithmic_error":{"0":0.0607822388,"1":0.0599647984,"2":0.0600040331,"3":0.0599886142,"4":0.060058929,"5":0.0601124763,"6":0.0600192584,"7":0.0600521527,"8":0.0601330809,"9":0.0599654429,"10":0.06001563,"11":0.0599257722,"12":0.0600577667,"13":0.0598867014,"14":0.0599974096,"15":0.059990447,"16":0.0600453205,"17":0.0601486713,"18":0.0601255409,"19":0.0602026209,"20":0.0602466129,"21":0.0603148192,"22":0.0603689775,"23":0.0603930913,"24":0.0604773983,"25":0.0602506287,"26":0.0602403693,"27":0.0603234805,"28":0.0602711886,"29":0.0603700764,"30":0.0604125932,"31":0.0605131648,"32":0.0603880398,"33":0.0604046695,"34":0.0602901652,"35":0.0605495125},"val_mean_squared_error":{"0":0.4935039282,"1":0.4309386909,"2":0.3832092285,"3":0.4331841767,"4":0.3892149031,"5":0.3733869493,"6":0.2887305915,"7":0.3516743779,"8":0.2883165479,"9":0.2736677825,"10":0.2918887138,"11":0.2560510039,"12":0.3222231567,"13":0.2529644966,"14":0.2710008025,"15":0.2651433349,"16":0.2673630416,"17":0.2672943771,"18":0.2562257349,"19":0.3410929441,"20":0.2320064157,"21":1.3717768192,"22":0.257255584,"23":0.2315004468,"24":0.2896683812,"25":0.2368782461,"26":0.2374676615,"27":0.2368963957,"28":0.2451340407,"29":0.247894451,"30":0.2401782274,"31":0.2374986559,"32":0.2586168647,"33":0.2480433881,"34":0.2244553715,"35":0.2249228656}}