{"loss":{"0":0.279087007,"1":0.2787930965,"2":0.2894596756,"3":0.2793674767,"4":0.2783820629,"5":0.2777597904,"6":5.9949250221,"7":0.2781794667,"8":0.2784377933,"9":0.2777310312,"10":0.2784227729,"11":0.283152312,"12":1.6217471361,"13":0.2776888311,"14":0.2790966034,"15":243.6649017334,"16":31.395450592,"17":0.3033898771,"18":0.299436003,"19":0.2936295271,"20":0.293063283},"mean_squared_logarithmic_error":{"0":0.1019675657,"1":0.1019906476,"2":0.1019992605,"3":0.1020044684,"4":0.1020552069,"5":0.102103509,"6":0.102091223,"7":0.1019603834,"8":0.102035664,"9":0.1020324752,"10":0.1020168588,"11":0.1021770909,"12":0.1020550355,"13":0.1020222828,"14":0.102008678,"15":0.102805011,"16":0.1016365215,"17":0.1014778391,"18":0.1015723199,"19":0.1016545296,"20":0.1016598642},"mean_squared_error":{"0":7.5187735558,"1":7.2365870476,"2":2413.3564453125,"3":17.4251689911,"4":5.8523783684,"5":2.9949345589,"6":480729536.0,"7":4.2536773682,"8":5.7333931923,"9":3.33533144,"10":6.4953894615,"11":257.195098877,"12":20544856.0,"13":3.1208424568,"14":9.6008548737,"15":74451017728.0,"16":2163109376.0,"17":2032.5675048828,"18":1416.7551269531,"19":772.2936401367,"20":402.9629821777},"val_loss":{"0":0.2065624595,"1":0.206504494,"2":0.2066305578,"3":0.2061457336,"4":0.2062268406,"5":0.2060001791,"6":0.2063053846,"7":0.2063124627,"8":0.2059821188,"9":0.2058179677,"10":0.2057728022,"11":0.2062803358,"12":0.2067629397,"13":0.2063008845,"14":0.2064719051,"15":0.223405838,"16":0.2172906697,"17":0.2120401859,"18":0.2117024064,"19":0.2108976394,"20":0.2108620107},"val_mean_squared_logarithmic_error":{"0":0.0783112645,"1":0.0782522783,"2":0.0783254802,"3":0.0785465539,"4":0.0789262578,"5":0.0786497071,"6":0.0782855228,"7":0.0784858838,"8":0.0786329657,"9":0.0786293596,"10":0.0789452046,"11":0.0787069425,"12":0.0785750076,"13":0.0788002461,"14":0.078900069,"15":0.0779920742,"16":0.0785973072,"17":0.0783285946,"18":0.078291662,"19":0.0780818239,"20":0.0784232244},"val_mean_squared_error":{"0":0.2834990919,"1":0.2831429541,"2":0.2816110551,"3":0.284630388,"4":0.2853619158,"5":0.2845357955,"6":0.2840099931,"7":0.2827971876,"8":0.2841857672,"9":0.2847905457,"10":0.2877832353,"11":0.2839694321,"12":0.7175204754,"13":0.5572358966,"14":0.6763268113,"15":0.2848716974,"16":0.2827378511,"17":0.2863784432,"18":0.2902363539,"19":0.3019270003,"20":0.3246010244}}