{"loss":{"0":0.3089805543,"1":0.3110304177,"2":0.3054510653,"3":0.3082742691,"4":0.3050202727,"5":0.5746936202,"6":0.3064166605,"7":0.5787525773,"8":2.6406259537,"9":0.305875808,"10":0.3261412978,"11":0.5218139887,"12":0.3020321429,"13":0.5153223872,"14":0.5353498459,"15":32.5103492737,"16":7.1939296722,"17":0.3028177321,"18":0.298745662,"19":0.305344671,"20":0.3153459132,"21":0.3038842976,"22":0.2979578972,"23":0.3028934598,"24":0.2977964878,"25":0.493370086,"26":0.2987672091,"27":0.304361254,"28":0.2950790226,"29":0.305873394,"30":0.3321559429,"31":0.301836282},"mean_squared_logarithmic_error":{"0":0.1112948656,"1":0.1114410385,"2":0.1114789099,"3":0.1114717424,"4":0.1113851517,"5":0.1115636751,"6":0.1117714867,"7":0.1117754206,"8":0.1116637737,"9":0.1116636097,"10":0.1117661893,"11":0.111749135,"12":0.111927107,"13":0.1121652871,"14":0.1123524457,"15":0.1121524572,"16":0.1120637804,"17":0.1120248288,"18":0.1120190918,"19":0.112176694,"20":0.1123256683,"21":0.1121780798,"22":0.1122123152,"23":0.1121792719,"24":0.1121981144,"25":0.1121542826,"26":0.112137869,"27":0.1121688113,"28":0.1121553257,"29":0.1124744266,"30":0.112312533,"31":0.1122613922},"mean_squared_error":{"0":27.2382602692,"1":47.5427474976,"2":32.973865509,"3":33.2419204712,"4":145.1237487793,"5":500290.15625,"6":47.5918922424,"7":318244.25,"8":74959256.0,"9":25.9692344666,"10":1861.6722412109,"11":54144.65625,"12":79.0313034058,"13":55022.20703125,"14":103718.96875,"15":3211553792.0,"16":590773440.0,"17":26.3303585052,"18":10.8905534744,"19":47.9241371155,"20":581.0238647461,"21":33.5145149231,"22":8.8528833389,"23":29.7818412781,"24":11.4070701599,"25":156565.65625,"26":7.0574884415,"27":45.0917015076,"28":5.0766043663,"29":50.6805152893,"30":19657.8671875,"31":29.2163333893},"val_loss":{"0":0.2213569432,"1":0.2089546472,"2":0.2104384452,"3":0.2091274559,"4":0.2187534571,"5":0.2092617899,"6":0.2189701051,"7":0.214898631,"8":0.2091229856,"9":0.2102795839,"10":0.2122481018,"11":0.2074364275,"12":0.2084616572,"13":0.2120870352,"14":0.2081597596,"15":0.2088676989,"16":0.2118010968,"17":0.2076887935,"18":0.2148285955,"19":0.2088289559,"20":0.209648028,"21":0.2067206055,"22":0.2091242969,"23":0.209633261,"24":0.2098454535,"25":0.2307323515,"26":0.2096657455,"27":0.2075130045,"28":0.2106412351,"29":0.2075661272,"30":0.2087881863,"31":0.2105094045},"val_mean_squared_logarithmic_error":{"0":0.0813341439,"1":0.08150585,"2":0.0816234872,"3":0.0819111019,"4":0.0816313848,"5":0.0819283649,"6":0.0818605274,"7":0.0816084296,"8":0.0823541507,"9":0.0824663714,"10":0.0822898299,"11":0.0820630491,"12":0.0823494419,"13":0.082476303,"14":0.0818785653,"15":0.0819924921,"16":0.0822275579,"17":0.0821672231,"18":0.081679523,"19":0.0822587907,"20":0.0818897933,"21":0.0821704417,"22":0.0818312317,"23":0.0820610374,"24":0.0822321624,"25":0.0803941488,"26":0.0821597576,"27":0.0825377554,"28":0.0823241919,"29":0.0826237947,"30":0.0823821202,"31":0.0819912553},"val_mean_squared_error":{"0":12.8382062912,"1":0.7888863087,"2":1.3275130987,"3":0.6444150805,"4":8.5763378143,"5":0.6118914485,"6":6.5742878914,"7":4.3464107513,"8":0.6551024318,"9":1.0473803282,"10":1.5376187563,"11":0.3858989775,"12":0.7740387917,"13":3.3382239342,"14":0.389759779,"15":0.7215358019,"16":1.9531853199,"17":0.5395264626,"18":2.8590683937,"19":0.3742413223,"20":0.8098677993,"21":0.3615061641,"22":0.6946181655,"23":0.3990521133,"24":1.0273481607,"25":0.3886271417,"26":1.2992737293,"27":0.3298614323,"28":1.1154476404,"29":0.6471073627,"30":0.4799742997,"31":0.5546196103}}