{"loss":{"0":0.1627350301,"1":1.3892828226,"2":0.1376969218,"3":0.136531055,"4":0.1353695542,"5":0.1346277148,"6":0.134015128,"7":0.1334703863,"8":0.151607886,"9":0.1380691677,"10":0.1705299318,"11":0.1517385542,"12":0.146089673,"13":1.532070756,"14":16.7784423828,"15":0.1324120164,"16":0.132229358,"17":0.1320934296,"18":0.1319693625,"19":0.1320001185,"20":0.1318561137,"21":0.1317476183,"22":0.1319981515,"23":0.1319143474,"24":0.1344978362,"25":0.1318312287,"26":0.1354054809,"27":0.1325876117},"mean_squared_logarithmic_error":{"0":0.054804448,"1":0.0547825433,"2":0.0546895787,"3":0.0546682775,"4":0.0546044037,"5":0.0546236597,"6":0.0546750352,"7":0.0546397641,"8":0.0547167473,"9":0.0547323301,"10":0.0550173372,"11":0.0547512732,"12":0.0547505505,"13":0.0548123717,"14":0.054946173,"15":0.0549164116,"16":0.0549145006,"17":0.054914277,"18":0.0549178794,"19":0.0549411401,"20":0.0549547262,"21":0.0549641997,"22":0.0550010614,"23":0.0549739003,"24":0.0549842827,"25":0.0549855009,"26":0.0549878031,"27":0.0550224446},"mean_squared_error":{"0":5149.7919921875,"1":12262826.0,"2":4.4032611847,"3":0.9724229574,"4":0.2879401445,"5":0.1660842746,"6":0.1635144353,"7":0.178374961,"8":3201.0861816406,"9":238.9158477783,"10":2282.1862792969,"11":692.6671142578,"12":359.504486084,"13":24325754.0,"14":5543161344.0,"15":0.1610488594,"16":0.1622230113,"17":0.1607752293,"18":0.1607407779,"19":0.4181562662,"20":0.2145430595,"21":0.168020159,"22":0.1618424952,"23":0.5373972654,"24":192.9069061279,"25":0.1842995882,"26":307.7649230957,"27":1.7101706266},"val_loss":{"0":0.1001235023,"1":0.0996433422,"2":0.0990580171,"3":0.0984302387,"4":0.0982183293,"5":0.0966949761,"6":0.0969502255,"7":0.095399864,"8":0.0967563763,"9":0.0942578986,"10":0.0961291343,"11":0.0946558565,"12":0.0942494124,"13":0.0940128118,"14":0.0942924544,"15":0.0936535373,"16":0.0935099423,"17":0.0934853256,"18":0.0941177309,"19":0.0947362185,"20":0.0939917862,"21":0.0942836329,"22":0.0937772989,"23":0.0935770422,"24":0.0940047801,"25":0.0939161181,"26":0.094246015,"27":0.093961224},"val_mean_squared_logarithmic_error":{"0":0.0384512246,"1":0.0385376699,"2":0.0384509079,"3":0.0383268707,"4":0.0385950543,"5":0.038619373,"6":0.0382988639,"7":0.0381191038,"8":0.0380333588,"9":0.0380040966,"10":0.0378726721,"11":0.0377943814,"12":0.0378028788,"13":0.0378600545,"14":0.037913613,"15":0.0378018692,"16":0.0378123745,"17":0.0378314853,"18":0.0378468893,"19":0.0378549471,"20":0.0378511772,"21":0.037846189,"22":0.0378806703,"23":0.0378131978,"24":0.037913017,"25":0.0378536396,"26":0.0379107855,"27":0.0378883034},"val_mean_squared_error":{"0":0.1084971577,"1":0.2972581685,"2":0.1092854962,"3":0.1092712879,"4":0.5995413661,"5":0.1070964113,"6":0.1180552542,"7":0.1069641784,"8":0.2664696574,"9":0.1088358387,"10":0.4564099014,"11":0.1091706604,"12":0.1087679788,"13":0.1423086226,"14":0.1109957248,"15":0.10675551,"16":0.1067136824,"17":0.1512446404,"18":1.5204688311,"19":7.180126667,"20":2.1647646427,"21":3.2680497169,"22":1.7789535522,"23":1.5179326534,"24":1.1648879051,"25":1.1543884277,"26":0.7745453715,"27":0.6081664562}}