{"loss":{"0":0.3660466969,"1":30.7396659851,"2":0.7029849291,"3":0.3737724125,"4":0.3714406788,"5":2.4396660328,"6":0.5160013437,"7":0.3613972366,"8":0.4006530046,"9":0.3593896329,"10":7.044552803,"11":0.827755034,"12":0.3597940207,"13":0.3590253592,"14":925.0186157227,"15":0.3585499823,"16":0.4176796377,"17":0.3582605422,"18":0.3748624921,"19":2.6012263298,"20":10.2182035446,"21":0.359636575,"22":0.5095972419},"mean_squared_logarithmic_error":{"0":0.1317655146,"1":0.1316874474,"2":0.1310719997,"3":0.1310692728,"4":0.130911082,"5":0.1311446428,"6":0.1313225925,"7":0.1312102824,"8":0.1311622411,"9":0.1313553452,"10":0.1315288991,"11":0.1331092417,"12":0.1348975748,"13":0.1346959472,"14":0.1346294284,"15":0.1342655122,"16":0.1341112256,"17":0.1339227706,"18":0.1327316612,"19":0.1318538487,"20":0.1319171488,"21":0.13189134,"22":0.1319872737},"mean_squared_error":{"0":16.341884613,"1":2343483136.0,"2":624060.1875,"3":178.1156311035,"4":94.5266571045,"5":9532137.0,"6":13587.9658203125,"7":5.4259934425,"8":9289.458984375,"9":2.4288613796,"10":116722704.0,"11":379573.90625,"12":2.7089738846,"13":2.3878977299,"14":2561963458560.0,"15":2.9293580055,"16":10001.8056640625,"17":1.5010148287,"18":775.7897338867,"19":90956696.0,"20":221816448.0,"21":23.052936554,"22":142164.9375},"val_loss":{"0":0.274895221,"1":0.2747370303,"2":0.2750864029,"3":0.2719016373,"4":0.2693413496,"5":0.2681968808,"6":0.2737394273,"7":0.2663182914,"8":0.2704439163,"9":0.2704290152,"10":0.2685736418,"11":0.27216506,"12":0.2650665641,"13":0.2679712176,"14":0.2677391171,"15":0.2702436745,"16":0.2662870586,"17":0.2663961053,"18":0.2668512464,"19":0.2660276294,"20":0.268440783,"21":0.2659911215,"22":0.2651526034},"val_mean_squared_logarithmic_error":{"0":0.1009981185,"1":0.100680694,"2":0.1010519341,"3":0.1000514999,"4":0.1009430662,"5":0.1012898609,"6":0.10162507,"7":0.1013684496,"8":0.1017930657,"9":0.1004542485,"10":0.1009257883,"11":0.1023898199,"12":0.1029295921,"13":0.1011551693,"14":0.101593487,"15":0.1020099223,"16":0.1014799848,"17":0.1020943671,"18":0.1017497703,"19":0.1014186591,"20":0.1011525691,"21":0.1006363034,"22":0.101997003},"val_mean_squared_error":{"0":7.8625917435,"1":5.1291899681,"2":7.2110586166,"3":6.2140040398,"4":2.7797529697,"5":1.1310106516,"6":9.4786949158,"7":0.8814554811,"8":3.3033161163,"9":3.1127817631,"10":1.7253690958,"11":2.1270411015,"12":0.8496300578,"13":2.744512558,"14":1.7809123993,"15":4.3221197128,"16":1.0009338856,"17":1.2968164682,"18":1.6045982838,"19":1.2110946178,"20":2.6183121204,"21":1.7466338873,"22":0.9653339386}}