{"loss":{"0":0.3593726158,"1":0.3595585525,"2":0.3571965098,"3":0.3570099473,"4":0.3567221463,"5":1.1799551249,"6":0.356426686,"7":0.356523633,"8":0.3572001159,"9":0.3559004664,"10":0.355635196,"11":31.4969902039,"12":0.3620095253,"13":0.3571808636,"14":0.3567626476,"15":0.3568300307,"16":0.3565502465,"17":32.5337982178,"18":0.5629943013,"19":0.3574258387,"20":0.3561972976},"mean_squared_logarithmic_error":{"0":0.1352437586,"1":0.1336284578,"2":0.1335998178,"3":0.1333828568,"4":0.1335494816,"5":0.1335940361,"6":0.1335337311,"7":0.1335390061,"8":0.1335766912,"9":0.1336807013,"10":0.1337263733,"11":0.1370306909,"12":0.1381645799,"13":0.1380424201,"14":0.1379915029,"15":0.1376767606,"16":0.1370393336,"17":0.1363290697,"18":0.1357358694,"19":0.1367664784,"20":0.1370704472},"mean_squared_error":{"0":6.6171483994,"1":17.6692047119,"2":1.6762286425,"3":1.4489101171,"4":1.1604050398,"5":3085805.0,"6":1.1162106991,"7":1.7438677549,"8":2.5601491928,"9":1.5364034176,"10":0.8763386607,"11":1484714496.0,"12":106.9022216797,"13":1.2116086483,"14":0.8283328414,"15":1.2066371441,"16":0.837582469,"17":4769582592.0,"18":82274.9765625,"19":2.1840827465,"20":0.7635347247},"val_loss":{"0":0.2659802139,"1":0.2657059133,"2":0.266241312,"3":0.2664012015,"4":0.2667376101,"5":0.2652992606,"6":0.265883714,"7":0.267215699,"8":0.2657490969,"9":0.265763849,"10":0.2651404142,"11":0.2657499015,"12":0.2661682665,"13":0.2659362853,"14":0.2667731941,"15":0.2669567168,"16":0.2657020092,"17":0.267385006,"18":0.2666539848,"19":0.2656351626,"20":0.2655775249},"val_mean_squared_logarithmic_error":{"0":0.1040886268,"1":0.1026545614,"2":0.1026781127,"3":0.1031067073,"4":0.1024025306,"5":0.1026894301,"6":0.1023547053,"7":0.1024482995,"8":0.1024689749,"9":0.1025174335,"10":0.1027225256,"11":0.1047767773,"12":0.104699634,"13":0.1033866629,"14":0.1040580347,"15":0.1036416143,"16":0.1036658213,"17":0.1031403318,"18":0.1035561338,"19":0.1040354595,"20":0.1042670161},"val_mean_squared_error":{"0":1.1121449471,"1":0.6219739914,"2":0.8848305345,"3":0.5584785938,"4":0.6186261177,"5":0.4580813646,"6":0.6976681948,"7":1.106924057,"8":0.610153079,"9":0.5953987837,"10":0.6298371553,"11":0.6190817356,"12":0.5479203463,"13":0.5794534683,"14":0.9082371593,"15":0.7464409471,"16":0.6365718842,"17":0.5931819081,"18":0.5489546061,"19":0.6276015043,"20":0.5683142543}}