{"loss":{"0":0.2589093149,"1":0.2610186338,"2":0.2580105662,"3":0.277146399,"4":0.2579612136,"5":0.2614689469,"6":6.9631977081,"7":0.3097007275,"8":13.9270982742,"9":0.3036994338,"10":0.2956757545,"11":0.286454469,"12":0.2738921046,"13":0.2593955696,"14":0.2571516931,"15":0.2759793103,"16":0.2590484619,"17":0.2570261061,"18":0.2565853298,"19":0.2627584636,"20":0.2622908354,"21":0.2599260807,"22":0.2540014684,"23":0.2599445879,"24":0.2583204806,"25":0.258507967,"26":0.2574569583,"27":0.2576865256,"28":0.2548017204,"29":6.3305101395,"30":2014.8404541016,"31":8.5243778229,"32":0.2569240034,"33":0.2582401633,"34":0.2563409507,"35":0.2575467825,"36":0.2556685805},"mean_squared_logarithmic_error":{"0":0.0976789296,"1":0.097734943,"2":0.0977876037,"3":0.0985568985,"4":0.0982689261,"5":0.0982149616,"6":0.0983438417,"7":0.0980212837,"8":0.0986207873,"9":0.0987647548,"10":0.0984304175,"11":0.0982721671,"12":0.0982081592,"13":0.0982102975,"14":0.0981577858,"15":0.0982192159,"16":0.0980939567,"17":0.0981347412,"18":0.0980848297,"19":0.0983280018,"20":0.0981420502,"21":0.0982060581,"22":0.0981284007,"23":0.0982123464,"24":0.0982321054,"25":0.0982335582,"26":0.0982495025,"27":0.098264575,"28":0.0982528552,"29":0.0979857668,"30":0.0981348678,"31":0.0978873074,"32":0.0979302675,"33":0.0980815366,"34":0.0979883894,"35":0.0979458615,"36":0.098025687},"mean_squared_error":{"0":28.8136348724,"1":25.570482254,"2":13.5619220734,"3":3132.9526367188,"4":14.5702896118,"5":23.255191803,"6":122785144.0,"7":25844.103515625,"8":1276509568.0,"9":21811.15625,"10":17228.7421875,"11":10910.7626953125,"12":3509.1079101562,"13":13.4222164154,"14":6.4864106178,"15":1920.4365234375,"16":13.9362039566,"17":6.522813797,"18":5.7940654755,"19":90.0479049683,"20":276.8919677734,"21":21.7771968842,"22":1.8732995987,"23":23.3866481781,"24":308.012878418,"25":13.6308832169,"26":20.734796524,"27":10.5547075272,"28":2.6236448288,"29":646873024.0,"30":40420478287872.0,"31":76006608.0,"32":3.1190648079,"33":8.616850853,"34":9.4319534302,"35":6.2224440575,"36":2.5668818951},"val_loss":{"0":0.1728705317,"1":0.1732619256,"2":0.1719858348,"3":0.1731308103,"4":0.1727960855,"5":0.1729519069,"6":0.177526027,"7":0.1760047525,"8":0.1728773266,"9":0.1730843037,"10":0.1721203625,"11":0.173139289,"12":0.1719026417,"13":0.1724170893,"14":0.1719245464,"15":0.1729402393,"16":0.1718736738,"17":0.1722144634,"18":0.1718010604,"19":0.172238335,"20":0.1723210812,"21":0.1715168357,"22":0.1723226309,"23":0.1710219532,"24":0.172000736,"25":0.1716327518,"26":0.1708611101,"27":0.1712343097,"28":0.1715219766,"29":0.1739210486,"30":0.1735017747,"31":0.172996819,"32":0.172702238,"33":0.1724727154,"34":0.1722916961,"35":0.1715525389,"36":0.171373859},"val_mean_squared_logarithmic_error":{"0":0.0680813491,"1":0.0680100098,"2":0.0684453622,"3":0.0688225701,"4":0.068615824,"5":0.06855838,"6":0.0691944435,"7":0.0683769062,"8":0.0688778684,"9":0.0684422478,"10":0.0683296248,"11":0.0688783601,"12":0.0685188174,"13":0.0688897893,"14":0.0688312054,"15":0.0683119446,"16":0.0689210519,"17":0.0687231421,"18":0.0686059371,"19":0.0687379912,"20":0.0690692887,"21":0.0686616078,"22":0.0688615888,"23":0.0690025985,"24":0.0688173175,"25":0.068925254,"26":0.0685740411,"27":0.0691051334,"28":0.0688014999,"29":0.069092609,"30":0.0685522333,"31":0.0690343082,"32":0.0688642412,"33":0.0691629052,"34":0.068507798,"35":0.0690991357,"36":0.068908073},"val_mean_squared_error":{"0":1.1785889864,"1":0.9577617645,"2":1.0131344795,"3":1.0156605244,"4":0.6298182607,"5":0.8998122215,"6":0.8811822534,"7":1.0457788706,"8":0.6911205649,"9":0.6823304892,"10":0.6555860043,"11":0.6285527349,"12":0.6342327595,"13":0.523879528,"14":0.7335780859,"15":0.5636493564,"16":0.8875004649,"17":0.3968981802,"18":1.0201263428,"19":0.6890484691,"20":0.5774847269,"21":0.4435406327,"22":0.5214034915,"23":0.3797508478,"24":0.4939596057,"25":0.4012393057,"26":0.4824905396,"27":0.4566356838,"28":0.5369364619,"29":0.5315518379,"30":0.3484856784,"31":0.3512245417,"32":0.4875020087,"33":0.31877774,"34":0.3785640895,"35":0.3220794797,"36":0.2737410665}}