{"loss":{"0":3.8429818153,"1":3.8429820538,"2":3.8429787159,"3":3.8429803848,"4":3.842979908,"5":3.8429839611,"6":3.8429846764,"7":3.8429825306,"8":3.8429820538,"9":3.8429780006,"10":3.8429791927,"11":3.8429780006,"12":3.8429825306,"13":3.8429796696,"14":3.8429825306},"mean_squared_logarithmic_error":{"0":0.4325270653,"1":0.4325317442,"2":0.4325132072,"3":0.4325113297,"4":0.4325339794,"5":0.4325284958,"6":0.4325257838,"7":0.4325261116,"8":0.4325222671,"9":0.4325260818,"10":0.4325307608,"11":0.4325333536,"12":0.4325283468,"13":0.4325285852,"14":0.432523042},"mean_squared_error":{"0":52.8801269531,"1":52.8801956177,"2":52.8802490234,"3":52.8803520203,"4":52.8800926208,"5":52.8801383972,"6":52.8800964355,"7":52.880191803,"8":52.8803100586,"9":52.8801422119,"10":52.8801269531,"11":52.8801727295,"12":52.8802108765,"13":52.8801727295,"14":52.8801002502},"val_loss":{"0":3.5337610245,"1":3.5338802338,"2":3.5327908993,"3":3.5336511135,"4":3.53252244,"5":3.5335791111,"6":3.5337004662,"7":3.5334134102,"8":3.5332565308,"9":3.5338513851,"10":3.5338225365,"11":3.5330882072,"12":3.5334472656,"13":3.5332381725,"14":3.5337648392},"val_mean_squared_logarithmic_error":{"0":0.5393875241,"1":0.5393928289,"2":0.5392007828,"3":0.5393737555,"4":0.539201498,"5":0.5393697023,"6":0.5393694639,"7":0.53932482,"8":0.5392975807,"9":0.5393913388,"10":0.539400816,"11":0.539252758,"12":0.5393288136,"13":0.5393154025,"14":0.5393759012},"val_mean_squared_error":{"0":49.6794166565,"1":49.6806106567,"2":49.6640129089,"3":49.6751556396,"4":49.6516036987,"5":49.6713027954,"6":49.6781311035,"7":49.6728935242,"8":49.670085907,"9":49.6788215637,"10":49.6777610779,"11":49.6703529358,"12":49.6705474854,"13":49.6632614136,"14":49.677772522}}