{"loss":{"0":3.8429777622,"1":3.8429803848,"2":3.8429813385,"3":3.8429811001,"4":3.8429765701,"5":3.8429880142,"6":3.8429846764,"7":3.8429796696,"8":3.8429813385,"9":3.8429839611,"10":3.842982769,"11":3.8429832458,"12":3.8429818153,"13":3.842979908,"14":3.8429796696},"mean_squared_logarithmic_error":{"0":0.4325320721,"1":0.4325285554,"2":0.432530731,"3":0.4325249195,"4":0.4325263202,"5":0.4325254858,"6":0.43253088,"7":0.432530582,"8":0.4325297177,"9":0.4325278103,"10":0.4325241148,"11":0.432526201,"12":0.4325289726,"13":0.4325323105,"14":0.4325216115},"mean_squared_error":{"0":52.8801574707,"1":52.8801803589,"2":52.8801193237,"3":52.880153656,"4":52.8801231384,"5":52.8802680969,"6":52.8801345825,"7":52.880153656,"8":52.8801307678,"9":52.8802452087,"10":52.8801269531,"11":52.8802833557,"12":52.8800125122,"13":52.8801956177,"14":52.8801574707},"val_loss":{"0":3.533724308,"1":3.5340371132,"2":3.5336663723,"3":3.5334506035,"4":3.532440424,"5":3.5334653854,"6":3.5333425999,"7":3.5336897373,"8":3.533716917,"9":3.5334653854,"10":3.5331103802,"11":3.5336990356,"12":3.5333893299,"13":3.533570528,"14":3.5334947109},"val_mean_squared_logarithmic_error":{"0":0.5393837094,"1":0.5394678712,"2":0.539367795,"3":0.5393430591,"4":0.5391210914,"5":0.5393322706,"6":0.5393204093,"7":0.5393679738,"8":0.5394155979,"9":0.5393458009,"10":0.5392549038,"11":0.5393778682,"12":0.5393064618,"13":0.5393467546,"14":0.5393460393},"val_mean_squared_error":{"0":49.6763687134,"1":49.6795043945,"2":49.6758956909,"3":49.6689453125,"4":49.6597938538,"5":49.6715888977,"6":49.6679840088,"7":49.6753959656,"8":49.6717376709,"9":49.6697311401,"10":49.6689414978,"11":49.6762199402,"12":49.6719779968,"13":49.6739654541,"14":49.6731872559}}