{"loss":{"0":4.0560235977,"1":3.5511460304,"2":2.8936395645,"3":2.4338116646,"4":2.3525922298,"5":2.3101520538,"6":2.2829549313,"7":2.2641427517,"8":2.24817276,"9":2.2334332466,"10":2.2207379341,"11":2.2056965828,"12":2.1917784214,"13":2.1776914597,"14":2.1662344933,"15":2.152428627,"16":2.1380660534,"17":2.1270642281,"18":2.1147596836,"19":2.1028430462},"mean_squared_error":{"0":774.8991699219,"1":46.1192016602,"2":29.8882312775,"3":19.7226333618,"4":18.1415462494,"5":17.224395752,"6":16.6754379272,"7":16.2635288239,"8":15.9342098236,"9":15.6255054474,"10":15.3493261337,"11":15.02896595,"12":14.7207098007,"13":14.4081335068,"14":14.5439300537,"15":13.8632831573,"16":13.5266895294,"17":13.2339944839,"18":12.9033784866,"19":12.5625696182},"val_loss":{"0":7.6690626144,"1":7.5181860924,"2":7.4029574394,"3":7.2697443962,"4":7.1584911346,"5":7.1874065399,"6":6.9719862938,"7":6.9351820946,"8":6.802277565,"9":7.0958514214,"10":6.9989237785,"11":7.1438407898,"12":6.9285526276,"13":6.9553933144,"14":6.7631664276,"15":6.9476304054,"16":6.9965763092,"17":7.3464303017,"18":7.1642136574,"19":14.4101409912},"val_mean_squared_error":{"0":1068.5881347656,"1":204.4839477539,"2":200.6824035645,"3":196.175567627,"4":189.3194732666,"5":189.6783294678,"6":181.5863037109,"7":178.9477386475,"8":172.2431793213,"9":1216.8933105469,"10":1316.5512695312,"11":7722.50390625,"12":179.1287231445,"13":5137.65234375,"14":173.8543243408,"15":491.0729980469,"16":822.6786499023,"17":8423.36328125,"18":4210.654296875,"19":4566583.5}}