{"loss":{"0":2.3152787685,"1":2.2799527645,"2":2.1850841045,"3":2.2285816669,"4":2.1701176167,"5":2.1593289375,"6":2.1501357555,"7":3.7087085247,"8":2.6890821457,"9":2.5611352921,"10":4.4143500328,"11":3.0604059696,"12":2.1718697548,"13":2.1518206596,"14":2.1368880272,"15":2.1212565899,"16":2.1109502316,"17":2.0984706879},"mean_squared_error":{"0":4824.1201171875,"1":2266.8195800781,"2":60.7889022827,"3":1163.8337402344,"4":14.3055973053,"5":12.8630199432,"6":12.5816640854,"7":1207394.25,"8":55922.65234375,"9":21559.671875,"10":846878.25,"11":195208.171875,"12":37.5734558105,"13":103.4905471802,"14":14.4015207291,"15":12.0109901428,"16":11.815076828,"17":11.5823078156},"val_loss":{"0":6.4832448959,"1":11.3601236343,"2":6.4931564331,"3":6.4255743027,"4":6.4391155243,"5":6.6516742706,"6":6.6298556328,"7":6.3383865356,"8":6.5525946617,"9":6.8920464516,"10":6.605946064,"11":6.3881430626,"12":6.6014227867,"13":6.4149165154,"14":6.5863890648,"15":6.3404111862,"16":6.5695271492,"17":6.5301399231},"val_mean_squared_error":{"0":160.4153747559,"1":2091404.5,"2":158.5096130371,"3":156.0064849854,"4":156.9315490723,"5":162107.1875,"6":166.715637207,"7":152.7775726318,"8":163.7752532959,"9":10895.861328125,"10":176.8047180176,"11":155.3609466553,"12":165.6110229492,"13":156.8651123047,"14":165.3470916748,"15":154.6341094971,"16":163.6504364014,"17":163.0985870361}}