{"loss":{"0":2.1992397308,"1":2.1622316837,"2":2.135011673,"3":2.1091628075,"4":2.0843434334,"5":2.063377142,"6":2.0454425812,"7":2.035074234,"8":2.0163652897,"9":2.0040011406,"10":1.9918595552,"11":1.9809607267},"mean_squared_error":{"0":13.6297044754,"1":12.7060070038,"2":12.221157074,"3":11.7393693924,"4":11.3143863678,"5":10.9657154083,"6":10.6751890182,"7":10.5113201141,"8":10.2284345627,"9":10.0427865982,"10":9.8687849045,"11":9.7154130936},"val_loss":{"0":6.4217538834,"1":6.2374258041,"2":6.2845978737,"3":6.3194894791,"4":6.3537855148,"5":6.3904595375,"6":6.411169529,"7":6.6152467728,"8":6.330057621,"9":6.3391718864,"10":6.450961113,"11":6.4607591629},"val_mean_squared_error":{"0":157.8148956299,"1":148.9331512451,"2":151.3050384521,"3":154.0774993896,"4":155.0927734375,"5":156.7436828613,"6":157.4937744141,"7":167.0946655273,"8":155.5102996826,"9":155.9757080078,"10":159.5914764404,"11":162.6853637695}}