{"loss":{"0":3.842979908,"1":3.8429784775,"2":3.8429806232,"3":3.842977047,"4":3.8429825306,"5":3.8429832458,"6":3.8429844379,"7":3.8429818153,"8":3.8429839611,"9":3.8429832458,"10":3.8429811001,"11":3.8429820538,"12":3.842982769},"mean_squared_logarithmic_error":{"0":0.4325290322,"1":0.4325275719,"2":0.4325278699,"3":0.4325279295,"4":0.4325222671,"5":0.432526499,"6":0.4325287044,"7":0.4325319529,"8":0.4325267076,"9":0.4325321615,"10":0.4325284064,"11":0.432534188,"12":0.4325275123},"mean_squared_error":{"0":52.880115509,"1":52.8800773621,"2":52.8801612854,"3":52.8801803589,"4":52.8801651001,"5":52.8801116943,"6":52.8801345825,"7":52.8801841736,"8":52.8802070618,"9":52.8801383972,"10":52.8801651001,"11":52.8801383972,"12":52.8802261353},"val_loss":{"0":3.5335013866,"1":3.5330593586,"2":3.5325708389,"3":3.5331587791,"4":3.5342257023,"5":3.5336415768,"6":3.5337538719,"7":3.5337581635,"8":3.5340530872,"9":3.5340704918,"10":3.533323288,"11":3.5333251953,"12":3.533005476},"val_mean_squared_logarithmic_error":{"0":0.5393492579,"1":0.5393004417,"2":0.5392096043,"3":0.5392451882,"4":0.5394096971,"5":0.5393922329,"6":0.5393623114,"7":0.5393980742,"8":0.539439857,"9":0.5394689441,"10":0.5392937064,"11":0.5393105149,"12":0.539250195},"val_mean_squared_error":{"0":49.6718292236,"1":49.6550369263,"2":49.652256012,"3":49.6706390381,"4":49.6935806274,"5":49.671546936,"6":49.6789741516,"7":49.6759757996,"8":49.6816749573,"9":49.6802520752,"10":49.6719284058,"11":49.6707687378,"12":49.6648864746}}