{"loss":{"0":645.6461181641,"1":3.8943078518,"2":3.3801922798,"3":2.8020911217,"4":2.3693835735,"5":2.2933168411,"6":2.2576425076,"7":2.2343716621,"8":2.2165315151,"9":2.1996099949,"10":2.1822962761,"11":2.1655888557,"12":2.1476869583,"13":2.1296713352,"14":2.113622427,"15":2.0939524174,"16":2.1887185574,"17":2.2674093246,"18":2.2111802101},"mean_squared_error":{"0":64979378176.0,"1":3142.3037109375,"2":42.8409729004,"3":27.7876682281,"4":18.1992855072,"5":16.6081123352,"6":15.8102579117,"7":15.2206697464,"8":14.6394338608,"9":13.9488573074,"10":13.2603797913,"11":12.8609418869,"12":12.4803514481,"13":12.1523208618,"14":11.9760742188,"15":11.555346489,"16":7675.0102539062,"17":3439.5080566406,"18":1546.5563964844},"val_loss":{"0":7.7577295303,"1":7.6357183456,"2":7.5306019783,"3":6.8088722229,"4":6.4087247849,"5":6.4740519524,"6":6.5318441391,"7":6.4723215103,"8":6.3172655106,"9":6.3733606339,"10":6.4365787506,"11":6.3685646057,"12":6.4240117073,"13":6.3774447441,"14":6.3682522774,"15":6.3539834023,"16":9.1032772064,"17":10.4818811417,"18":6.5288510323},"val_mean_squared_error":{"0":1524.7849121094,"1":209.4323577881,"2":206.0472869873,"3":169.6201782227,"4":154.4042816162,"5":157.5380249023,"6":158.8667297363,"7":156.8701782227,"8":152.1053466797,"9":153.2520141602,"10":156.3002929688,"11":155.6600341797,"12":156.9400024414,"13":155.7166442871,"14":157.7877960205,"15":155.5272674561,"16":512006.09375,"17":1053115.5,"18":174.2294006348}}