{"loss":{"0":2.223218441,"1":2.1880683899,"2":2.1625533104,"3":2.1446478367,"4":2.139847517,"5":2.1425321102,"6":2.1151278019,"7":2.1148538589,"8":2.1024348736,"9":2.0909101963,"10":2.0830876827,"11":2.1116957664,"12":2.0692458153,"13":2.056135416,"14":2.1517343521,"15":2.0432231426,"16":2.0354175568,"17":2.0277750492,"18":2.0187981129,"19":2.0097434521},"mean_squared_error":{"0":14.6246261597,"1":13.5193433762,"2":12.8952798843,"3":12.5655078888,"4":23.5775852203,"5":65.1115341187,"6":12.1360673904,"7":17.4497528076,"8":11.8228578568,"9":11.6785860062,"10":11.8848247528,"11":269.1671447754,"12":11.2830781937,"13":10.9322490692,"14":3702.0168457031,"15":10.720240593,"16":10.586438179,"17":10.464630127,"18":10.3283319473,"19":10.2156171799},"val_loss":{"0":6.2620377541,"1":6.2560195923,"2":6.4169521332,"3":6.2823529243,"4":6.3523669243,"5":6.1784205437,"6":6.4224085808,"7":6.2572617531,"8":6.5493459702,"9":6.1695785522,"10":6.2176222801,"11":6.2002773285,"12":6.4352812767,"13":6.4708280563,"14":6.3875722885,"15":6.343419075,"16":6.4193525314,"17":6.3806204796,"18":6.3992547989,"19":6.4267010689},"val_mean_squared_error":{"0":148.7829742432,"1":148.0570678711,"2":155.1238250732,"3":149.240814209,"4":152.8177337646,"5":145.8308105469,"6":157.1695251465,"7":147.9990692139,"8":162.8961334229,"9":144.2288208008,"10":148.2320098877,"11":146.2115478516,"12":156.4239959717,"13":159.89012146,"14":155.3535919189,"15":152.9485473633,"16":158.1976470947,"17":155.7249603271,"18":156.7752227783,"19":157.6160736084}}