{"loss":{"0":0.4328579903,"1":0.4267133176,"2":0.4258449674,"3":0.4251700044,"4":0.4246979952,"5":0.4243764281,"6":0.4242843688,"7":0.4241616726,"8":0.4239966571,"9":0.4239368141,"10":0.4239220917,"11":0.4238346517,"12":0.4237726629,"13":0.4237607419,"14":0.4236401916,"15":0.4236653745,"16":0.4236335158,"17":0.4235830307,"18":0.4236127138,"19":0.4234885871,"20":0.423425585,"21":0.4234870672,"22":0.4235486388,"23":0.4234835207,"24":0.4233555496,"25":0.4234841168,"26":0.4235303998,"27":0.4232917726,"28":0.4233640134,"29":0.4233348966,"30":0.4233560562,"31":0.4234209955,"32":0.4233231246,"33":0.423260659,"34":0.4232892394,"35":0.4232757986,"36":0.4232119024,"37":0.4231725335,"38":0.4232198596},"mean_squared_logarithmic_error":{"0":0.1761485338,"1":0.1726607531,"2":0.171822086,"3":0.1715015918,"4":0.1712517887,"5":0.1710709631,"6":0.1708804667,"7":0.1708210707,"8":0.1706799716,"9":0.1705766469,"10":0.1705200374,"11":0.1704217494,"12":0.1704344451,"13":0.1703315377,"14":0.1702776104,"15":0.1702168584,"16":0.1701894403,"17":0.1701937467,"18":0.1701191366,"19":0.1700693071,"20":0.1700475365,"21":0.1700247377,"22":0.1699469686,"23":0.1699591875,"24":0.1699241996,"25":0.1698836088,"26":0.1698409021,"27":0.1698640287,"28":0.1698284745,"29":0.1698070616,"30":0.1698286086,"31":0.1697750986,"32":0.1697226614,"33":0.16972287,"34":0.1697286516,"35":0.1697008461,"36":0.1697063446,"37":0.169745177,"38":0.1696829945},"mean_squared_error":{"0":1.0767896175,"1":0.99433285,"2":0.9856658578,"3":0.9802194238,"4":0.9764848351,"5":0.9737018943,"6":0.9715638161,"7":0.9701209664,"8":0.9687968493,"9":0.9677958488,"10":0.9671266675,"11":0.9664388299,"12":0.9660653472,"13":0.9655530453,"14":0.9651347995,"15":0.9647570252,"16":0.9644901752,"17":0.9642761946,"18":0.963962853,"19":0.9636386037,"20":0.9634658694,"21":0.963288486,"22":0.9630361795,"23":0.962903738,"24":0.9627657533,"25":0.9625672698,"26":0.9623676538,"27":0.9622634053,"28":0.9621321559,"29":0.9619662166,"30":0.9619233608,"31":0.9617233872,"32":0.9615303874,"33":0.961481452,"34":0.9614024758,"35":0.9612431526,"36":0.9612001181,"37":0.9612062573,"38":0.9610546827},"val_loss":{"0":0.491121769,"1":0.4900395572,"2":0.488040179,"3":0.4870584309,"4":0.4865607023,"5":0.485383004,"6":0.4860159457,"7":0.4853129685,"8":0.4839270115,"9":0.4867644608,"10":0.4837894142,"11":0.4834269583,"12":0.4855182171,"13":0.4847982228,"14":0.4842318594,"15":0.4831042886,"16":0.4852756858,"17":0.4833948612,"18":0.4837230742,"19":0.4828717411,"20":0.4840356708,"21":0.4848764539,"22":0.4837982953,"23":0.4839886725,"24":0.4831745625,"25":0.4830507338,"26":0.4832003713,"27":0.4831090569,"28":0.4816933274,"29":0.4841761589,"30":0.4820713103,"31":0.483363986,"32":0.4835395515,"33":0.4828035235,"34":0.4844182134,"35":0.4828264415,"36":0.4831509292,"37":0.4835030437,"38":0.4834563136},"val_mean_squared_logarithmic_error":{"0":0.1809420139,"1":0.1793367863,"2":0.1780006737,"3":0.1777225584,"4":0.1780599207,"5":0.1776718497,"6":0.176992476,"7":0.1781689674,"8":0.1767738014,"9":0.1767424941,"10":0.1782006919,"11":0.1768328547,"12":0.1771841049,"13":0.1762675494,"14":0.1769659966,"15":0.1778130978,"16":0.1764610559,"17":0.1775685847,"18":0.1779951006,"19":0.1775594354,"20":0.1771029532,"21":0.1767687649,"22":0.1768862903,"23":0.1764827073,"24":0.1765758693,"25":0.1774627715,"26":0.1772635579,"27":0.1778465509,"28":0.1781458259,"29":0.1772242188,"30":0.1778486371,"31":0.1771708131,"32":0.177628383,"33":0.177004829,"34":0.1761564463,"35":0.1772909015,"36":0.1773406118,"37":0.1778174043,"38":0.177906394},"val_mean_squared_error":{"0":1.3132532835,"1":1.2904648781,"2":1.2715910673,"3":1.2588175535,"4":1.2540019751,"5":1.2500474453,"6":1.2455689907,"7":1.2455180883,"8":1.2405103445,"9":1.2391251326,"10":1.2406343222,"11":1.2371575832,"12":1.2373695374,"13":1.2341835499,"14":1.2354152203,"15":1.2360826731,"16":1.2322750092,"17":1.2310004234,"18":1.2321449518,"19":1.2298833132,"20":1.2286907434,"21":1.2267929316,"22":1.226159811,"23":1.2243857384,"24":1.2236963511,"25":1.224858284,"26":1.2234717607,"27":1.2245966196,"28":1.2242195606,"29":1.2221508026,"30":1.2223320007,"31":1.2202336788,"32":1.2211199999,"33":1.2184461355,"34":1.2164717913,"35":1.2178226709,"36":1.2176747322,"37":1.2183864117,"38":1.2179391384}}