{"loss":{"0":0.2650100887,"1":0.2567134798,"2":0.2570712566,"3":0.2595718503,"4":0.2615850568,"5":0.2626863718,"6":0.2635197341,"7":0.2631928027,"8":0.2631448209,"9":0.2629102767,"10":0.2630056143},"mean_squared_logarithmic_error":{"0":0.1171230152,"1":0.1091858447,"2":0.1091751903,"3":0.1089609712,"4":0.1087441146,"5":0.1085607558,"6":0.1084974557,"7":0.1086842269,"8":0.1086632684,"9":0.1088049114,"10":0.1087220758},"mean_squared_error":{"0":0.5429037213,"1":0.4968459904,"2":0.4978939593,"3":0.4990471601,"4":0.500220418,"5":0.5012035966,"6":0.502075851,"7":0.5030528307,"8":0.5033631921,"9":0.5038791299,"10":0.503798902},"val_loss":{"0":0.27051875,"1":0.2752942443,"2":0.280798465,"3":0.284722656,"4":0.2865365148,"5":0.2858901918,"6":0.2856810391,"7":0.2843462825,"8":0.2863253355,"9":0.2864061594,"10":0.2900392711},"val_mean_squared_logarithmic_error":{"0":0.1097677648,"1":0.1100994796,"2":0.1091194972,"3":0.1095267311,"4":0.1087435707,"5":0.1088180169,"6":0.1093087271,"7":0.1089881957,"8":0.1096264496,"9":0.1089573056,"10":0.1096992791},"val_mean_squared_error":{"0":0.5112874508,"1":0.5147685409,"2":0.514908731,"3":0.5182384253,"4":0.5181710124,"5":0.5176663995,"6":0.5208165646,"7":0.5183975697,"8":0.5220127702,"9":0.5189402103,"10":0.523234129}}