{"loss":{"0":0.1559291333,"1":0.1557197273,"2":0.1556842625,"3":0.1556629837,"4":0.1556550413,"5":0.1556447446,"6":0.155627802,"7":0.1556215286,"8":0.1556280851,"9":0.1556190699,"10":0.1556215286,"11":0.1556129903,"12":0.1555973589,"13":0.155614078,"14":0.1556053907,"15":0.1555954218,"16":0.1555999517},"mean_squared_logarithmic_error":{"0":0.068105422,"1":0.0682447478,"2":0.0682489946,"3":0.0682576746,"4":0.0682668686,"5":0.0682793036,"6":0.068286933,"7":0.068295531,"8":0.0683034509,"9":0.0683167949,"10":0.0683269724,"11":0.0683381036,"12":0.0683455095,"13":0.0683496296,"14":0.0683575571,"15":0.0683667958,"16":0.0683739334},"mean_squared_error":{"0":0.2575887442,"1":0.2579125166,"2":0.2577925026,"3":0.2577874362,"4":0.257799089,"5":0.2578316331,"6":0.2578453124,"7":0.2578663826,"8":0.2578875124,"9":0.257928282,"10":0.2579627633,"11":0.2580004632,"12":0.2580228448,"13":0.258041352,"14":0.2580683827,"15":0.2581005394,"16":0.2581238151},"val_loss":{"0":0.1816718429,"1":0.1818485111,"2":0.1817325056,"3":0.1817799211,"4":0.1817083806,"5":0.1817928851,"6":0.1816032827,"7":0.181736201,"8":0.1816928238,"9":0.1818333119,"10":0.1817661822,"11":0.1816941798,"12":0.1817002296,"13":0.1816061437,"14":0.1818261296,"15":0.1817487478,"16":0.1816374958},"val_mean_squared_logarithmic_error":{"0":0.0781306177,"1":0.0782730728,"2":0.0783338398,"3":0.0783834532,"4":0.0784306973,"5":0.0784409568,"6":0.0784602612,"7":0.078486219,"8":0.0784895122,"9":0.0784866959,"10":0.0785479695,"11":0.078608118,"12":0.0785700977,"13":0.0785790905,"14":0.0786491111,"15":0.0786462948,"16":0.078619644},"val_mean_squared_error":{"0":0.3133116364,"1":0.3141836822,"2":0.3143585622,"3":0.3144871593,"4":0.3146412075,"5":0.3147382438,"6":0.3148094118,"7":0.3149299324,"8":0.3150264621,"9":0.3151476979,"10":0.3152955174,"11":0.3154819608,"12":0.3154334724,"13":0.3155034184,"14":0.3157115877,"15":0.3157688379,"16":0.3156971335}}