{"loss":{"0":0.2297609001,"1":0.2297159582,"2":0.2297254503,"3":0.2296905369,"4":0.2297114134,"5":0.2297282219,"6":0.2297084183,"7":0.2297306657,"8":0.229756847,"9":0.2297153622,"10":0.2297421247,"11":0.2297514677},"mean_squared_logarithmic_error":{"0":0.0990385413,"1":0.0991167873,"2":0.0991202593,"3":0.0991289541,"4":0.0991410688,"5":0.0991313681,"6":0.0991307497,"7":0.0991404802,"8":0.0991237387,"9":0.0991251841,"10":0.0991320014,"11":0.0991217121},"mean_squared_error":{"0":0.4163541496,"1":0.4171814322,"2":0.4173235595,"3":0.4173778594,"4":0.4173732102,"5":0.4174337983,"6":0.4174273908,"7":0.4173837304,"8":0.4174214303,"9":0.4173945487,"10":0.4173571765,"11":0.4174236059},"val_loss":{"0":0.2345351875,"1":0.2341779768,"2":0.2343396395,"3":0.2345008999,"4":0.234203279,"5":0.2347069085,"6":0.2348793,"7":0.2343156934,"8":0.2347526252,"9":0.2351615727,"10":0.2342774123,"11":0.2347073704},"val_mean_squared_logarithmic_error":{"0":0.1011838838,"1":0.1012125835,"2":0.1012206078,"3":0.1013238132,"4":0.1012248695,"5":0.1012652591,"6":0.1013154909,"7":0.1012321785,"8":0.1012248024,"9":0.101393193,"10":0.1012577713,"11":0.1012515649},"val_mean_squared_error":{"0":0.4487591088,"1":0.4470730424,"2":0.4442764223,"3":0.4500352442,"4":0.4469739199,"5":0.4433698654,"6":0.4513032138,"7":0.4462035,"8":0.443169713,"9":0.4524781108,"10":0.4451301992,"11":0.4438889325}}