{"loss":{"0":0.245824784,"1":0.2453696877,"2":0.2451697886,"3":0.2450602204,"4":0.2448848784,"5":0.2448555678,"6":0.2447826564,"7":0.2447157949,"8":0.2446350753,"9":0.2445506603,"10":0.2444770187,"11":0.2444269061,"12":0.244391948,"13":0.2443567961,"14":0.2443211526,"15":0.2442745566,"16":0.2442316711,"17":0.2442012578,"18":0.2441922128,"19":0.244204402,"20":0.2442130446,"21":0.244194746,"22":0.2441820055,"23":0.2441559732,"24":0.2441625148,"25":0.2441301048,"26":0.244142592,"27":0.2441265434,"28":0.2441219389,"29":0.2441242784,"30":0.2440974116,"31":0.2441154718,"32":0.2440825254,"33":0.2441194803,"34":0.2440858632,"35":0.2441007644,"36":0.2440774441,"37":0.2440864742,"38":0.2440752238,"39":0.2440630943,"40":0.2440792024,"41":0.2440492362,"42":0.2440833747,"43":0.2440606207,"44":0.244070515,"45":0.2440616637,"46":0.2440552264,"47":0.2440571934,"48":0.2440533191,"49":0.2440520674,"50":0.2440332472,"51":0.2440610528,"52":0.2440392375,"53":0.2440490723,"54":0.2440308481,"55":0.244050622,"56":0.2440311462,"57":0.2440376878,"58":0.2440365851,"59":0.2440306395,"60":0.2440300882,"61":0.2440190911,"62":0.2440385967,"63":0.2440281212,"64":0.2440307736,"65":0.2440210432,"66":0.2440263927,"67":0.2440144271,"68":0.2440289259,"69":0.2440091521,"70":0.2440177649,"71":0.2440174222,"72":0.244012028,"73":0.2440185249,"74":0.2440085262,"75":0.2440185398,"76":0.244006753},"mean_squared_logarithmic_error":{"0":0.1045278609,"1":0.1047048792,"2":0.1049395055,"3":0.105041787,"4":0.1052277833,"5":0.1052933484,"6":0.1053689197,"7":0.1054297537,"8":0.1054501235,"9":0.1055128425,"10":0.1055112556,"11":0.1055472493,"12":0.1055413112,"13":0.1055608317,"14":0.105577074,"15":0.1055810377,"16":0.1056017503,"17":0.10558144,"18":0.1055773348,"19":0.105537802,"20":0.1054983288,"21":0.1054944247,"22":0.1054669917,"23":0.1054985374,"24":0.1054570153,"25":0.1054818779,"26":0.1054572687,"27":0.1054648161,"28":0.1054704636,"29":0.1054598913,"30":0.1054784805,"31":0.1054558307,"32":0.1054829806,"33":0.1054419801,"34":0.1054642797,"35":0.1054268032,"36":0.1054441333,"37":0.1054357514,"38":0.1054313332,"39":0.1054512709,"40":0.1054286659,"41":0.1054581478,"42":0.1054217517,"43":0.1054491848,"44":0.1054105237,"45":0.1054278836,"46":0.1054069921,"47":0.1054148152,"48":0.1054146066,"49":0.1054094732,"50":0.1054267585,"51":0.1054023728,"52":0.1054308638,"53":0.105395861,"54":0.1054217592,"55":0.1053870916,"56":0.1054033414,"57":0.1053879559,"58":0.1053852141,"59":0.105396226,"60":0.1053847745,"61":0.1054078192,"62":0.1053843647,"63":0.1053998768,"64":0.1053726077,"65":0.1053912714,"66":0.1053714827,"67":0.105376035,"68":0.1053675339,"69":0.1053673998,"70":0.1053793803,"71":0.1053652018,"72":0.105383724,"73":0.1053581759,"74":0.1053791493,"75":0.1053534821,"76":0.105365999},"mean_squared_error":{"0":0.4518176615,"1":0.4545012712,"2":0.4565586746,"3":0.4580643475,"4":0.4594361782,"5":0.4602098465,"6":0.4607002139,"7":0.4610031545,"8":0.4611527324,"9":0.4613509178,"10":0.4613902867,"11":0.4615189433,"12":0.4615074098,"13":0.4615554512,"14":0.4616121948,"15":0.4615080059,"16":0.4616505206,"17":0.4613316953,"18":0.4612968564,"19":0.4608406723,"20":0.4603765309,"21":0.4604432285,"22":0.460049212,"23":0.4604846239,"24":0.45989272,"25":0.4602933824,"26":0.459908545,"27":0.4601250589,"28":0.4600579143,"29":0.4599771798,"30":0.4601853192,"31":0.4598790705,"32":0.4602129757,"33":0.4596728086,"34":0.4600424469,"35":0.4595041871,"36":0.4598469138,"37":0.4596109092,"38":0.4596755207,"39":0.4597536922,"40":0.4595890939,"41":0.4598675966,"42":0.4594591856,"43":0.4597994983,"44":0.4592445791,"45":0.4596115649,"46":0.4592195153,"47":0.4594553113,"48":0.4593192339,"49":0.4593090117,"50":0.4594510198,"51":0.4592275918,"52":0.459525317,"53":0.4590897858,"54":0.4594580531,"55":0.4589365423,"56":0.4592577517,"57":0.4589478672,"58":0.4590659738,"59":0.4590632617,"60":0.4589853287,"61":0.4591995776,"62":0.4589159191,"63":0.4591882825,"64":0.4587527812,"65":0.4591015875,"66":0.4586907029,"67":0.4589144886,"68":0.4587179124,"69":0.4587539136,"70":0.4588412344,"71":0.4586908817,"72":0.4589161277,"73":0.4585887194,"74":0.4589041173,"75":0.4584847689,"76":0.4587832093},"val_loss":{"0":0.3325210512,"1":0.329400301,"2":0.3302596211,"3":0.3280917406,"4":0.3302362859,"5":0.3302293718,"6":0.3294839561,"7":0.3282164931,"8":0.3260589242,"9":0.3256938159,"10":0.3256777525,"11":0.3258572817,"12":0.3259705603,"13":0.3252480328,"14":0.3240431249,"15":0.3233216405,"16":0.3228190839,"17":0.3224800825,"18":0.3234305382,"19":0.3225136995,"20":0.3231778145,"21":0.3218626082,"22":0.3219683766,"23":0.3217692673,"24":0.3214087784,"25":0.3219103217,"26":0.3211756349,"27":0.3222291172,"28":0.3212071061,"29":0.3222456574,"30":0.3211398721,"31":0.3217277825,"32":0.3213537633,"33":0.3212654591,"34":0.3215514719,"35":0.3209217787,"36":0.3214173913,"37":0.3209550381,"38":0.3215958476,"39":0.3208637536,"40":0.3216646016,"41":0.3211863339,"42":0.3211374283,"43":0.3212969005,"44":0.3209989667,"45":0.321261853,"46":0.3207831085,"47":0.3215631247,"48":0.320723474,"49":0.3214411139,"50":0.320948571,"51":0.3212246001,"52":0.3212132156,"53":0.3209383488,"54":0.3210604489,"55":0.3207463622,"56":0.321192652,"57":0.3206402063,"58":0.3213838637,"59":0.3207750022,"60":0.3212725222,"61":0.3208132982,"62":0.3209574223,"63":0.3209697902,"64":0.3207243681,"65":0.3209034801,"66":0.3205353916,"67":0.3211590946,"68":0.3206005692,"69":0.3212662339,"70":0.3207827806,"71":0.321098119,"72":0.3207277358,"73":0.3209620118,"74":0.3209325969,"75":0.320592165,"76":0.3211418688},"val_mean_squared_logarithmic_error":{"0":0.1362746209,"1":0.1351630986,"2":0.1374509633,"3":0.1358344406,"4":0.1378401965,"5":0.136734575,"6":0.1380564272,"7":0.1383770853,"8":0.138531372,"9":0.1390152872,"10":0.1381340623,"11":0.1389647275,"12":0.1380993873,"13":0.1391726285,"14":0.1387044936,"15":0.1393594444,"16":0.139444679,"17":0.1386839598,"18":0.1399186701,"19":0.1381452829,"20":0.1400561929,"21":0.1383842081,"22":0.1393641382,"23":0.1388596594,"24":0.138678804,"25":0.1392832547,"26":0.138388291,"27":0.1396666467,"28":0.1382213086,"29":0.1397428811,"30":0.138060376,"31":0.1395205706,"32":0.1385970861,"33":0.1388828754,"34":0.138951987,"35":0.1384602487,"36":0.1393642128,"37":0.1382159144,"38":0.1397160143,"39":0.138103649,"40":0.1396533251,"41":0.1382759213,"42":0.1392215043,"43":0.1386096328,"44":0.1385572702,"45":0.1389603466,"46":0.1382483393,"47":0.1393631846,"48":0.138014093,"49":0.1395499259,"50":0.1380680948,"51":0.1392638981,"52":0.1383419931,"53":0.1388144344,"54":0.138659209,"55":0.1382771581,"56":0.1390142441,"57":0.1380458474,"58":0.1394174248,"59":0.1379738152,"60":0.1392522454,"61":0.138083294,"62":0.139002949,"63":0.1382108033,"64":0.1385533661,"65":0.1387133002,"66":0.1381788701,"67":0.1389946043,"68":0.1379471421,"69":0.1392398924,"70":0.1379854828,"71":0.1390019506,"72":0.1381786019,"73":0.1385859847,"74":0.1385311782,"75":0.1381495744,"76":0.1388794482},"val_mean_squared_error":{"0":0.7218821049,"1":0.724794507,"2":0.7356157303,"3":0.7346501946,"4":0.7445648909,"5":0.7428823709,"6":0.7466294765,"7":0.7465994954,"8":0.7465251684,"9":0.7479298711,"10":0.7462379932,"11":0.7491368651,"12":0.7457044721,"13":0.7499068975,"14":0.7460085154,"15":0.7485218644,"16":0.7493616343,"17":0.740683496,"18":0.7560251355,"19":0.7343127728,"20":0.7557240725,"21":0.7364518046,"22":0.7482582331,"23":0.7410860062,"24":0.7410558462,"25":0.7463362813,"26":0.7359685898,"27":0.7513474822,"28":0.7332636714,"29":0.7529302835,"30":0.7337570786,"31":0.7499783039,"32":0.7378214598,"33":0.7428060174,"34":0.7419977188,"35":0.7371580601,"36":0.7472597957,"37":0.733335793,"38":0.7508390546,"39":0.7321209908,"40":0.7503092289,"41":0.7344126701,"42":0.7454610467,"43":0.7381463647,"44":0.7390562892,"45":0.7426118851,"46":0.7342153192,"47":0.7474326491,"48":0.7314171791,"49":0.7491912842,"50":0.7318290472,"51":0.7469554543,"52":0.7350924015,"53":0.741396606,"54":0.738740325,"55":0.7356246114,"56":0.7436292768,