{"loss":{"0":0.2609623969,"1":0.2606788278,"2":0.2606955767,"3":0.2606134117,"4":0.2605028749,"5":0.260495156,"6":0.2604829371,"7":0.2604847848,"8":0.2605041265,"9":0.2604550421,"10":0.2604590058,"11":0.2604517043,"12":0.2605099976,"13":0.2604603767},"mean_squared_logarithmic_error":{"0":0.1128168032,"1":0.1127023622,"2":0.1126593277,"3":0.1126779914,"4":0.112680681,"5":0.1127279997,"6":0.1127459481,"7":0.1127627641,"8":0.1127507836,"9":0.1127755865,"10":0.11276225,"11":0.1127815768,"12":0.1127931401,"13":0.1127625853},"mean_squared_error":{"0":0.5792543292,"1":0.578783989,"2":0.5785976052,"3":0.5785482526,"4":0.5785977244,"5":0.578723073,"6":0.578830421,"7":0.5788962245,"8":0.5789285898,"9":0.5790063143,"10":0.578979969,"11":0.5790183544,"12":0.5790413022,"13":0.5789809823},"val_loss":{"0":0.2167856395,"1":0.2171977609,"2":0.217841804,"3":0.2166549563,"4":0.2170632631,"5":0.2168728709,"6":0.2172080278,"7":0.2169171423,"8":0.2173047215,"9":0.2167948931,"10":0.2171102166,"11":0.2167721838,"12":0.2170485109,"13":0.2169213444},"val_mean_squared_logarithmic_error":{"0":0.0931991488,"1":0.0931887701,"2":0.0932013839,"3":0.0933739617,"4":0.0933745503,"5":0.093461968,"6":0.0933299214,"7":0.0934272334,"8":0.093365036,"9":0.0934213996,"10":0.093417868,"11":0.0934838504,"12":0.0933842361,"13":0.0933707133},"val_mean_squared_error":{"0":0.4211795628,"1":0.4227620661,"2":0.4236592948,"3":0.4240339994,"4":0.4239494503,"5":0.4239324331,"6":0.4232231081,"7":0.4232170284,"8":0.4227959812,"9":0.4227562547,"10":0.4226275384,"11":0.4227030277,"12":0.4223503768,"13":0.4223209321}}