{"loss":{"0":0.1973626614,"1":0.1971355677,"2":0.1970081329,"3":0.1969741136,"4":0.1969128698,"5":0.1968866736,"6":0.1968391091,"7":0.1967968792,"8":0.1967661232,"9":0.1966959238,"10":0.1966729462,"11":0.1966642141,"12":0.1966377348,"13":0.1966250688,"14":0.196602419,"15":0.1966122389,"16":0.1966104507,"17":0.1966004819,"18":0.1965632588,"19":0.1965533048,"20":0.19654423,"21":0.1965558082,"22":0.1965563297,"23":0.1965416968,"24":0.1965484172,"25":0.1965078264,"26":0.19651407,"27":0.196535334,"28":0.1965123415,"29":0.1965114623,"30":0.196484983,"31":0.1964879781,"32":0.1964880228,"33":0.196474269,"34":0.1964823753,"35":0.1964709908,"36":0.1964560598,"37":0.1964617521,"38":0.1964819431,"39":0.1964526772,"40":0.196445778,"41":0.1964626759,"42":0.1964323521,"43":0.1964792907,"44":0.1964461654,"45":0.1964252889,"46":0.1964302957,"47":0.1964214146,"48":0.1964512765,"49":0.1964510828},"mean_squared_logarithmic_error":{"0":0.0831551254,"1":0.083216913,"2":0.0832444727,"3":0.0832622126,"4":0.0832859129,"5":0.0833053663,"6":0.0833254829,"7":0.0833459273,"8":0.0833650827,"9":0.0833877027,"10":0.0834031627,"11":0.0834123939,"12":0.0834216699,"13":0.0834293738,"14":0.0834348053,"15":0.083437331,"16":0.0834375694,"17":0.0834419429,"18":0.0834488496,"19":0.0834498703,"20":0.0834531635,"21":0.0834541917,"22":0.0834562629,"23":0.0834574625,"24":0.083455421,"25":0.0834606215,"26":0.0834601447,"27":0.0834604725,"28":0.0834596977,"29":0.0834582821,"30":0.0834627524,"31":0.0834639519,"32":0.0834598467,"33":0.0834624171,"34":0.0834591165,"35":0.0834596157,"36":0.0834605172,"37":0.0834616795,"38":0.0834610313,"39":0.0834628493,"40":0.0834635869,"41":0.0834627524,"42":0.0834670588,"43":0.0834617838,"44":0.0834704563,"45":0.0834741965,"46":0.0834716186,"47":0.0834767967,"48":0.0834753886,"49":0.0834761485},"mean_squared_error":{"0":0.3203999996,"1":0.3208302557,"2":0.3207215965,"3":0.3206073642,"4":0.3205126524,"5":0.3204181492,"6":0.3203475475,"7":0.3202984631,"8":0.3202573955,"9":0.3202415407,"10":0.3202437162,"11":0.3202454746,"12":0.3202523291,"13":0.3202696145,"14":0.3202780485,"15":0.3202869892,"16":0.3202950954,"17":0.3203023672,"18":0.320314914,"19":0.3203228712,"20":0.320332855,"21":0.32034567,"22":0.320356369,"23":0.3203615844,"24":0.3203646243,"25":0.3203772008,"26":0.3203815222,"27":0.3203962445,"28":0.3204040527,"29":0.3204094768,"30":0.3204232156,"31":0.3204310238,"32":0.320432961,"33":0.3204420805,"34":0.3204447031,"35":0.320453167,"36":0.3204506636,"37":0.3204558492,"38":0.3204590082,"39":0.3204606771,"40":0.3204658628,"41":0.3204627335,"42":0.3204639852,"43":0.3204566538,"44":0.3204602599,"45":0.3204599917,"46":0.3204500079,"47":0.3204545379,"48":0.3204516768,"49":0.3204491436},"val_loss":{"0":0.210567221,"1":0.2109307498,"2":0.2108281106,"3":0.2103396803,"4":0.2098484188,"5":0.2095179409,"6":0.2097060829,"7":0.2094204873,"8":0.2095207274,"9":0.2095513195,"10":0.2094370425,"11":0.2095934004,"12":0.209387809,"13":0.209539786,"14":0.209593311,"15":0.2094510198,"16":0.2095829546,"17":0.2092932016,"18":0.2097617239,"19":0.2093897462,"20":0.2094873786,"21":0.2095550597,"22":0.2094187737,"23":0.2094810605,"24":0.2091997415,"25":0.2092583627,"26":0.2097552717,"27":0.2095414847,"28":0.2094113678,"29":0.2090718895,"30":0.209399581,"31":0.2092648298,"32":0.209232986,"33":0.2095283121,"34":0.20927158,"35":0.2093560547,"36":0.2094020844,"37":0.209224388,"38":0.2090386748,"39":0.2089459598,"40":0.2090545297,"41":0.2093213946,"42":0.209501043,"43":0.2092794031,"44":0.2092078477,"45":0.2092561275,"46":0.2092133462,"47":0.2090409547,"48":0.2092038244,"49":0.2091926038},"val_mean_squared_logarithmic_error":{"0":0.0886488184,"1":0.0885332897,"2":0.0886130556,"3":0.0888578743,"4":0.0890309364,"5":0.0891693309,"6":0.0891883224,"7":0.0892919376,"8":0.0892340466,"9":0.0892147794,"10":0.0892807618,"11":0.0892512351,"12":0.0892576203,"13":0.0892660245,"14":0.0893348977,"15":0.0892130956,"16":0.0892275646,"17":0.0893226191,"18":0.089331843,"19":0.089316003,"20":0.0893475115,"21":0.0893051848,"22":0.0892638043,"23":0.089339979,"24":0.0891701728,"25":0.0893241093,"26":0.0892539248,"27":0.0892115384,"28":0.0892216042,"29":0.0893288478,"30":0.0892729014,"31":0.089268513,"32":0.0893355608,"33":0.0893305317,"34":0.0893527642,"35":0.0892967805,"36":0.0892844573,"37":0.0893084332,"38":0.0892986581,"39":0.0893256068,"40":0.0893131867,"41":0.0893696472,"42":0.0892849788,"43":0.089336358,"44":0.0892798379,"45":0.0892927647,"46":0.0892347619,"47":0.0893474966,"48":0.0892883837,"49":0.089274846},"val_mean_squared_error":{"0":0.3723682463,"1":0.371004194,"2":0.3708178699,"3":0.371463418,"4":0.3722335696,"5":0.3731336594,"6":0.373872906,"7":0.37470451,"8":0.3750447631,"9":0.3753426075,"10":0.3755593002,"11":0.3753602207,"12":0.3752542734,"13":0.3752318323,"14":0.3753764331,"15":0.3749952018,"16":0.3750261664,"17":0.375267446,"18":0.375443995,"19":0.3753576875,"20":0.3755679727,"21":0.3754215837,"22":0.3754447699,"23":0.3757454753,"24":0.3752941191,"25":0.3757531345,"26":0.3757403493,"27":0.3755657375,"28":0.3755948544,"29":0.3758117855,"30":0.3757352531,"31":0.3757763803,"32":0.3759958446,"33":0.3760284185,"34":0.3760600984,"35":0.375960201,"36":0.37595734,"37":0.3759896457,"38":0.3759787679,"39":0.3760351837,"40":0.3760287464,"41":0.3762771487,"42":0.3760900199,"43":0.3762196898,"44":0.3760073483,"45":0.3760525286,"46":0.3758906722,"47":0.376224786,"48":0.3760612607,"49":0.3760525584}}