{"loss":{"0":0.338850677,"1":0.3380388021,"2":0.3376384377,"3":0.3373379111,"4":0.3371257782,"5":0.3369956315,"6":0.3368956149,"7":0.3368326724,"8":0.3367757797,"9":0.3367231786,"10":0.3366714418,"11":0.3366657794,"12":0.3366352618,"13":0.3365994096,"14":0.3365862072,"15":0.3365561962,"16":0.3365319073,"17":0.3365125656,"18":0.3365117908,"19":0.3364688158,"20":0.3364659846,"21":0.3364869356,"22":0.3364167809,"23":0.3364513516,"24":0.3364407122,"25":0.3364112675,"26":0.33641541,"27":0.3364055753,"28":0.3363890648,"29":0.3363751173,"30":0.3363808095,"31":0.3363701999,"32":0.3363831639,"33":0.3363654017,"34":0.3363421261,"35":0.3363488615,"36":0.3363376558,"37":0.3363507092,"38":0.3363283277,"39":0.3363489509,"40":0.3363620937},"mean_squared_logarithmic_error":{"0":0.143080771,"1":0.1429726183,"2":0.1428341866,"3":0.1427348107,"4":0.142696768,"5":0.1426822394,"6":0.1426751763,"7":0.1426644772,"8":0.1426652521,"9":0.1426674426,"10":0.1426584572,"11":0.1426386386,"12":0.1426298916,"13":0.1426333338,"14":0.1426260471,"15":0.1426213533,"16":0.1426117718,"17":0.1426154077,"18":0.1425985843,"19":0.1426084936,"20":0.1425991952,"21":0.14259094,"22":0.1426005512,"23":0.1425845921,"24":0.1425782591,"25":0.1425842792,"26":0.1425837576,"27":0.1425866485,"28":0.1425836682,"29":0.1425927281,"30":0.1425873786,"31":0.142588377,"32":0.1425832063,"33":0.1425881982,"34":0.1425891519,"35":0.1425885111,"36":0.1425889283,"37":0.1425834745,"38":0.1425881535,"39":0.1425848156,"40":0.1425736099},"mean_squared_error":{"0":0.714595437,"1":0.7083606124,"2":0.7077945471,"3":0.7077968121,"4":0.7078264952,"5":0.7079259753,"6":0.7080042362,"7":0.7080605626,"8":0.7081280947,"9":0.7082133889,"10":0.708245039,"11":0.7081984282,"12":0.7081750631,"13":0.7081384063,"14":0.7080668807,"15":0.7080128789,"16":0.7079535723,"17":0.7079327703,"18":0.7078742981,"19":0.7078297138,"20":0.7078030109,"21":0.7077898383,"22":0.7077815533,"23":0.7077474594,"24":0.707727313,"25":0.7077144384,"26":0.707703352,"27":0.7077113986,"28":0.7077101469,"29":0.7077183127,"30":0.7077174783,"31":0.7077183723,"32":0.707708776,"33":0.7077166438,"34":0.7077160478,"35":0.7077227235,"36":0.7077336907,"37":0.7077304125,"38":0.7077423334,"39":0.7077473402,"40":0.7077408433},"val_loss":{"0":0.3352576792,"1":0.3349380493,"2":0.3347764313,"3":0.3343420327,"4":0.3342608213,"5":0.3339951336,"6":0.3338887393,"7":0.3339444101,"8":0.3338403106,"9":0.3337583244,"10":0.3340497613,"11":0.3338549435,"12":0.3338086605,"13":0.3336785138,"14":0.3336754739,"15":0.33365798,"16":0.3337570429,"17":0.3336452246,"18":0.3335247338,"19":0.3338381052,"20":0.3337918222,"21":0.3334431946,"22":0.3334909678,"23":0.3336828649,"24":0.3336940706,"25":0.3335611522,"26":0.3335091174,"27":0.3334463537,"28":0.3338749111,"29":0.333412528,"30":0.3331998587,"31":0.3335650563,"32":0.3334703743,"33":0.3334266543,"34":0.3335480988,"35":0.3335047066,"36":0.3334418237,"37":0.3335891068,"38":0.3336159885,"39":0.3333058953,"40":0.3333389163},"val_mean_squared_logarithmic_error":{"0":0.1415157169,"1":0.1414471865,"2":0.1412590742,"3":0.1414359361,"4":0.1413570046,"5":0.1413131952,"6":0.1413225383,"7":0.1413959265,"8":0.1412606984,"9":0.1412350237,"10":0.1412512064,"11":0.1412596703,"12":0.1412562728,"13":0.1411746144,"14":0.1411960423,"15":0.1412701756,"16":0.1411772519,"17":0.1410286874,"18":0.1412763745,"19":0.1411675513,"20":0.141040042,"21":0.1411494762,"22":0.1412754953,"23":0.1410739124,"24":0.1411242187,"25":0.1411383897,"26":0.141137898,"27":0.1411467642,"28":0.1411977261,"29":0.1412171125,"30":0.1412676275,"31":0.1412092298,"32":0.1412667483,"33":0.1411263198,"34":0.1410725117,"35":0.1412211061,"36":0.1412596405,"37":0.1409853697,"38":0.1411898285,"39":0.1411605477,"40":0.141205132},"val_mean_squared_error":{"0":0.7065711617,"1":0.7059190869,"2":0.7062270045,"3":0.7073982358,"4":0.7080537081,"5":0.7082751393,"6":0.7089195848,"7":0.7095417976,"8":0.7097666264,"9":0.7101832032,"10":0.7104973197,"11":0.7105418444,"12":0.7105237246,"13":0.7103151679,"14":0.7103277445,"15":0.7103810906,"16":0.7102600932,"17":0.7099615335,"18":0.7105584145,"19":0.7103145123,"20":0.7100327015,"21":0.7101769447,"22":0.7105490565,"23":0.7101818323,"24":0.7102695107,"25":0.7103440762,"26":0.7103729248,"27":0.7103983164,"28":0.710663259,"29":0.7106136084,"30":0.7106907964,"31":0.7106536627,"32":0.7106875181,"33":0.7103964686,"34":0.7103119493,"35":0.7106643319,"36":0.7108061314,"37":0.7102643251,"38":0.7107572556,"39":0.7106230855,"40":0.7107620835}}