{"loss":{"0":0.297562331,"1":0.2975092828,"2":0.2975153923,"3":0.2975025475,"4":0.2974817157,"5":0.2974709868,"6":0.2974616587,"7":0.2974599898,"8":0.2974808514,"9":0.2974536717,"10":0.297463268,"11":0.2974598408,"12":0.2974684238,"13":0.2974266708,"14":0.2974462509,"15":0.2974414229,"16":0.2974295914,"17":0.2974485457,"18":0.2974426746,"19":0.2974285483,"20":0.2974172831},"mean_squared_logarithmic_error":{"0":0.1265469491,"1":0.1264587045,"2":0.1264057904,"3":0.1263895631,"4":0.1263780594,"5":0.1263639927,"6":0.1263718605,"7":0.1263692677,"8":0.1263416111,"9":0.1263657808,"10":0.1263769418,"11":0.1263649017,"12":0.1263675839,"13":0.1263587922,"14":0.1263758391,"15":0.1263435036,"16":0.1263429672,"17":0.1263240278,"18":0.1263345629,"19":0.1263596416,"20":0.1263413131},"mean_squared_error":{"0":0.584636271,"1":0.5844447017,"2":0.5842234492,"3":0.5841046572,"4":0.5839960575,"5":0.5839078426,"6":0.5838878155,"7":0.5838423967,"8":0.5837703347,"9":0.5837972164,"10":0.5838098526,"11":0.5837831497,"12":0.5837705135,"13":0.5837339163,"14":0.5837634206,"15":0.5836988688,"16":0.5836884975,"17":0.5836555362,"18":0.58366853,"19":0.5837031007,"20":0.583660841},"val_loss":{"0":0.3407673836,"1":0.3407825828,"2":0.3405180573,"3":0.3404579163,"4":0.3406257331,"5":0.340639025,"6":0.3407390714,"7":0.3405488729,"8":0.340645045,"9":0.3408465385,"10":0.3403093815,"11":0.340844661,"12":0.3407190442,"13":0.3408131003,"14":0.3405946195,"15":0.3408360183,"16":0.3406456411,"17":0.3404646814,"18":0.3404891491,"19":0.3407190442,"20":0.3403883278},"val_mean_squared_logarithmic_error":{"0":0.1456302255,"1":0.145423919,"2":0.1451478302,"3":0.1452858746,"4":0.1450361758,"5":0.1452268213,"6":0.1452177763,"7":0.1450721622,"8":0.1453839391,"9":0.1451714784,"10":0.1452702731,"11":0.1450315714,"12":0.1451070756,"13":0.1449941248,"14":0.1452179849,"15":0.1450855285,"16":0.1448842883,"17":0.1452797502,"18":0.1449718177,"19":0.14514862,"20":0.1451815218},"val_mean_squared_error":{"0":0.7465825081,"1":0.7454831004,"2":0.744419992,"3":0.7445193529,"4":0.7439260483,"5":0.7442240119,"6":0.7441394329,"7":0.7438701987,"8":0.7446565628,"9":0.7441610098,"10":0.7444295883,"11":0.7441437244,"12":0.7442990541,"13":0.7442598343,"14":0.744592905,"15":0.74434793,"16":0.744107306,"17":0.7448125482,"18":0.744245708,"19":0.7445825338,"20":0.7446705103}}