{"loss":{"0":0.1435216069,"1":0.1434312314,"2":0.1433873177,"3":0.1433662176,"4":0.1433354914,"5":0.1433211267,"6":0.1433016509,"7":0.1432898641,"8":0.143273741,"9":0.1432532668,"10":0.1432484835},"mean_squared_logarithmic_error":{"0":0.0633621961,"1":0.0635335892,"2":0.0636935607,"3":0.0638475195,"4":0.0639877468,"5":0.0641202703,"6":0.0642404109,"7":0.0643469468,"8":0.0644494817,"9":0.0645427629,"10":0.0646309182},"mean_squared_error":{"0":0.229907304,"1":0.2305406183,"2":0.2311842442,"3":0.2317970693,"4":0.2323177606,"5":0.2328108996,"6":0.2332329154,"7":0.2336003333,"8":0.2339436859,"9":0.2342516184,"10":0.2345360816},"val_loss":{"0":0.171849072,"1":0.1719201058,"2":0.1719298214,"3":0.1722142845,"4":0.1720144302,"5":0.1722468436,"6":0.172194764,"7":0.1723581553,"8":0.1722759902,"9":0.1722422093,"10":0.1723962426},"val_mean_squared_logarithmic_error":{"0":0.0749624446,"1":0.0751272067,"2":0.075283289,"3":0.0754261687,"4":0.0756378844,"5":0.0757637694,"6":0.0758652762,"7":0.0759805143,"8":0.0761170313,"9":0.0762615427,"10":0.0763232708},"val_mean_squared_error":{"0":0.2947735488,"1":0.2959289253,"2":0.2969357073,"3":0.2978304327,"4":0.2988665402,"5":0.2995678782,"6":0.30015257,"7":0.3007293344,"8":0.3013097048,"9":0.3019566834,"10":0.3023973703}}