{"loss":{"0":0.1378116757,"1":0.137728855,"2":0.1376829594,"3":0.1376531869,"4":0.1376131773,"5":0.1378049254,"6":0.1376862973,"7":0.137645334,"8":0.1375822425,"9":0.1375708878,"10":0.1375653744,"11":0.1375302374,"12":0.1375127584,"13":0.1374979764,"14":0.1374956667},"mean_squared_logarithmic_error":{"0":0.0625598282,"1":0.0625457093,"2":0.0624878481,"3":0.0624863133,"4":0.0624414831,"5":0.0630444586,"6":0.0625586733,"7":0.0624137782,"8":0.0624561794,"9":0.0624633357,"10":0.0625159144,"11":0.062417008,"12":0.0624489002,"13":0.0624496862,"14":0.0624295212},"mean_squared_error":{"0":0.2129359245,"1":0.2127905786,"2":0.2125315517,"3":0.2125254571,"4":0.2123890817,"5":0.2148336172,"6":0.2128315717,"7":0.2123437971,"8":0.212465331,"9":0.2125393301,"10":0.212751776,"11":0.2123553604,"12":0.2125232071,"13":0.2125444412,"14":0.2124619633},"val_loss":{"0":0.1613680869,"1":0.1611327976,"2":0.1611769795,"3":0.1610178649,"4":0.1609218568,"5":0.1611082107,"6":0.16105932,"7":0.160969615,"8":0.1610343605,"9":0.1609943211,"10":0.1610411406,"11":0.1611137688,"12":0.1610654145,"13":0.1610550433,"14":0.1611056477},"val_mean_squared_logarithmic_error":{"0":0.0736045241,"1":0.0736010671,"2":0.0735780448,"3":0.0734101757,"4":0.0731664523,"5":0.0737069473,"6":0.0732812062,"7":0.0732808113,"8":0.0732944906,"9":0.0731494054,"10":0.0733132288,"11":0.0732494369,"12":0.0731600523,"13":0.073180154,"14":0.0732799619},"val_mean_squared_error":{"0":0.2804355621,"1":0.2801330388,"2":0.2799831331,"3":0.2794750035,"4":0.2786113918,"5":0.2805736065,"6":0.2791652381,"7":0.2790529728,"8":0.2791722119,"9":0.2785066962,"10":0.2792010307,"11":0.2789661586,"12":0.2786169648,"13":0.2786375284,"14":0.279037863}}