{"loss":{"0":0.2211071104,"1":0.2207470983,"2":0.2206286937,"3":0.2205486149,"4":0.2204789221,"5":0.2204195857,"6":0.2203623205,"7":0.2203159928,"8":0.2202723026,"9":0.2202392519,"10":0.2201981097,"11":0.2201643139,"12":0.2201264352,"13":0.2200955898,"14":0.2200666517,"15":0.2200347632,"16":0.220007658,"17":0.2199847251,"18":0.2199496329,"19":0.2199183255,"20":0.2198924124,"21":0.2198668718,"22":0.2198361158,"23":0.2198049426,"24":0.2197759598,"25":0.219735086,"26":0.2197033018,"27":0.2196753472,"28":0.2196363062,"29":0.2196034044,"30":0.2195712775,"31":0.2195384651,"32":0.2194995135,"33":0.2194688767,"34":0.2194293886,"35":0.2194004357,"36":0.2193710357,"37":0.2193470895,"38":0.2193229944,"39":0.2192970067,"40":0.2192682922,"41":0.2192515284,"42":0.2192244083,"43":0.2192030847,"44":0.2191759795,"45":0.2191547602,"46":0.2191369087,"47":0.2191180587,"48":0.2190971673},"mean_squared_logarithmic_error":{"0":0.0960982293,"1":0.0958924219,"2":0.0958623737,"3":0.0958439261,"4":0.0958272368,"5":0.0958135277,"6":0.0957941115,"7":0.0957842469,"8":0.0957704782,"9":0.0957532898,"10":0.0957410857,"11":0.0957291275,"12":0.0957205072,"13":0.0957084373,"14":0.0957003608,"15":0.0956921503,"16":0.0956838876,"17":0.0956674889,"18":0.095655039,"19":0.0956461653,"20":0.0956362188,"21":0.0956270397,"22":0.0956176966,"23":0.0956058949,"24":0.0955953822,"25":0.0955887064,"26":0.0955810025,"27":0.0955724642,"28":0.0955690593,"29":0.0955632031,"30":0.0955567658,"31":0.0955536142,"32":0.0955496132,"33":0.0955476165,"34":0.0955446586,"35":0.0955396593,"36":0.0955350101,"37":0.0955306292,"38":0.0955231115,"39":0.0955180153,"40":0.095511198,"41":0.0955033451,"42":0.0954971984,"43":0.0954891071,"44":0.0954823345,"45":0.0954736918,"46":0.0954677165,"47":0.0954589918,"48":0.0954535231},"mean_squared_error":{"0":0.3940814435,"1":0.3947285116,"2":0.3950086832,"3":0.3951150179,"4":0.395152241,"5":0.3951412439,"6":0.395062685,"7":0.3949874043,"8":0.3948744237,"9":0.3947548866,"10":0.3946000636,"11":0.3944681585,"12":0.394339025,"13":0.3941904902,"14":0.3940451145,"15":0.3939219117,"16":0.3938203156,"17":0.3936659694,"18":0.3934883475,"19":0.3933628201,"20":0.3931922913,"21":0.3930589557,"22":0.3929058015,"23":0.3927311003,"24":0.3925813437,"25":0.392439276,"26":0.3922738135,"27":0.3921548128,"28":0.3920375109,"29":0.3919322193,"30":0.391818583,"31":0.3917030096,"32":0.3915904462,"33":0.3914915919,"34":0.391438216,"35":0.3913672566,"36":0.3912973106,"37":0.3912551105,"38":0.3911937475,"39":0.3911386132,"40":0.3910995722,"41":0.3910317421,"42":0.3909648061,"43":0.3909134269,"44":0.3908509016,"45":0.3907912672,"46":0.3907358646,"47":0.390681535,"48":0.3906308115},"val_loss":{"0":0.2252655625,"1":0.2250700295,"2":0.2249130309,"3":0.2249431908,"4":0.2249322981,"5":0.2248537689,"6":0.2248320878,"7":0.2248488963,"8":0.2248357385,"9":0.2247964293,"10":0.2248096615,"11":0.2247711122,"12":0.2247845083,"13":0.2247426212,"14":0.2247513384,"15":0.2248015702,"16":0.2247954756,"17":0.2248391956,"18":0.2248064578,"19":0.2248614579,"20":0.2247421592,"21":0.2247359902,"22":0.2247989625,"23":0.2247542292,"24":0.2247323096,"25":0.2247122079,"26":0.2247794867,"27":0.2247390449,"28":0.2247518599,"29":0.2247694582,"30":0.2247490138,"31":0.2247031927,"32":0.2247498482,"33":0.2247078568,"34":0.2247151285,"35":0.2247028798,"36":0.2246922702,"37":0.2247018516,"38":0.2246792316,"39":0.2247002721,"40":0.2247622013,"41":0.2247328162,"42":0.2247006595,"43":0.2246981561,"44":0.2247300744,"45":0.2247061878,"46":0.2247448862,"47":0.2247247696,"48":0.2247574925},"val_mean_squared_logarithmic_error":{"0":0.0980262756,"1":0.0981981009,"2":0.0981977731,"3":0.0981948078,"4":0.098191224,"5":0.098176226,"6":0.098123394,"7":0.0981400236,"8":0.0981033891,"9":0.0981011167,"10":0.0980877951,"11":0.0981134176,"12":0.0981683955,"13":0.0981887728,"14":0.0982323661,"15":0.098255381,"16":0.0982505679,"17":0.0982552618,"18":0.0982754901,"19":0.0982594863,"20":0.0983105749,"21":0.0983131677,"22":0.0983110592,"23":0.0983161628,"24":0.0983239338,"25":0.0983324498,"26":0.0983524248,"27":0.0983415097,"28":0.0983619764,"29":0.0983553603,"30":0.0983672291,"31":0.098412782,"32":0.0984091014,"33":0.0984283686,"34":0.0984463096,"35":0.0984386802,"36":0.0984524339,"37":0.0984761715,"38":0.0985015556,"39":0.0985221267,"40":0.0985225663,"41":0.0985214785,"42":0.0985387787,"43":0.098536849,"44":0.0985466912,"45":0.0985698327,"46":0.0985867083,"47":0.0986064747,"48":0.0986159071},"val_mean_squared_error":{"0":0.4238323569,"1":0.425634712,"2":0.4254783988,"3":0.4249113798,"4":0.4244778454,"5":0.4242656827,"6":0.4237833619,"7":0.4237501621,"8":0.4235777259,"9":0.4235209227,"10":0.4235545397,"11":0.4235669374,"12":0.4237608314,"13":0.4235797524,"14":0.423458606,"15":0.4234526455,"16":0.4232409894,"17":0.4230987132,"18":0.4230719507,"19":0.4232620895,"20":0.4234139621,"21":0.4234680831,"22":0.423303932,"23":0.4232334793,"24":0.4232801199,"25":0.4233142734,"26":0.4233183861,"27":0.4232215583,"28":0.4231361151,"29":0.4230926037,"30":0.4230484068,"31":0.4231567979,"32":0.4231559336,"33":0.4231011868,"34":0.4231061935,"35":0.4229696393,"36":0.4229320586,"37":0.4229259193,"38":0.4229226112,"39":0.4229060411,"40":0.4229681194,"41":0.4230118096,"42":0.422981292,"43":0.423129797,"44":0.4232030213,"45":0.4232708216,"46":0.4233243167,"47":0.4234516919,"48":0.4235894382}}