{"loss":{"0":0.2515425384,"1":0.2509356439,"2":0.2506925166,"3":0.2505890429,"4":0.250518769,"5":0.2504577935,"6":0.2503949702,"7":0.2503404319,"8":0.2503133118,"9":0.2502534091,"10":0.2501395643},"mean_squared_logarithmic_error":{"0":0.112464942,"1":0.1121078581,"2":0.1120910347,"3":0.1120847836,"4":0.1120469347,"5":0.1120250374,"6":0.1119921133,"7":0.1119553968,"8":0.1118042469,"9":0.1117345169,"10":0.1116764545},"mean_squared_error":{"0":0.5641017556,"1":0.5566530824,"2":0.555796802,"3":0.555632174,"4":0.5554817319,"5":0.5554398894,"6":0.5552735329,"7":0.5551703572,"8":0.5546582937,"9":0.5542782545,"10":0.5537238717},"val_loss":{"0":0.2090723515,"1":0.2093340009,"2":0.2092080265,"3":0.2091813087,"4":0.2091024965,"5":0.2091145366,"6":0.2091726512,"7":0.2091512382,"8":0.209174037,"9":0.2091640085,"10":0.209210515},"val_mean_squared_logarithmic_error":{"0":0.0933884904,"1":0.0935414657,"2":0.093659766,"3":0.0936542675,"4":0.0936606452,"5":0.0936589316,"6":0.0936434641,"7":0.0936593115,"8":0.093613863,"9":0.0935759917,"10":0.0935498625},"val_mean_squared_error":{"0":0.4046233892,"1":0.4027414024,"2":0.4028588831,"3":0.4028990567,"4":0.4029690325,"5":0.4030471444,"6":0.4029760659,"7":0.4028868377,"8":0.4027005732,"9":0.402715981,"10":0.4021766186}}