{"loss":{"0":0.1497677863,"1":0.1486940831,"2":0.1486211568,"3":0.1484662145,"4":0.1484158635,"5":0.1484297812,"6":0.148387447,"7":0.1483578235,"8":0.1483283341,"9":0.1483007669,"10":0.1482769102,"11":0.1482578069,"12":0.1482442766,"13":0.1482183486,"14":0.1482154429,"15":0.1482062191,"16":0.1482017189,"17":0.1482036859,"18":0.1481833011,"19":0.1481751502,"20":0.1481619626,"21":0.1481561363,"22":0.1481476724,"23":0.1481219679,"24":0.148117736,"25":0.14809829,"26":0.1480852365,"27":0.1480758935,"28":0.1480637193,"29":0.1480489522},"mean_squared_logarithmic_error":{"0":0.0665930808,"1":0.0666576773,"2":0.0668729097,"3":0.0666694865,"4":0.066562593,"5":0.0667109117,"6":0.0667271167,"7":0.0667453632,"8":0.0667422041,"9":0.0667512044,"10":0.0667466149,"11":0.066742368,"12":0.0667259097,"13":0.066751413,"14":0.0667682737,"15":0.066789858,"16":0.0667973459,"17":0.0668372512,"18":0.0668412372,"19":0.0668639168,"20":0.0668703839,"21":0.0668924153,"22":0.0668950677,"23":0.0668959692,"24":0.066866152,"25":0.0668776482,"26":0.0668817014,"27":0.0668813214,"28":0.0668742955,"29":0.0668643042},"mean_squared_error":{"0":0.2406059504,"1":0.2390395999,"2":0.2394040227,"3":0.2384536564,"4":0.2379368693,"5":0.2384867072,"6":0.2385138124,"7":0.2385552675,"8":0.2385207564,"9":0.2385203242,"10":0.2384693623,"11":0.2384302914,"12":0.2383465171,"13":0.2384201586,"14":0.2384633571,"15":0.2385382056,"16":0.2385506183,"17":0.238685891,"18":0.2387121767,"19":0.238787055,"20":0.2388111949,"21":0.2388654649,"22":0.2388830185,"23":0.238895461,"24":0.2387646735,"25":0.2388473749,"26":0.2388764918,"27":0.2388826907,"28":0.238866955,"29":0.2388501614},"val_loss":{"0":0.1719923615,"1":0.1717844903,"2":0.1716765612,"3":0.171570912,"4":0.171531409,"5":0.1715562791,"6":0.1715069115,"7":0.1715593487,"8":0.1715369523,"9":0.1715769023,"10":0.171502322,"11":0.1714860201,"12":0.1715353727,"13":0.1714729071,"14":0.1715330929,"15":0.1715285927,"16":0.1714913696,"17":0.1714664251,"18":0.1715118736,"19":0.1714553386,"20":0.1716531664,"21":0.1716785431,"22":0.1716865152,"23":0.1717285365,"24":0.1717070937,"25":0.1716951877,"26":0.1717847884,"27":0.171771735,"28":0.1718011349,"29":0.1718592644},"val_mean_squared_logarithmic_error":{"0":0.0769906938,"1":0.0767941996,"2":0.0767990649,"3":0.0768062994,"4":0.0768378451,"5":0.0768514946,"6":0.0768699944,"7":0.0769026279,"8":0.0769305378,"9":0.0769798756,"10":0.0770231038,"11":0.0770258456,"12":0.0770735368,"13":0.0770485774,"14":0.0771446973,"15":0.0771047473,"16":0.0771418139,"17":0.0772065073,"18":0.0772186145,"19":0.0772532076,"20":0.0772053897,"21":0.0772322789,"22":0.0772241279,"23":0.0772114992,"24":0.0772226974,"25":0.0772307068,"26":0.0772424713,"27":0.0772238448,"28":0.077190876,"29":0.0771816},"val_mean_squared_error":{"0":0.3027052283,"1":0.3009734154,"2":0.300335288,"3":0.3000531793,"4":0.2998473048,"5":0.299567163,"6":0.2992996871,"7":0.2993451059,"8":0.299390614,"9":0.299541235,"10":0.2997286618,"11":0.2998098433,"12":0.3000687957,"13":0.2998836935,"14":0.3002620041,"15":0.3001996577,"16":0.3003775477,"17":0.3007804155,"18":0.3008128107,"19":0.3009492159,"20":0.300661087,"21":0.3006483018,"22":0.300527364,"23":0.3005409539,"24":0.3005590439,"25":0.3006939292,"26":0.3006247878,"27":0.3004589379,"28":0.3003867865,"29":0.3003520668}}