{"loss":{"0":0.3234685361,"1":0.3224754333,"2":0.3219780028,"3":0.3217592835,"4":0.321602881,"5":0.3214754462,"6":0.3213747144,"7":0.3212753832,"8":0.3211966753,"9":0.3211195171,"10":0.3210550547,"11":0.3209876716,"12":0.3209318817,"13":0.32088238},"mean_squared_logarithmic_error":{"0":0.1394272149,"1":0.137977913,"2":0.137567997,"3":0.1374600679,"4":0.1373956501,"5":0.1373612583,"6":0.137329787,"7":0.1373036355,"8":0.137283802,"9":0.1372645348,"10":0.1372445971,"11":0.1372269541,"12":0.1372123212,"13":0.137197271},"mean_squared_error":{"0":0.6662457585,"1":0.6599141359,"2":0.657409966,"3":0.6565514803,"4":0.6559795737,"5":0.6554781795,"6":0.655071497,"7":0.6547412872,"8":0.6544414163,"9":0.6541543007,"10":0.65387851,"11":0.6536468267,"12":0.653439045,"13":0.6532556415},"val_loss":{"0":0.3260520399,"1":0.3252770007,"2":0.3247289956,"3":0.3242514729,"4":0.3242856264,"5":0.3243728578,"6":0.324421525,"7":0.3244175613,"8":0.32443434,"9":0.3244980574,"10":0.3245506287,"11":0.3245106936,"12":0.3244940341,"13":0.3245037794},"val_mean_squared_logarithmic_error":{"0":0.1404109001,"1":0.1397928596,"2":0.1393728703,"3":0.1392149627,"4":0.139295131,"5":0.1391815245,"6":0.1392803341,"7":0.1392663568,"8":0.1393056512,"9":0.139337644,"10":0.1393590569,"11":0.1393248588,"12":0.1393373162,"13":0.139361605},"val_mean_squared_error":{"0":0.6699275374,"1":0.6670242548,"2":0.6672725677,"3":0.6679279208,"4":0.6675598621,"5":0.6670452952,"6":0.6672666073,"7":0.6671380401,"8":0.6669515371,"9":0.6670348644,"10":0.6671156883,"11":0.6672561765,"12":0.6674042344,"13":0.6676202416}}