{"loss":{"0":0.2608620822,"1":0.2506140769,"2":0.2494864315,"3":0.2492097765,"4":0.2490803897,"5":0.2488521636,"6":0.2486960888,"7":0.2486108691,"8":0.2484063059,"9":0.2483539134,"10":0.2481900156,"11":0.2481158823,"12":0.2479914725,"13":0.2478966862,"14":0.2477422357,"15":0.2476262748,"16":0.247579217,"17":0.2474329025,"18":0.2472724468,"19":0.2471899539,"20":0.2470685691,"21":0.2469383031,"22":0.2468465865,"23":0.2467047274,"24":0.2466277182,"25":0.2465128154,"26":0.2464175522,"27":0.2463139892,"28":0.2461923659,"29":0.2461216301,"30":0.2460118234,"31":0.2459548116,"32":0.2458369434,"33":0.2457323223,"34":0.2456573993,"35":0.24556683,"36":0.2455030233,"37":0.2453959882,"38":0.2453164011,"39":0.2452423722,"40":0.2451801896,"41":0.2451229542,"42":0.2450373918,"43":0.2449910194,"44":0.244956851,"45":0.2448635548,"46":0.2448161393,"47":0.2447790653,"48":0.2447254062,"49":0.2446881235,"50":0.2446652204,"51":0.2445964366,"52":0.2445616126,"53":0.2445127517,"54":0.2444812655,"55":0.2444351614,"56":0.2443972528,"57":0.2443641871,"58":0.2443267107,"59":0.2442959994,"60":0.244269982,"61":0.2442371249,"62":0.2442083508,"63":0.2441715896,"64":0.2441476882,"65":0.2441108823,"66":0.2440837175,"67":0.2440661341,"68":0.2440361232,"69":0.2440077215,"70":0.2439824194,"71":0.2439564317,"72":0.2439288795,"73":0.2439066321,"74":0.2438814789,"75":0.2438587844,"76":0.2438379526,"77":0.2438124269,"78":0.2437904477,"79":0.2437616438,"80":0.2437383235,"81":0.2437179685,"82":0.2436992377,"83":0.2436707914},"mean_squared_logarithmic_error":{"0":0.1087129787,"1":0.1055005863,"2":0.1055149436,"3":0.1054035798,"4":0.1053084284,"5":0.1052591801,"6":0.1052070335,"7":0.1051404029,"8":0.1051122248,"9":0.1050448939,"10":0.1050182357,"11":0.104986012,"12":0.1049643308,"13":0.1049474254,"14":0.1049287245,"15":0.1049205437,"16":0.1049128026,"17":0.1049175039,"18":0.1049412712,"19":0.1049583554,"20":0.1049756557,"21":0.1049931273,"22":0.1050171033,"23":0.1050473973,"24":0.1050660387,"25":0.1050891727,"26":0.1051123366,"27":0.1051429585,"28":0.105167225,"29":0.1051861867,"30":0.1052193195,"31":0.1052477583,"32":0.1052766442,"33":0.1053162292,"34":0.1053515896,"35":0.1053812504,"36":0.1054188758,"37":0.1054571792,"38":0.1054872498,"39":0.1055211946,"40":0.1055402979,"41":0.1055742353,"42":0.1056029648,"43":0.1056137308,"44":0.1056316718,"45":0.1056577042,"46":0.1056725904,"47":0.1056948751,"48":0.10571412,"49":0.1057298556,"50":0.1057452634,"51":0.105765596,"52":0.105778344,"53":0.1057909653,"54":0.1058009043,"55":0.1058132723,"56":0.1058184355,"57":0.1058239266,"58":0.1058296412,"59":0.1058329269,"60":0.1058350578,"61":0.1058355495,"62":0.1058343947,"63":0.1058376729,"64":0.1058338135,"65":0.1058348641,"66":0.105832614,"67":0.1058298424,"68":0.1058290824,"69":0.1058227718,"70":0.1058216244,"71":0.1058200449,"72":0.105817467,"73":0.1058134362,"74":0.1058111936,"75":0.1058073789,"76":0.1058024913,"77":0.1057970971,"78":0.105790928,"79":0.1057849973,"80":0.1057782099,"81":0.1057688668,"82":0.1057601273,"83":0.105751574},"mean_squared_error":{"0":0.501460731,"1":0.4626171589,"2":0.4605753124,"3":0.4587502778,"4":0.4575997889,"5":0.4566987753,"6":0.4559005797,"7":0.4552740753,"8":0.4548783004,"9":0.4545976818,"10":0.4544082582,"11":0.4543219805,"12":0.4542370141,"13":0.4541706741,"14":0.4540702701,"15":0.4540405273,"16":0.4540776908,"17":0.4541047215,"18":0.4541543126,"19":0.4541930258,"20":0.4542086422,"21":0.4542548954,"22":0.4543291628,"23":0.4544501007,"24":0.4545869529,"25":0.4547380507,"26":0.4549126327,"27":0.4551117122,"28":0.4552842677,"29":0.4555066228,"30":0.4557032883,"31":0.4559259117,"32":0.4561142921,"33":0.4563096166,"34":0.4565030932,"35":0.4566588402,"36":0.4568357766,"37":0.4569849074,"38":0.4571384192,"39":0.4573229849,"40":0.457519114,"41":0.4577249587,"42":0.4578932524,"43":0.4580392838,"44":0.4582083523,"45":0.4583249986,"46":0.4584296644,"47":0.4585207701,"48":0.4586147964,"49":0.4586746693,"50":0.4587245286,"51":0.4587674439,"52":0.4588111341,"53":0.4588695467,"54":0.4588991404,"55":0.4589366913,"56":0.4589372575,"57":0.4589457214,"58":0.4589649141,"59":0.4589602053,"60":0.4589391947,"61":0.4589257836,"62":0.4589059949,"63":0.4588982761,"64":0.4588632882,"65":0.4588185549,"66":0.4587729871,"67":0.4587593675,"68":0.4587405622,"69":0.4587026834,"70":0.458671838,"71":0.4586550295,"72":0.4586144984,"73":0.4585745335,"74":0.4585398734,"75":0.4584819078,"76":0.4584192038,"77":0.4583700001,"78":0.4583224058,"79":0.4582684338,"80":0.4582031965,"81":0.4581419826,"82":0.458078742,"83":0.4579980373},"val_loss":{"0":0.2595001757,"1":0.2561245859,"2":0.2563042641,"3":0.2560014725,"4":0.2554508448,"5":0.2549209893,"6":0.2548921704,"7":0.2547816038,"8":0.2547263801,"9":0.2539268136,"10":0.254033953,"11":0.2544099987,"12":0.2545005381,"13":0.2531837821,"14":0.2528801262,"15":0.253534466,"16":0.2530151904,"17":0.2529240549,"18":0.2526766062,"19":0.2525946796,"20":0.2524273396,"21":0.2526068091,"22":0.2522108257,"23":0.252561748,"24":0.2521937191,"25":0.2520515621,"26":0.2519574165,"27":0.2515479326,"28":0.2517518997,"29":0.2515931427,"30":0.2516557574,"31":0.2511299849,"32":0.2513145804,"33":0.2515414059,"34":0.2511995137,"35":0.2513438761,"36":0.2512492836,"37":0.2511362135,"38":0.2508552969,"39":0.2509968579,"40":0.2509186566,"41":0.2507972717,"42":0.2509099245,"43":0.25073722,"44":0.2507231832,"45":0.2507943511,"46":0.250839144,"47":0.2505848706,"48":0.2506768703,"49":0.2507164776,"50":0.2506374121,"51":0.2504656315,"52":0.2504553795,"53":0.2505554557,"54":0.2505229712,"55":0.2504738569,"56":0.2504825592,"57":0.2504332066,"58":0.25041309,"59":0.2504040003,"60":0.2503267825,"61":0.2504870892,"62":0.2503819764,"63":0.2503531575,"64":0.2503921688,"65":0.2503387332,"66":0.250313729,"67":0.2503348887,"68":0.250341773,"69":0.2503573298,"70":0.250254184,"71":0.2502326369,"72":0.2502398789,"73":0.2501950562,"74":0.2502078116,"75":0.2502654493,"76":0.2502196431,"77":0.2502948046,"78":0.2502369583,"79":0.2502381802,"80":0.2502544522,"81":0.2502598464,"82":0.2502402961,"83":0.2503623068},"val_mean_squared_logarithmic_error":{"0":0.1079690754,"1":0.1079527438,"2":0.1078069732,"3":0.1079527736,"4":0.1080011576,"5":0.1078500599,"6":0.1076469049,"7":0.1078537256,"8":0.1080647781,"9":0.1079944149,"10":0.1076613069,"11":0.1077093109,"12":0.1076888517,"13":0.1077919379,"14":0.1076836362,"15":0.1078614667,"16":0.1077444777,"17":0.1077777594,"18":0.108025603,"19":0.1080155671,"20":0.1079961658,"21":0.108136341,"22":0.1081104204,"23":0.1079068556,"24":0.1081296355,"25":0.1081932783,"26":0.1083301082,"27":0.1083191559,"28":0.1082709506,"29":0.1081844345,"30":0.1081520766,"31":0.1083269715,"32":0.1081513166,"33":0.1082488149,"34":0.1084809527,"35":0.1085114554,"36":0.108592242,"37":0.1086130366,"38":0.1087114885,"39":0.1088625938,"40":0.1088795811,"41":0.1089505702,"42":0.1089658439,"43":0.1090324447,"44":0.1091468632,"45":0.1092290059,"46":0.1091789231,"47":0.1093104705,"48":0.1092241928,"49":0.1093429029,"50":0.1093526259,"51":0.1094169542,"52":0.1094187126,"53":0.1094485968,"54":0.1094607487,"55":0.1094543934,"56":0.1094622761,"57":0.1095419228,"58":0.1095172316,"59":0.1095205992,"60":0.1095574647,"61":0.1095137596,"62":0.1095001027,"63":0.1095345318,"64":0.1095378995,"65":0.1095538139,"66":0.1095658615,"67":0.1095819026,"68":0.1095606163,"69":0.10956835,"70":0.1095791087,"71":0.1095705852,"72":0.1095562354,"73":0.1095777452,"74":0.1095624715,"75":0.1095544547,"76":0.1095202565,"77":0.109556742,"78":0.1095418856,"79":0.1095577031,"80":0.1095513254,"81":0.1095489934,"82":0.10956534,"83":0.1095222086},"val_mean_squared_error":{"0":0.4829380512,"1":0.4750545025,"2":0.4751630723,"3":0.4744337201,"4":0.4739066064,"5":0.4728111327,"6":0.4716282189,"7":0.4721323252,"8":0.4726884961,"9":0.4724658728,"10":0.4718807042,"11":0.4716313183,"12":0.4715014696,"13":0.4714997709,"14":0.4710240066,"15":0.4716089368,"16":0.4709735513,"17":0.4711427391,"18":0.4718590677,"19":0.4718599916,"20":0.4718643129,