{"loss":{"0":0.2345929593,"1":0.2341299206,"2":0.233908087,"3":0.2337504178,"4":0.2336262763,"5":0.2335338891,"6":0.2334548384,"7":0.233380273,"8":0.2333025932,"9":0.2332293391,"10":0.233165428},"mean_squared_logarithmic_error":{"0":0.1017400473,"1":0.101362288,"2":0.1013950929,"3":0.1013732851,"4":0.1013478115,"5":0.1012934819,"6":0.101256676,"7":0.1012167558,"8":0.1011765674,"9":0.1011372656,"10":0.1011093184},"mean_squared_error":{"0":0.4180858731,"1":0.4150909185,"2":0.4147586226,"3":0.4145183265,"4":0.414431572,"5":0.4143882692,"6":0.4143448174,"7":0.4143028557,"8":0.4142506421,"9":0.4141773582,"10":0.4141218662},"val_loss":{"0":0.3026487529,"1":0.3027336299,"2":0.30291906,"3":0.3029237986,"4":0.3030874431,"5":0.3031468093,"6":0.3031831086,"7":0.3032429218,"8":0.3033799231,"9":0.303332448,"10":0.3032556176},"val_mean_squared_logarithmic_error":{"0":0.1293093264,"1":0.1295193434,"2":0.1297877729,"3":0.1297132671,"4":0.1299111694,"5":0.1298792958,"6":0.1299945563,"7":0.1300743818,"8":0.1301344484,"9":0.1299995035,"10":0.1299216449},"val_mean_squared_error":{"0":0.646566391,"1":0.6489772797,"2":0.6506474614,"3":0.6515215635,"4":0.6524835229,"5":0.6528071165,"6":0.653870821,"7":0.6541893482,"8":0.6544547081,"9":0.653711617,"10":0.6533732414}}