{"loss":{"0":0.3937255144,"1":0.3870295882,"2":0.3858274817,"3":0.385176599,"4":0.3848129213,"5":0.3845273554,"6":0.3842927814,"7":0.3841013908,"8":0.3839494288,"9":0.3838074207,"10":0.3836910427,"11":0.3835705817,"12":0.3834566474,"13":0.3833569884,"14":0.3832508624,"15":0.3831523359,"16":0.3830674291,"17":0.3829707503,"18":0.3828883171,"19":0.3827991784,"20":0.3827193081,"21":0.3826479018,"22":0.3825705349,"23":0.3824975491,"24":0.3824352026,"25":0.3823512495,"26":0.3822889626,"27":0.3822154403,"28":0.3821621239,"29":0.3820966184},"mean_squared_logarithmic_error":{"0":0.1552418917,"1":0.1519017667,"2":0.1516117156,"3":0.1512951404,"4":0.1512007713,"5":0.1509779543,"6":0.1509620696,"7":0.1509394646,"8":0.1509278864,"9":0.1509241909,"10":0.1509186029,"11":0.1508974582,"12":0.1508751959,"13":0.150856927,"14":0.1508461237,"15":0.1508322507,"16":0.1508201361,"17":0.1508146971,"18":0.1508028805,"19":0.1507909596,"20":0.1507834047,"21":0.1507706791,"22":0.1507678926,"23":0.1507537812,"24":0.1507419646,"25":0.1507346183,"26":0.1507236362,"27":0.1507196277,"28":0.1507006735,"29":0.1506952792},"mean_squared_error":{"0":0.8578683138,"1":0.8221151829,"2":0.8173351884,"3":0.814494133,"4":0.8133000731,"5":0.8116340637,"6":0.8108673096,"7":0.8102856874,"8":0.8097594976,"9":0.8092979789,"10":0.8087964654,"11":0.8082250357,"12":0.8076275587,"13":0.8071166873,"14":0.8066731095,"15":0.8062598705,"16":0.805913806,"17":0.8055698872,"18":0.80521667,"19":0.8049257994,"20":0.8046351075,"21":0.8043082952,"22":0.8040478826,"23":0.8037338257,"24":0.8034917712,"25":0.8032208681,"26":0.8029789329,"27":0.8026934266,"28":0.8024772406,"29":0.8022337556},"val_loss":{"0":0.4345757067,"1":0.4345574081,"2":0.4323780239,"3":0.4313705862,"4":0.4311442971,"5":0.431119144,"6":0.4310701787,"7":0.4310565591,"8":0.4309172034,"9":0.4306279123,"10":0.430288434,"11":0.4298104644,"12":0.4292356968,"13":0.4286956787,"14":0.4284747243,"15":0.4284032583,"16":0.4283577204,"17":0.4281443357,"18":0.428224504,"19":0.4281260371,"20":0.428239584,"21":0.4282331467,"22":0.4282266498,"23":0.4281908572,"24":0.428211838,"25":0.4282642901,"26":0.4282440245,"27":0.4283065796,"28":0.4285093248,"29":0.4285179377},"val_mean_squared_logarithmic_error":{"0":0.160938248,"1":0.1616448164,"2":0.1600487232,"3":0.1593255103,"4":0.1592832804,"5":0.1592588127,"6":0.1592816263,"7":0.1593747735,"8":0.1594346166,"9":0.1593428999,"10":0.1592790335,"11":0.1591365784,"12":0.1589242965,"13":0.1588432491,"14":0.1589915752,"15":0.1589613557,"16":0.1589079499,"17":0.1590576172,"18":0.159046948,"19":0.1590869427,"20":0.1590030342,"21":0.1591120213,"22":0.1591617465,"23":0.1591525227,"24":0.1593166888,"25":0.1594786793,"26":0.1594530493,"27":0.1595536768,"28":0.1594959497,"29":0.159534201},"val_mean_squared_error":{"0":1.0053833723,"1":1.0100449324,"2":1.0037060976,"3":1.0020694733,"4":1.0013930798,"5":1.000931263,"6":1.0016087294,"7":1.0019981861,"8":1.0012930632,"9":0.9997276068,"10":0.9979149103,"11":0.9949827194,"12":0.9915771484,"13":0.9900164604,"14":0.9907476902,"15":0.9909579158,"16":0.9912074804,"17":0.9917432666,"18":0.9914913774,"19":0.9912757277,"20":0.9910025597,"21":0.9913440347,"22":0.9914553165,"23":0.9910396934,"24":0.9919950962,"25":0.9926557541,"26":0.9927433729,"27":0.9930993915,"28":0.9933616519,"29":0.993740499}}