{"loss":{"0":0.286137253,"1":0.2858732343,"2":0.2852480114,"3":0.283821404,"4":0.2834736407,"5":0.283274889,"6":0.2831291258,"7":0.2829990983,"8":0.2828702629,"9":0.2827492952,"10":0.2826428115,"11":0.282546252,"12":0.2824613452,"13":0.2823874354,"14":0.2823176384,"15":0.2822544575,"16":0.2821953297,"17":0.2821412086,"18":0.2820917666,"19":0.2820403278,"20":0.281988591,"21":0.2819404006,"22":0.2818965614,"23":0.2818505168,"24":0.2817994654},"mean_squared_logarithmic_error":{"0":0.122506611,"1":0.1219729036,"2":0.1188131496,"3":0.1160716191,"4":0.1162459254,"5":0.1163259223,"6":0.11636962,"7":0.1163973063,"8":0.1164368317,"9":0.1165071279,"10":0.1165878177,"11":0.1166697219,"12":0.1167434603,"13":0.1168164462,"14":0.1168747768,"15":0.1169195622,"16":0.1169502586,"17":0.1169749722,"18":0.1169946715,"19":0.117016919,"20":0.1170397922,"21":0.1170590743,"22":0.1170645505,"23":0.1170691773,"24":0.1170664653},"mean_squared_error":{"0":0.5458046198,"1":0.544039309,"2":0.5362324119,"3":0.5264371634,"4":0.5261748433,"5":0.5259292722,"6":0.525654614,"7":0.5253555179,"8":0.5251294971,"9":0.5250302553,"10":0.5249887109,"11":0.5249871016,"12":0.5249962211,"13":0.5250252485,"14":0.5250090361,"15":0.5250225663,"16":0.5249949098,"17":0.5249826312,"18":0.5249694586,"19":0.5249354243,"20":0.5249167681,"21":0.5249081254,"22":0.5248206854,"23":0.5247938037,"24":0.5247254968},"val_loss":{"0":0.3243588805,"1":0.3238648176,"2":0.3149397969,"3":0.3149972856,"4":0.3149754703,"5":0.3148438931,"6":0.3145413995,"7":0.3143928051,"8":0.3142096996,"9":0.3140246272,"10":0.3139435351,"11":0.3139382601,"12":0.3139254451,"13":0.3138485849,"14":0.3138450682,"15":0.3138470352,"16":0.3139162064,"17":0.3139313161,"18":0.313983947,"19":0.3140000999,"20":0.3139820397,"21":0.3140713274,"22":0.3140197098,"23":0.3139871359,"24":0.3139891624},"val_mean_squared_logarithmic_error":{"0":0.1347991079,"1":0.1329365373,"2":0.1227841973,"3":0.1242893636,"4":0.1246348396,"5":0.1248145476,"6":0.1247839555,"7":0.1248170957,"8":0.124784261,"9":0.1248059496,"10":0.1248848885,"11":0.1249635443,"12":0.1250183731,"13":0.1250951588,"14":0.1251525283,"15":0.1252259761,"16":0.1252988577,"17":0.1252994537,"18":0.1253950149,"19":0.1254705042,"20":0.1255022883,"21":0.1255613118,"22":0.1256814599,"23":0.1257023364,"24":0.1257073134},"val_mean_squared_error":{"0":0.6868062019,"1":0.683180809,"2":0.6439757943,"3":0.647967279,"4":0.6481439471,"5":0.6476271152,"6":0.6462664604,"7":0.6459974051,"8":0.6462652683,"9":0.6461945772,"10":0.6463167667,"11":0.6469525695,"12":0.6472641826,"13":0.6473571658,"14":0.6477684379,"15":0.6484456658,"16":0.6489813328,"17":0.6493731141,"18":0.6496878862,"19":0.650128305,"20":0.6502055526,"21":0.6505921483,"22":0.651047647,"23":0.6512019634,"24":0.6511620283}}