{"loss":{"0":0.1894700974,"1":0.1860436499,"2":0.1858522594,"3":0.1857727319,"4":0.1857088208,"5":0.1856516153,"6":0.1856072545,"7":0.1855747849,"8":0.1855535358,"9":0.1855356246,"10":0.1855144352,"11":0.1855062544,"12":0.1854958236,"13":0.1854813248,"14":0.1854683012,"15":0.1854845732,"16":0.1854555756,"17":0.1854507029,"18":0.1854350567,"19":0.1854190528},"mean_squared_logarithmic_error":{"0":0.0822070315,"1":0.0819651708,"2":0.082070075,"3":0.0821022913,"4":0.0820885152,"5":0.0820759311,"6":0.0820586309,"7":0.0820389315,"8":0.0820146501,"9":0.082003206,"10":0.0819784626,"11":0.0819540024,"12":0.0819376037,"13":0.0819460303,"14":0.0819414034,"15":0.0819215029,"16":0.081917055,"17":0.0819162205,"18":0.081909366,"19":0.0819022432},"mean_squared_error":{"0":0.3143588901,"1":0.3158988953,"2":0.3163633049,"3":0.3165543675,"4":0.3165643811,"5":0.3165513873,"6":0.316542536,"7":0.3165405393,"8":0.3164947331,"9":0.3164536059,"10":0.3163690567,"11":0.3162904382,"12":0.3162364066,"13":0.3162673712,"14":0.3162636161,"15":0.3161817789,"16":0.3161661625,"17":0.3161415458,"18":0.3160870075,"19":0.3160543442},"val_loss":{"0":0.1995793879,"1":0.1992860585,"2":0.1991348863,"3":0.1991051137,"4":0.1990419626,"5":0.1990279853,"6":0.1989384741,"7":0.1988546401,"8":0.1987585425,"9":0.1987499744,"10":0.1988766491,"11":0.1988100708,"12":0.1988467127,"13":0.1988740414,"14":0.1988479346,"15":0.1988150775,"16":0.1988734007,"17":0.199026078,"18":0.1991987824,"19":0.1994296163},"val_mean_squared_logarithmic_error":{"0":0.0883160979,"1":0.0884674639,"2":0.088450782,"3":0.0883988664,"4":0.0883869007,"5":0.0883552954,"6":0.0883100107,"7":0.0883145109,"8":0.0882045925,"9":0.0881536156,"10":0.0881940499,"11":0.0882303491,"12":0.088258408,"13":0.0882832035,"14":0.0882740393,"15":0.0882797316,"16":0.088304922,"17":0.0883978978,"18":0.0884600952,"19":0.0885075405},"val_mean_squared_error":{"0":0.3727391958,"1":0.374063313,"2":0.3742899597,"3":0.3735493422,"4":0.373306185,"5":0.3730253279,"6":0.3725819886,"7":0.3724559247,"8":0.3716173768,"9":0.3710799217,"10":0.3711301386,"11":0.3712853789,"12":0.371478647,"13":0.3716973662,"14":0.3716699779,"15":0.3720405996,"16":0.3729077876,"17":0.3749634624,"18":0.3761063814,"19":0.3769188523}}