{"loss":{"0":0.2343655974,"1":0.2336923033,"2":0.2333116531,"3":0.2328811139,"4":0.2325362563,"5":0.2321754694,"6":0.2318674028,"7":0.2315592021,"8":0.2311952412,"9":0.2307637632,"10":0.230372116,"11":0.2301364392,"12":0.2296955436,"13":0.2292302251,"14":0.2287368029,"15":0.2280957848,"16":0.227657795,"17":0.2270105332,"18":0.2266836911},"mean_squared_logarithmic_error":{"0":0.101057671,"1":0.1008090749,"2":0.1002836004,"3":0.0985959247,"4":0.0979285091,"5":0.0976587906,"6":0.0975910351,"7":0.0974390581,"8":0.0972345099,"9":0.0970988944,"10":0.096981816,"11":0.0969086066,"12":0.096720323,"13":0.0965026617,"14":0.0962576345,"15":0.0959889218,"16":0.0957444757,"17":0.0953747779,"18":0.0951502323},"mean_squared_error":{"0":0.4171929657,"1":0.4162777364,"2":0.4149720073,"3":0.410451591,"4":0.4080761075,"5":0.406771481,"6":0.4060547352,"7":0.4056561589,"8":0.4043882191,"9":0.4034049809,"10":0.4026432335,"11":0.402202636,"12":0.4010381103,"13":0.3998550475,"14":0.3983252048,"15":0.3967168331,"16":0.395604521,"17":0.3934128284,"18":0.3923470378},"val_loss":{"0":0.3031466007,"1":0.3033382297,"2":0.2975783348,"3":0.2966011763,"4":0.2963325083,"5":0.2953918576,"6":0.2949200869,"7":0.294628948,"8":0.2943949997,"9":0.2949897945,"10":0.2950471938,"11":0.2947517037,"12":0.2962740958,"13":0.2969277501,"14":0.2957498729,"15":0.2962122858,"16":0.2973227799,"17":0.2974302173,"18":0.2975037992},"val_mean_squared_logarithmic_error":{"0":0.1266627312,"1":0.1252461225,"2":0.1175892055,"3":0.1183026358,"4":0.1189219952,"5":0.1182455346,"6":0.1177169755,"7":0.1176284254,"8":0.1170585752,"9":0.1176974699,"10":0.1175026596,"11":0.1178174913,"12":0.1189214736,"13":0.1192568839,"14":0.1189382523,"15":0.1195263416,"16":0.1199181899,"17":0.1199661568,"18":0.1197489947},"val_mean_squared_error":{"0":0.6448118687,"1":0.6445421576,"2":0.6203141809,"3":0.6220499277,"4":0.6230327487,"5":0.6178643703,"6":0.6174613833,"7":0.6160379648,"8":0.6149711013,"9":0.6175790429,"10":0.6155258417,"11":0.6149915457,"12":0.6235312223,"13":0.6254498363,"14":0.6189782023,"15":0.6225619316,"16":0.6261559725,"17":0.6257151365,"18":0.6240872741}}