{"loss":{"0":0.1498796344,"1":0.1487544328,"2":0.1488721818,"3":0.1489559114,"4":0.1487169564,"5":0.1486278176,"6":0.1485278606,"7":0.1484176666,"8":0.1483645737,"9":0.1482447386,"10":0.148167789,"11":0.1481167674,"12":0.1480343342,"13":0.1479687095,"14":0.1479396373,"15":0.1478685737,"16":0.1478722095,"17":0.1477074474,"18":0.1477985233,"19":0.1474796534,"20":0.1473401487,"21":0.1473601609,"22":0.1472363621,"23":0.147379458,"24":0.1471699476},"mean_squared_logarithmic_error":{"0":0.067296274,"1":0.0675105378,"2":0.0676457956,"3":0.0676378161,"4":0.0675413385,"5":0.0674577281,"6":0.0673718601,"7":0.0672715083,"8":0.0672056898,"9":0.0671226159,"10":0.0670836642,"11":0.0670874864,"12":0.0670653656,"13":0.0670697093,"14":0.0671867579,"15":0.067252256,"16":0.0671398416,"17":0.0671365932,"18":0.0671932995,"19":0.0669240281,"20":0.0667480752,"21":0.0668711215,"22":0.0667834282,"23":0.0667917579,"24":0.0669140443},"mean_squared_error":{"0":0.2415950745,"1":0.241966933,"2":0.2502860427,"3":0.2424490899,"4":0.24220559,"5":0.2418856174,"6":0.2414638102,"7":0.2409448922,"8":0.2408268005,"9":0.2403040379,"10":0.2402338535,"11":0.2400910407,"12":0.2399558127,"13":0.2398591489,"14":0.2402136475,"15":0.2403823733,"16":0.2400096059,"17":0.2402799726,"18":0.2399821281,"19":0.2389041483,"20":0.2383577377,"21":0.2390504032,"22":0.2384389937,"23":0.2384067327,"24":0.2391853333},"val_loss":{"0":0.172020331,"1":0.1718959063,"2":0.1731163412,"3":0.172501713,"4":0.1721216291,"5":0.1720862389,"6":0.1719793677,"7":0.1718940437,"8":0.1718430519,"9":0.1717482805,"10":0.1717389375,"11":0.1716776937,"12":0.171508655,"13":0.1716546118,"14":0.1714416146,"15":0.1717047542,"16":0.1716602147,"17":0.1715637743,"18":0.1715655029,"19":0.1717595309,"20":0.1717700064,"21":0.171826601,"22":0.1722426862,"23":0.1719474196,"24":0.1720655411},"val_mean_squared_logarithmic_error":{"0":0.0767075196,"1":0.0772587582,"2":0.0785485879,"3":0.0770105869,"4":0.0772194862,"5":0.077223435,"6":0.0771376267,"7":0.0770685524,"8":0.0771087706,"9":0.0771179125,"10":0.077093184,"11":0.0771593526,"12":0.0770377368,"13":0.077133745,"14":0.0773084462,"15":0.0776372626,"16":0.0774704143,"17":0.077379398,"18":0.07753288,"19":0.0775177851,"20":0.0775068775,"21":0.0775159299,"22":0.0773460716,"23":0.0774713382,"24":0.0776359737},"val_mean_squared_error":{"0":0.2992966175,"1":0.3018003404,"2":0.3072468936,"3":0.3029828668,"4":0.303308636,"5":0.303070724,"6":0.3023102283,"7":0.3019517362,"8":0.3020682931,"9":0.3017130494,"10":0.3015999198,"11":0.3013935387,"12":0.3010746539,"13":0.3016619086,"14":0.3021790981,"15":0.303638339,"16":0.3024338484,"17":0.3019054234,"18":0.3026461601,"19":0.3024703562,"20":0.3024379611,"21":0.3025757074,"22":0.3013032675,"23":0.3019824326,"24":0.3032769263}}