{"loss":{"0":0.2211689353,"1":0.2204784155,"2":0.2201711535,"3":0.2199648023,"4":0.2197243273,"5":0.2195208967,"6":0.2192871869,"7":0.219014138,"8":0.2187285721,"9":0.2184740305,"10":0.2181931138,"11":0.2178018838,"12":0.217480123,"13":0.2171603888,"14":0.2167072892,"15":0.2163061649,"16":0.2158854157},"mean_squared_logarithmic_error":{"0":0.095957242,"1":0.0958633721,"2":0.0957844183,"3":0.0957304835,"4":0.0957284719,"5":0.0956997573,"6":0.0956011787,"7":0.0954812989,"8":0.0953354388,"9":0.0952197537,"10":0.0951200351,"11":0.0949309766,"12":0.0948120728,"13":0.0946242809,"14":0.0944480598,"15":0.0942704603,"16":0.0940833166},"mean_squared_error":{"0":0.3975757957,"1":0.3969675004,"2":0.3966718018,"3":0.3955439329,"4":0.3949301839,"5":0.3945344388,"6":0.3937081695,"7":0.3930974305,"8":0.3922347128,"9":0.3912223279,"10":0.3905471861,"11":0.3893250823,"12":0.388268739,"13":0.3870887756,"14":0.3856246173,"15":0.3843840063,"16":0.3829974532},"val_loss":{"0":0.2250638753,"1":0.2250018269,"2":0.2249532193,"3":0.2248924822,"4":0.2247994095,"5":0.2248048782,"6":0.2247574031,"7":0.2248366475,"8":0.225049004,"9":0.2250219584,"10":0.225046277,"11":0.2250704914,"12":0.2252290994,"13":0.2254577428,"14":0.2256899327,"15":0.2256978452,"16":0.2261364907},"val_mean_squared_logarithmic_error":{"0":0.098248437,"1":0.0982130244,"2":0.0981630683,"3":0.0982205495,"4":0.0982802585,"5":0.098435156,"6":0.0984855667,"7":0.0985295177,"8":0.0985914096,"9":0.098561883,"10":0.0985792354,"11":0.0985734686,"12":0.0986951739,"13":0.0988169536,"14":0.0989381596,"15":0.0989914387,"16":0.099307023},"val_mean_squared_error":{"0":0.4283537865,"1":0.4270115495,"2":0.4252800047,"3":0.425726831,"4":0.4268401265,"5":0.4269341826,"6":0.4259481132,"7":0.4268174171,"8":0.4273108542,"9":0.4278766513,"10":0.4274414778,"11":0.4276125431,"12":0.428360492,"13":0.4296370149,"14":0.4293883145,"15":0.4305667579,"16":0.4324556589}}