{"loss":{"0":0.2534019351,"1":0.2525277734,"2":0.2519742548,"3":0.2517673075,"4":0.2522763014,"5":0.2524460256,"6":0.2517343163,"7":0.2526949048,"8":0.2538510561,"9":0.2549139857,"10":0.2535483241,"11":0.254036963,"12":0.2554505467,"13":0.2546537817},"mean_squared_logarithmic_error":{"0":0.1122749895,"1":0.1111615896,"2":0.1111177653,"3":0.1111736596,"4":0.1110910699,"5":0.1109336242,"6":0.1109703258,"7":0.1112683415,"8":0.1119604111,"9":0.1129013002,"10":0.1127552986,"11":0.1133391485,"12":0.1144327745,"13":0.1140247509},"mean_squared_error":{"0":0.5753529668,"1":0.5595027208,"2":0.5571576357,"3":0.556822896,"4":0.5573626757,"5":0.5574016571,"6":0.5560681224,"7":0.5586110353,"8":0.5654447079,"9":0.5746486187,"10":0.5710532069,"11":0.5738111138,"12":0.5814434886,"13":0.5777341723},"val_loss":{"0":0.2103723139,"1":0.2100348175,"2":0.2098565251,"3":0.2097180933,"4":0.2106169164,"5":0.2101500928,"6":0.20992212,"7":0.2102893293,"8":0.2122303993,"9":0.2108927369,"10":0.210758552,"11":0.2131019533,"12":0.2123927325,"13":0.2111541927},"val_mean_squared_logarithmic_error":{"0":0.0923845917,"1":0.0924982354,"2":0.0925596207,"3":0.0927440226,"4":0.0922422931,"5":0.0924356505,"6":0.0925494879,"7":0.0927064419,"8":0.0930258483,"9":0.0930197313,"10":0.0931807384,"11":0.0950531736,"12":0.0943159908,"13":0.0940085426},"val_mean_squared_error":{"0":0.403876096,"1":0.4020850956,"2":0.4026819468,"3":0.4029290676,"4":0.4009419382,"5":0.4013944864,"6":0.4021678567,"7":0.4033550918,"8":0.407060504,"9":0.4088996053,"10":0.408228904,"11":0.4171499014,"12":0.4136627614,"13":0.4133682847}}