{"loss":{"0":0.3247782886,"1":0.3226306438,"2":0.321995616,"3":0.3217486441,"4":0.3214991987,"5":0.3211268485,"6":0.3209139705,"7":0.3209105432,"8":0.3214604557,"9":0.3210133016,"10":0.3204164803,"11":0.3200542629,"12":0.3195683956,"13":0.3196880221,"14":0.3191764355,"15":0.318564266,"16":0.318498075},"mean_squared_logarithmic_error":{"0":0.1376558244,"1":0.1370246857,"2":0.1368124336,"3":0.1368158758,"4":0.1366411448,"5":0.1365107745,"6":0.1365613341,"7":0.1363150626,"8":0.1361719817,"9":0.1359672695,"10":0.1358077526,"11":0.1356994659,"12":0.1355451047,"13":0.1354710609,"14":0.1353077441,"15":0.1350645274,"16":0.1349981427},"mean_squared_error":{"0":0.8095681071,"1":0.6982731223,"2":0.6563094854,"3":0.6570016146,"4":0.6550469995,"5":0.6538009048,"6":0.6534813046,"7":0.6542867422,"8":0.6521054506,"9":0.6519861817,"10":0.6495103836,"11":0.6486797929,"12":0.646674335,"13":0.6464216709,"14":0.644135654,"15":0.6429544687,"16":0.6416537166},"val_loss":{"0":0.3256635666,"1":0.3253113031,"2":0.325440675,"3":0.3252188265,"4":0.3250627816,"5":0.3251392841,"6":0.3250037134,"7":0.3254144192,"8":0.3258475363,"9":0.3260056078,"10":0.3260229528,"11":0.3263080418,"12":0.3266999424,"13":0.3263598382,"14":0.32659024,"15":0.3275866508,"16":0.3279150128},"val_mean_squared_logarithmic_error":{"0":0.1382920593,"1":0.1381684244,"2":0.1381881088,"3":0.1381604075,"4":0.1380293816,"5":0.1381045729,"6":0.1380692571,"7":0.1379474103,"8":0.1375351846,"9":0.1376094073,"10":0.1375355124,"11":0.13770549,"12":0.1378310323,"13":0.1374969184,"14":0.1377395093,"15":0.1381613165,"16":0.1384664774},"val_mean_squared_error":{"0":0.6640455127,"1":0.6648657322,"2":0.6660051346,"3":0.6672205329,"4":0.6679295897,"5":0.6681438684,"6":0.6686352491,"7":0.6710153818,"8":0.6715653539,"9":0.6713302135,"10":0.6717800498,"11":0.6736757755,"12":0.6748951077,"13":0.6722208858,"14":0.6739359498,"15":0.6779874563,"16":0.6801679134}}