{"loss":{"0":0.2854216695,"1":0.2834668159,"2":0.2827906013,"3":0.2823885679,"4":0.2819667161,"5":0.2815358341,"6":0.281062603,"7":0.2806295156,"8":0.2800575495,"9":0.2794882655,"10":0.2790270448,"11":0.2784187496},"mean_squared_logarithmic_error":{"0":0.119966574,"1":0.1172050014,"2":0.1170500591,"3":0.1170394644,"4":0.1169960648,"5":0.1168630943,"6":0.1166701093,"7":0.1165129691,"8":0.1162840277,"9":0.1160895452,"10":0.1159431115,"11":0.1156613827},"mean_squared_error":{"0":0.5390461683,"1":0.5285787582,"2":0.5268794298,"3":0.5259562731,"4":0.525053978,"5":0.5237647295,"6":0.522152245,"7":0.5207244158,"8":0.5190105438,"9":0.5173450112,"10":0.5159567595,"11":0.5137884021},"val_loss":{"0":0.3157025278,"1":0.3149019778,"2":0.3151984811,"3":0.3149728179,"4":0.3152852654,"5":0.3154928982,"6":0.3156698942,"7":0.316334039,"8":0.3171301186,"9":0.318646878,"10":0.3181499243,"11":0.3191769719},"val_mean_squared_logarithmic_error":{"0":0.1238970757,"1":0.1243662685,"2":0.1248457283,"3":0.124975428,"4":0.1257345676,"5":0.1256219894,"6":0.1251529753,"7":0.1254142374,"8":0.1261478513,"9":0.1265959293,"10":0.1261683106,"11":0.1268616468},"val_mean_squared_error":{"0":0.6458663344,"1":0.6444096565,"2":0.6522009373,"3":0.6513561606,"4":0.6543884277,"5":0.6569749713,"6":0.6529549956,"7":0.6575425863,"8":0.6623568535,"9":0.6678987741,"10":0.6591338515,"11":0.6656995416}}