{"loss":{"0":0.1895408779,"1":0.1861894727,"2":0.1858826876,"3":0.1857662648,"4":0.1857057065,"5":0.1856019497,"6":0.1854981929,"7":0.1854580045,"8":0.1853407472,"9":0.1852797717,"10":0.1852109581,"11":0.1851785779,"12":0.1851634532,"13":0.1850777268,"14":0.18498528,"15":0.1849086583,"16":0.1849139333,"17":0.1847713143,"18":0.1846504509,"19":0.1845166385,"20":0.1844088733,"21":0.1843645424,"22":0.1841658801,"23":0.18404603,"24":0.1840026379,"25":0.1837222725},"mean_squared_logarithmic_error":{"0":0.081370011,"1":0.0813248232,"2":0.0815888867,"3":0.0816825107,"4":0.0816866234,"5":0.0817366168,"6":0.0817345008,"7":0.0817228332,"8":0.0817059129,"9":0.0817057341,"10":0.0816907808,"11":0.0816747993,"12":0.0816804394,"13":0.0816796571,"14":0.0816322267,"15":0.08158952,"16":0.0815840289,"17":0.0815773904,"18":0.0815148652,"19":0.0814256296,"20":0.0813656375,"21":0.0813678652,"22":0.0812578648,"23":0.081253849,"24":0.0812253654,"25":0.0810947269},"mean_squared_error":{"0":0.3144026399,"1":0.3155502081,"2":0.3162903786,"3":0.3165026009,"4":0.3159382939,"5":0.3159802258,"6":0.3157433271,"7":0.3155401349,"8":0.3153349161,"9":0.3153136671,"10":0.315158397,"11":0.3150348961,"12":0.315154016,"13":0.3150034845,"14":0.314859271,"15":0.3144301474,"16":0.3144923747,"17":0.3143554628,"18":0.3139407337,"19":0.3133094311,"20":0.312911123,"21":0.3127526045,"22":0.3120462894,"23":0.3118591309,"24":0.3121620119,"25":0.3107224405},"val_loss":{"0":0.2000321001,"1":0.1994317919,"2":0.1993923336,"3":0.1991248429,"4":0.1991758645,"5":0.1990017146,"6":0.1990980059,"7":0.1989607364,"8":0.198956877,"9":0.1989341825,"10":0.1990529746,"11":0.198960349,"12":0.1988838315,"13":0.1988352835,"14":0.1988537014,"15":0.1988027245,"16":0.1989103854,"17":0.1988253146,"18":0.1988193095,"19":0.1994753629,"20":0.1991981715,"21":0.1991290301,"22":0.1989967078,"23":0.1993432194,"24":0.2006482929,"25":0.1990766823},"val_mean_squared_logarithmic_error":{"0":0.0880086944,"1":0.0883128494,"2":0.0885163769,"3":0.0884665474,"4":0.0884940028,"5":0.0883937255,"6":0.0885321274,"7":0.0883584693,"8":0.0885033011,"9":0.0884174183,"10":0.0884824172,"11":0.088512972,"12":0.0886147991,"13":0.0885871053,"14":0.0885490179,"15":0.0883458108,"16":0.0883842036,"17":0.088519074,"18":0.0884749815,"19":0.0885267407,"20":0.088449724,"21":0.0885410234,"22":0.0885247365,"23":0.0886081755,"24":0.0887296274,"25":0.088522926},"val_mean_squared_error":{"0":0.3760512173,"1":0.3763315082,"2":0.3793453574,"3":0.3770323992,"4":0.3860661387,"5":0.3779034913,"6":0.3766328692,"7":0.3764328957,"8":0.3778174818,"9":0.377081424,"10":0.3813159466,"11":0.3782679439,"12":0.3771445155,"13":0.3765642643,"14":0.3768070638,"15":0.3753046393,"16":0.3763094842,"17":0.3794814646,"18":0.3759161234,"19":0.4318479598,"20":0.409160167,"21":0.3897976279,"22":0.3844055831,"23":0.4252697825,"24":0.8427445292,"25":0.3772577941}}