{"loss":{"0":0.137936607,"1":0.1378241777,"2":0.1377848387,"3":0.1377308071,"4":0.1376402676,"5":0.1375698149,"6":0.137432009,"7":0.1374991983,"8":0.1374966651,"9":0.1372772455,"10":0.1372223943},"mean_squared_logarithmic_error":{"0":0.0630633757,"1":0.0631578863,"2":0.0631003007,"3":0.0631199628,"4":0.0631098822,"5":0.0632265359,"6":0.0630314872,"7":0.0633035824,"8":0.0631982014,"9":0.063177295,"10":0.0631862581},"mean_squared_error":{"0":0.2145972848,"1":0.2148089707,"2":0.2148137391,"3":0.214779526,"4":0.2148028016,"5":0.2153473496,"6":0.2144468427,"7":0.215652287,"8":0.2151277363,"9":0.2151767015,"10":0.215297997},"val_loss":{"0":0.1609534919,"1":0.1613706201,"2":0.1610840857,"3":0.1612748653,"4":0.1609865129,"5":0.1612613797,"6":0.1612891853,"7":0.1613582075,"8":0.1614585966,"9":0.1613322645,"10":0.1613950878},"val_mean_squared_logarithmic_error":{"0":0.0722417235,"1":0.0732677355,"2":0.0727448463,"3":0.0728379488,"4":0.0725650787,"5":0.0732013136,"6":0.0734030232,"7":0.0737697706,"8":0.0737310946,"9":0.0738457739,"10":0.0737444162},"val_mean_squared_error":{"0":0.274556756,"1":0.2787199616,"2":0.2770013213,"3":0.277130723,"4":0.27613464,"5":0.2787582874,"6":0.2793848217,"7":0.2811670601,"8":0.2811262012,"9":0.2813951969,"10":0.2807592452}}