{"loss":{"0":0.3933107257,"1":0.3865933418,"2":0.3851930499,"3":0.3844712377,"4":0.3837598264,"5":0.3830066323,"6":0.3823022246,"7":0.3815956414,"8":0.3807751536,"9":0.3796820939,"10":0.378919363,"11":0.3779556155,"12":0.3773736954,"13":0.3760676384},"mean_squared_logarithmic_error":{"0":0.1519551724,"1":0.1493653357,"2":0.1494624764,"3":0.1493554413,"4":0.1492350549,"5":0.1490885913,"6":0.1489670724,"7":0.1487700939,"8":0.1485350728,"9":0.1482345015,"10":0.1479708999,"11":0.1476692259,"12":0.1474566758,"13":0.1470198333},"mean_squared_error":{"0":0.8437265158,"1":0.8139378428,"2":0.8103423119,"3":0.8082158566,"4":0.8053343296,"5":0.801990509,"6":0.8002151251,"7":0.7970541716,"8":0.7930360436,"9":0.7883777022,"10":0.7853309512,"11":0.7811632752,"12":0.779327333,"13":0.7718171477},"val_loss":{"0":0.4360438585,"1":0.4334979355,"2":0.4329493046,"3":0.4327205122,"4":0.4335928559,"5":0.4333235323,"6":0.4341299236,"7":0.434844017,"8":0.4342333078,"9":0.4360340238,"10":0.4369142056,"11":0.436124891,"12":0.437427789,"13":0.4383419752},"val_mean_squared_logarithmic_error":{"0":0.1592619717,"1":0.1576910913,"2":0.157373175,"3":0.1573939472,"4":0.1578285992,"5":0.1575688571,"6":0.1577484459,"7":0.1578912139,"8":0.1577017605,"9":0.1584027261,"10":0.1583871543,"11":0.1580036581,"12":0.1585894376,"13":0.1586115956},"val_mean_squared_error":{"0":0.9863432646,"1":0.9893226624,"2":0.9985592365,"3":0.9964013696,"4":1.0016406775,"5":1.0062448978,"6":1.0134778023,"7":1.0139007568,"8":1.0186753273,"9":1.0369462967,"10":1.0269194841,"11":1.0319055319,"12":1.0383589268,"13":1.0478502512}}