{"loss":{"0":0.2515961528,"1":0.2468429804,"2":0.2461462319,"3":0.2457095385,"4":0.2453883737,"5":0.2452059984,"6":0.245066911,"7":0.2448856682,"8":0.2447734475,"9":0.2444334924,"10":0.2454510927,"11":0.2488954961,"12":0.2487975657,"13":0.2482483238,"14":0.2473415285,"15":0.2477144897,"16":0.2559475899,"17":0.247397691,"18":0.2473996133,"19":0.247345686},"mean_squared_logarithmic_error":{"0":0.108219631,"1":0.1052965149,"2":0.1053654402,"3":0.1054553166,"4":0.1055639163,"5":0.1056117341,"6":0.105651848,"7":0.1056234837,"8":0.1056218818,"9":0.1055625975,"10":0.1060293242,"11":0.1074116752,"12":0.1072356105,"13":0.106731452,"14":0.1063134372,"15":0.1062590033,"16":0.10658627,"17":0.1061928719,"18":0.1063409001,"19":0.106296286},"mean_squared_error":{"0":0.480484426,"1":0.4578960836,"2":0.4564696252,"3":0.4567879438,"4":0.4572066367,"5":0.4572720826,"6":0.457179755,"7":0.4573435187,"8":0.4587853849,"9":0.457229048,"10":0.4762542546,"11":0.4856888056,"12":0.4823163748,"13":0.4741855562,"14":0.4658178687,"15":0.4951361418,"16":87.6173248291,"17":0.4660238922,"18":0.4661307335,"19":0.4657929838},"val_loss":{"0":0.2538768947,"1":0.2534724176,"2":0.2518116236,"3":0.2524324656,"4":0.2506131232,"5":0.2504146695,"6":0.2504759133,"7":0.2503631711,"8":0.2502950728,"9":0.2501910925,"10":0.2541263103,"11":0.2539398372,"12":0.2539081573,"13":0.2536353469,"14":0.2528841794,"15":0.2532571554,"16":0.2532808781,"17":0.2531207502,"18":0.2531417608,"19":0.2532839477},"val_mean_squared_logarithmic_error":{"0":0.1078470424,"1":0.1088475659,"2":0.1077148691,"3":0.1091900691,"4":0.1085062027,"5":0.1085065529,"6":0.1083574966,"7":0.1085880324,"8":0.108833462,"9":0.1087379903,"10":0.1102220044,"11":0.1103694886,"12":0.1102488935,"13":0.1096268147,"14":0.1092829332,"15":0.1092591137,"16":0.1087522283,"17":0.1089603454,"18":0.1096851528,"19":0.1095061898},"val_mean_squared_error":{"0":0.468005091,"1":0.4777605236,"2":0.4709270298,"3":0.4782596231,"4":0.4756331742,"5":0.4750459492,"6":0.4744910598,"7":0.4744529426,"8":0.4755746126,"9":0.4759952426,"10":0.5055646896,"11":0.5059152246,"12":0.503267169,"13":0.4931482673,"14":0.4850022197,"15":0.4810470343,"16":0.4872189462,"17":0.4834769666,"18":0.4842688739,"19":0.4871750474}}