{"loss":{"0":4.2591848373,"1":2.5837876797,"2":2.4036636353,"3":2.3453299999,"4":2.315271616,"5":2.2962474823,"6":2.2805085182,"7":2.2676472664,"8":2.2572686672,"9":2.2486205101,"10":2.2413170338,"11":2.2348704338,"12":2.2284665108,"13":2.2219963074,"14":2.2155144215,"15":2.2080538273,"16":2.1996231079,"17":2.1917157173,"18":2.1844296455,"19":2.1775541306,"20":2.1715581417,"21":2.1666958332,"22":2.1621544361,"23":2.1584136486,"24":2.155279398,"25":2.1529951096,"26":2.1507265568,"27":2.1486766338,"28":2.1467683315,"29":2.1450581551,"30":2.1431930065,"31":2.1415314674,"32":2.1404008865,"33":2.1388530731,"34":2.137635231,"35":2.1362016201,"36":2.1348924637,"37":2.1337940693,"38":2.1327512264,"39":2.1317555904,"40":2.1307015419,"41":2.129901886,"42":2.1290411949,"43":2.1282250881,"44":2.1274182796,"45":2.1265416145,"46":2.1258325577,"47":2.1250498295,"48":2.1243038177,"49":2.1235823631,"50":2.1228926182,"51":2.1222319603,"52":2.1215622425,"53":2.1209285259,"54":2.1203286648,"55":2.1196286678,"56":2.1191158295,"57":2.1184723377,"58":2.1178898811,"59":2.117254734,"60":2.1167802811,"61":2.1161901951,"62":2.1158249378,"63":2.1151418686,"64":2.1146702766,"65":2.114251852,"66":2.1139218807,"67":2.1133611202},"mean_squared_logarithmic_error":{"0":0.4692625105,"1":0.2445454299,"2":0.2330074608,"3":0.2271070182,"4":0.223606348,"5":0.2215148807,"6":0.2197333574,"7":0.2182538807,"8":0.2170219421,"9":0.2160272002,"10":0.2152079046,"11":0.2145264,"12":0.213885963,"13":0.2132383585,"14":0.2125636935,"15":0.2117743492,"16":0.2109677941,"17":0.2102244794,"18":0.2095569223,"19":0.2089254856,"20":0.2083852142,"21":0.2079291493,"22":0.2075442672,"23":0.2072263658,"24":0.2069506347,"25":0.2067370415,"26":0.2065142691,"27":0.2063164115,"28":0.2061287463,"29":0.205967471,"30":0.2057985514,"31":0.2056393027,"32":0.2055258453,"33":0.2053827345,"34":0.2052676827,"35":0.2051367611,"36":0.2050119936,"37":0.2049144059,"38":0.2048102915,"39":0.2047150433,"40":0.2046209872,"41":0.2045391351,"42":0.2044539154,"43":0.2043906003,"44":0.2043143958,"45":0.2042341977,"46":0.2041575611,"47":0.2040899396,"48":0.2040241361,"49":0.2039608657,"50":0.2038929015,"51":0.2038346976,"52":0.2037720233,"53":0.203721419,"54":0.2036671638,"55":0.20361121,"56":0.2035546303,"57":0.2034940422,"58":0.2034443766,"59":0.2033887953,"60":0.2033419162,"61":0.2032901347,"62":0.2032499015,"63":0.2031987309,"64":0.203153342,"65":0.2031192482,"66":0.2030934244,"67":0.2030486614},"mean_squared_error":{"0":107.3198623657,"1":23.7998409271,"2":18.7789993286,"3":17.6312789917,"4":17.125120163,"5":16.8108196259,"6":16.5565052032,"7":16.34333992,"8":16.1717414856,"9":16.0246963501,"10":15.8962802887,"11":15.7840213776,"12":15.6727180481,"13":15.5663776398,"14":15.4584245682,"15":15.3273019791,"16":15.1689987183,"17":15.0229377747,"18":14.8832473755,"19":14.751332283,"20":14.6363353729,"21":14.5430335999,"22":14.4559135437,"23":14.3885412216,"24":14.3322582245,"25":14.2938184738,"26":14.2565555573,"27":14.2229757309,"28":14.1936826706,"29":14.1680250168,"30":14.1379890442,"31":14.1132049561,"32":14.0956678391,"33":14.0711183548,"34":14.0521745682,"35":14.0282726288,"36":14.008597374,"37":13.9944438934,"38":13.9799013138,"39":13.9653234482,"40":13.9478168488,"41":13.9380168915,"42":13.9266586304,"43":13.9167737961,"44":13.9059028625,"45":13.8943796158,"46":13.8855667114,"47":13.8746833801,"48":13.8631048203,"49":13.852478981,"50":13.8437423706,"51":13.8336820602,"52":13.8252248764,"53":13.8119335175,"54":13.8033304214,"55":13.7930984497,"56":13.7847719193,"57":13.7758054733,"58":13.7656526566,"59":13.7574090958,"60":13.7517051697,"61":13.7436418533,"62":13.7362709045,"63":13.7279624939,"64":13.7202768326,"65":13.7107858658,"66":13.7058591843,"67":13.6970882416},"val_loss":{"0":2.0299806595,"1":1.9798746109,"2":1.9551284313,"3":1.9509958029,"4":1.956094265,"5":1.9808540344,"6":2.0005536079,"7":2.0104062557,"8":2.0159642696,"9":1.9989359379,"10":1.9649835825,"11":1.926930666,"12":1.8892202377,"13":1.8587254286,"14":1.8400089741,"15":1.8260229826,"16":1.8215613365,"17":1.8201832771,"18":1.819827795,"19":1.8248757124,"20":1.8298667669,"21":1.831994772,"22":1.8331100941,"23":1.833922863,"24":1.8316397667,"25":1.8275848627,"26":1.824598074,"27":1.8198013306,"28":1.8124119043,"29":1.8073785305,"30":1.8037424088,"31":1.7987034321,"32":1.7961277962,"33":1.7940365076,"34":1.7926187515,"35":1.7923959494,"36":1.7932859659,"37":1.7935832739,"38":1.7924871445,"39":1.7914441824,"40":1.7903643847,"41":1.7896511555,"42":1.789067626,"43":1.7875258923,"44":1.7868546247,"45":1.7852314711,"46":1.7844891548,"47":1.7837026119,"48":1.7831716537,"49":1.7827044725,"50":1.7823660374,"51":1.7818484306,"52":1.7818317413,"53":1.7813224792,"54":1.7809616327,"55":1.7806718349,"56":1.7803976536,"57":1.7801575661,"58":1.7805049419,"59":1.7805976868,"60":1.7807950974,"61":1.7807164192,"62":1.7803380489,"63":1.7805327177,"64":1.7805175781,"65":1.7805770636,"66":1.7808974981,"67":1.7812072039},"val_mean_squared_logarithmic_error":{"0":0.2792323232,"1":0.2661111951,"2":0.2626880109,"3":0.2612575889,"4":0.2608600557,"5":0.2622769177,"6":0.263125807,"7":0.2635745108,"8":0.2633354664,"9":0.2620284557,"10":0.2593286633,"11":0.2561739385,"12":0.2530553937,"13":0.2501568198,"14":0.2482388914,"15":0.246279344,"16":0.2457389235,"17":0.2454424649,"18":0.2450240254,"19":0.245138377,"20":0.2451579869,"21":0.2449575365,"22":0.2447229475,"23":0.2444761693,"24":0.2440842241,"25":0.243497923,"26":0.2430624664,"27":0.2423650026,"28":0.2415114343,"29":0.2409630567,"30":0.2405408174,"31":0.239934653,"32":0.2396653742,"33":0.2393507808,"34":0.2391993552,"35":0.2392241359,"36":0.2393374443,"37":0.2393667251,"38":0.2391319126,"39":0.2388838828,"40":0.2385828793,"41":0.238390401,"42":0.2381983846,"43":0.2378969193,"44":0.2377005965,"45":0.2374365032,"46":0.2372636944,"47":0.2371107638,"48":0.2370082289,"49":0.2369000763,"50":0.2367173284,"51":0.2366041392,"52":0.2364874333,"53":0.2363827229,"54":0.2362914234,"55":0.2361164093,"56":0.2360106409,"57":0.2359063923,"58":0.2358803004,"59":0.2358697504,"60":0.2357861847,"61":0.235752821,"62":0.2356421947,"63":0.2356390357,"64":0.235596031,"65":0.2356079668,"66":0.2356509566,"67":0.2356672734},"val_mean_squared_error":{"0":12.7469911575,"1":12.1882696152,"2":11.8864383698,"3":11.8815612793,"4":11.9256315231,"5":12.2487707138,"6":12.5467443466,"7":12.7043561935,"8":12.8193016052,"9":12.5404462814,"10":12.0169668198,"11":11.4300756454,"12":10.8628387451,"13":10.4264717102,"14":10.1749744415,"15":10.0013055801,"16":9.9116649628,"17":9.8777284622,"18":9.855093956,"19":9.9078836441,"20":9.9728651047,"21":10.0116262436,"22":10.0422973633,"23":10.0698747635,"24":10.0563783646,"25":10.0199918747,"26":9.9801588058,"27":9.9163093567,"28":9.8205976486,"29":9.7524642944,"30":9.7021331787,"31":9.6394290924,"32":9.6129159927,"33":9.5892438889,"34":9.5726041794,"35":9.5669679642,"36":9.5769252777,"37":9.5817127228,"38":9.5774021149,"39":9.5732431412,"40":9.5710420609,"41":9.5688419342,"42":9.5694875717,"43":9.5581331253,"44":9.5560312271,"45":9.542883873,"46":9.5408973694,"47":9.5343523026,"48":9.5283508301,"49":9.5259170532,"50":9.5292921066,"51":9.5256614685,"52":9.5304536819,"53":9.5261478424,"54":9.5251760483,"55":9.5292806625,"56":9.530415535,"57":9.5317306519,"58":9.5403528214,"59":9.5448856354,"60":9.5522480011,"61":9.5540065765,"62":9.5549507141,"63":9.5594978333,"64":9.562623024,"65":9.5641489029,"66":9.5709180832,"67":9.5752401352}}