{"loss":{"0":33924.421875,"1":0.2352439165,"2":0.2253922969,"3":40.1133460999,"4":0.2128006965,"5":0.2106886953,"6":0.2100191414},"mean_squared_logarithmic_error":{"0":0.0472976938,"1":0.011240459,"2":0.0107599739,"3":0.0128640868,"4":0.0103271632,"5":0.0102325277,"6":0.0102255866},"mean_squared_error":{"0":220859818049536.0,"1":0.7645887136,"2":0.7313092351,"3":220491744.0,"4":0.6970294714,"5":0.6858196855,"6":0.6790943742},"val_loss":{"0":0.3939472437,"1":0.1964098662,"2":2.4508106709,"3":0.2342311442,"4":0.5920166373,"5":27.6343307495,"6":0.2170843631},"val_mean_squared_logarithmic_error":{"0":0.0155518716,"1":0.0124554634,"2":0.019079214,"3":0.0141513431,"4":0.0157397185,"5":0.0441839844,"6":0.0139227351},"val_mean_squared_error":{"0":1202.8590087891,"1":1.4861609936,"2":158419.53125,"3":174.5991210938,"4":11821.044921875,"5":11925706.0,"6":58.5095329285}}