{"loss":{"0":1.4485468864,"1":0.4118537903,"2":0.3121394217,"3":0.2783706188,"4":0.2614080906,"5":0.2500438094,"6":0.2431346476,"7":0.2366197556,"8":0.2297302932,"9":0.2260507792,"10":0.2215089351,"11":0.2176541537,"12":0.2143203467,"13":0.2121786624,"14":0.2099325955,"15":0.2077727765,"16":1649.6806640625,"17":7.1485886574,"18":6.6304368973,"19":6.311542511,"20":6.0712418556,"21":5.8833060265,"22":5.7322330475,"23":5.5963563919,"24":5.4802441597},"mean_squared_logarithmic_error":{"0":0.1700964719,"1":0.022544397,"2":0.0147656715,"3":0.0131476009,"4":0.0122966524,"5":0.011835292,"6":0.0114420401,"7":0.0112443781,"8":0.0109310634,"9":0.0108022103,"10":0.010674851,"11":0.0105044115,"12":0.0104066823,"13":0.0103340717,"14":0.0102347238,"15":0.0101750381,"16":2.7488405704,"17":1.454693675,"18":1.0188033581,"19":0.8335239291,"20":0.7304637432,"21":0.6645149589,"22":0.6195352077,"23":0.5863478184,"24":0.5608935952},"mean_squared_error":{"0":8.4165096283,"1":1.0640553236,"2":0.8601583242,"3":0.791170001,"4":0.7527199984,"5":0.7347583771,"6":0.7166775465,"7":0.6999117136,"8":0.6857384443,"9":0.6732817292,"10":0.6632909179,"11":0.6562783718,"12":0.657846272,"13":0.6522418261,"14":0.6419740915,"15":0.6381436586,"16":2191576832.0,"17":241.3260955811,"18":225.0006561279,"19":211.8686676025,"20":199.8935852051,"21":189.2156524658,"22":179.4615325928,"23":170.3402862549,"24":161.9680938721},"val_loss":{"0":0.5013625622,"1":0.3319958746,"2":0.2623748481,"3":0.2744428217,"4":0.2854231894,"5":0.273624897,"6":0.2956244051,"7":0.244736433,"8":0.2226090282,"9":0.2449233085,"10":0.2082566321,"11":0.1956122816,"12":0.1920211464,"13":0.2199614197,"14":0.1834557205,"15":0.2050461918,"16":4.8957881927,"17":4.4547786713,"18":4.2212452888,"19":4.0786356926,"20":3.9751830101,"21":3.8718254566,"22":3.7953722477,"23":3.7181417942,"24":3.6441688538},"val_mean_squared_logarithmic_error":{"0":0.0532907546,"1":0.0225402042,"2":0.0182398781,"3":0.0185558405,"4":0.0175890345,"5":0.0183501821,"6":0.0161411446,"7":0.01580506,"8":0.0147588337,"9":0.0148403691,"10":0.0149766095,"11":0.0140491892,"12":0.014325154,"13":0.0146778161,"14":0.0132765807,"15":0.0133748231,"16":1.283962369,"17":0.8390146494,"18":0.7015933394,"19":0.6430318952,"20":0.6140557528,"21":0.5845862031,"22":0.5669754744,"23":0.5533915162,"24":0.5422964096},"val_mean_squared_error":{"0":1.1060204506,"1":0.7033994794,"2":0.6255349517,"3":0.6200197339,"4":0.6132130623,"5":0.5368144512,"6":0.5683633685,"7":0.497251004,"8":0.4889441729,"9":0.5175204277,"10":0.4991160333,"11":0.5189835429,"12":0.4976200163,"13":0.4939743578,"14":0.4895576537,"15":0.4791173041,"16":110.1926574707,"17":99.2910842896,"18":90.8975830078,"19":83.8538284302,"20":77.580696106,"21":72.2457504272,"22":66.7270431519,"23":61.9554405212,"24":57.4721488953}}