{"loss":{"0":2.5223610401,"1":2.2560009956,"2":2.2144365311,"3":2.1903569698,"4":2.1715993881,"5":2.1587417126,"6":2.147701025,"7":2.1418540478,"8":2.1358573437,"9":2.1281843185,"10":2.1237328053,"11":2.1190419197},"mean_squared_logarithmic_error":{"0":0.263743937,"1":0.2166005969,"2":0.2122051716,"3":0.2097932547,"4":0.2079740167,"5":0.2067854553,"6":0.2057926655,"7":0.2052089721,"8":0.2047248036,"9":0.2041405588,"10":0.2037515491,"11":0.2033897936},"mean_squared_error":{"0":23.9404296875,"1":15.9276237488,"2":15.246216774,"3":14.8051118851,"4":14.4642152786,"5":14.2358598709,"6":14.061126709,"7":13.9909219742,"8":13.908618927,"9":13.776184082,"10":13.7363653183,"11":13.6532421112},"val_loss":{"0":1.8500674963,"1":1.8329679966,"2":1.8500208855,"3":1.8547006845,"4":1.8506953716,"5":1.8708699942,"6":1.8911734819,"7":1.9051400423,"8":1.916942358,"9":1.9377917051,"10":1.9462571144,"11":1.951540947},"val_mean_squared_logarithmic_error":{"0":0.2488493174,"1":0.2457834184,"2":0.2467492074,"3":0.2467390299,"4":0.2455254346,"5":0.2471520305,"6":0.2490506619,"7":0.2499943525,"8":0.2513217032,"9":0.2538505197,"10":0.2554115355,"11":0.2564737201},"val_mean_squared_error":{"0":10.4799957275,"1":10.1870231628,"2":10.3702135086,"3":10.4481277466,"4":10.3882112503,"5":10.6394548416,"6":10.8948049545,"7":11.0017118454,"8":11.186829567,"9":11.6466856003,"10":11.7418870926,"11":11.8672809601}}