{"loss":{"0":0.0159796402,"1":0.0155011658,"2":0.0152321588,"3":0.0150441108,"4":0.0149445832,"5":0.0148538668,"6":0.0152670369,"7":0.0146941077,"8":0.0145907439,"9":0.0143633969,"10":0.0142135322},"mean_squared_logarithmic_error":{"0":0.0055991895,"1":0.0055260421,"2":0.005496976,"3":0.0055196723,"4":0.0054885047,"5":0.0054247854,"6":0.0055188462,"7":0.0053704493,"8":0.005291529,"9":0.0048995949,"10":0.0047941571},"mean_squared_error":{"0":0.0290691257,"1":0.0281315744,"2":0.0278840084,"3":0.0281191599,"4":0.0279624518,"5":0.027658755,"6":0.0281418059,"7":0.0273798518,"8":0.0271080062,"9":0.0254772175,"10":0.0249644853},"val_loss":{"0":0.0172007903,"1":0.0177466106,"2":0.0189534239,"3":0.0199494455,"4":0.0191892218,"5":0.0441273674,"6":0.0219067689,"7":0.0177539699,"8":0.0189281981,"9":0.0194030683,"10":0.024264371},"val_mean_squared_logarithmic_error":{"0":0.004683353,"1":0.0047092251,"2":0.0048191734,"3":0.0048066094,"4":0.0048166551,"5":0.01248537,"6":0.0047849366,"7":0.0045637754,"8":0.0046887309,"9":0.0046897461,"10":0.0048550661},"val_mean_squared_error":{"0":0.0207001679,"1":0.0207442325,"2":0.0214344542,"3":0.0214871597,"4":0.0215948485,"5":0.0569994561,"6":0.0213295817,"7":0.0204588268,"8":0.0209989976,"9":0.0212815497,"10":0.0221873652}}