{"loss":{"0":0.0121799456,"1":0.0118811429,"2":0.0118805971,"3":0.0118449079,"4":0.0117591256,"5":0.0117120007,"6":0.0117263766,"7":0.0116298199,"8":0.0117281675,"9":0.0117844651,"10":0.0115075335,"11":0.0112053165,"12":0.0110716736,"13":0.0111353137},"mean_squared_logarithmic_error":{"0":0.0042061815,"1":0.0041833753,"2":0.0041786046,"3":0.0041391216,"4":0.0041139168,"5":0.0040924931,"6":0.0040804301,"7":0.004049893,"8":0.0040560742,"9":0.0040650303,"10":0.0039131888,"11":0.0035451129,"12":0.003476114,"13":0.0034573954},"mean_squared_error":{"0":0.0162725337,"1":0.0161569566,"2":0.016143078,"3":0.0159877632,"4":0.0159068294,"5":0.0158629827,"6":0.0161588453,"7":0.0156968851,"8":0.0157204662,"9":0.0159150977,"10":0.0153670963,"11":0.0142560303,"12":0.0138130756,"13":0.0137126213},"val_loss":{"0":0.0258577559,"1":0.0277594216,"2":0.155453667,"3":0.0204208884,"4":0.7778984904,"5":0.04240622,"6":0.0240963083,"7":0.0364040025,"8":0.3689674437,"9":0.0292738751,"10":0.10676267,"11":0.0324391983,"12":2.6252257824,"13":0.0311758462},"val_mean_squared_logarithmic_error":{"0":0.0072894767,"1":0.0067500658,"2":0.0125525221,"3":0.0054966463,"4":0.0061705913,"5":0.0054868921,"6":0.0057722251,"7":0.0061063208,"8":0.0102873109,"9":0.0057988288,"10":0.0057033449,"11":0.0059192353,"12":0.0122218234,"13":0.0058915596},"val_mean_squared_error":{"0":0.0838464573,"1":0.1320860088,"2":3322.8508300781,"3":0.107166335,"4":119362.328125,"5":50.1319198608,"6":0.280405581,"7":26.4925746918,"8":21789.830078125,"9":1.1575362682,"10":1544.8104248047,"11":0.0996386111,"12":1069323.5,"13":0.3043650091}}