{"loss":{"0":0.0164095778,"1":0.0153215453,"2":0.0150095634,"3":0.0146990456,"4":0.0145637123,"5":0.0143397711,"6":0.0140241561,"7":0.0139234988,"8":0.0137867937,"9":0.0136492811,"10":22598.48828125,"11":589.826171875,"12":16.4221153259,"13":13.4457149506,"14":5.6811842918,"15":4.9594283104,"16":5.0334277153,"17":3.7605190277},"mean_squared_logarithmic_error":{"0":0.0049627968,"1":0.0049007051,"2":0.0048962701,"3":0.004879903,"4":0.004907405,"5":0.0048934063,"6":0.0048736152,"7":0.0048974268,"8":0.0048727961,"9":0.0048759193,"10":3.2015962601,"11":0.1624151468,"12":0.074373506,"13":0.0739853531,"14":0.0815857872,"15":0.0859301537,"16":0.086195983,"17":0.0867566615},"mean_squared_error":{"0":0.0189276859,"1":0.0183936134,"2":0.018240232,"3":0.0180196371,"4":0.0181128439,"5":0.0180286523,"6":0.0179855525,"7":0.0180389173,"8":0.0179374088,"9":0.0178811792,"10":310313287680.0,"11":5427490816.0,"12":44666684.0,"13":119307120.0,"14":14879227.0,"15":28687110.0,"16":28193758.0,"17":6986966.0},"val_loss":{"0":0.0272804052,"1":0.0323035084,"2":0.0394313298,"3":0.0313032828,"4":0.0339929946,"5":0.0337291397,"6":0.029957924,"7":0.0251237433,"8":0.0345331989,"9":0.888204813,"10":5146.5458984375,"11":35.6912460327,"12":16.0941467285,"13":3.4829628468,"14":0.5627048016,"15":2.0623259544,"16":0.743008554,"17":1.4237529039},"val_mean_squared_logarithmic_error":{"0":0.0064911949,"1":0.0081899082,"2":0.0108996164,"3":0.0079249311,"4":0.0081724059,"5":0.0088968044,"6":0.007393436,"7":0.0063064098,"8":0.0090364842,"9":0.0115714855,"10":0.6218824387,"11":0.0978527293,"12":0.0877979472,"13":0.0887882933,"14":0.0982626006,"15":0.1015625447,"16":0.1004182547,"17":0.1016378701},"val_mean_squared_error":{"0":0.0270180162,"1":0.0351521298,"2":0.0463436842,"3":0.0323896706,"4":0.0365576968,"5":0.0451052785,"6":0.0320249796,"7":0.0254947357,"8":0.0363791138,"9":76426.5234375,"10":72402321408.0,"11":50537932.0,"12":22537568.0,"13":8288550.0,"14":223895.296875,"15":752743.625,"16":188809.03125,"17":2185438.0}}