{"loss":{"0":0.013121576,"1":0.0126886182,"2":0.0101046814,"3":0.0097661512,"4":0.0095111886,"5":0.009349118,"6":0.0092283627,"7":0.0091105169,"8":0.0090226494,"9":0.0090117361,"10":0.0089458013,"11":0.0089297425,"12":0.0088870171,"13":0.0088367322,"14":0.0088226795,"15":0.0087523432,"16":0.0087896334,"17":0.0087116268,"18":0.0088077271,"19":0.0088764532,"20":0.0087021943,"21":0.0085700024,"22":0.0085054925,"23":0.0084560923,"24":0.0083825495},"mean_squared_logarithmic_error":{"0":0.004527125,"1":0.0045064026,"2":0.0033674957,"3":0.0032850916,"4":0.0032571142,"5":0.0032543656,"6":0.0032420501,"7":0.0032310972,"8":0.003233131,"9":0.003227941,"10":0.0032190301,"11":0.003221815,"12":0.0032157549,"13":0.0032134599,"14":0.0032188857,"15":0.0032134973,"16":0.0032186166,"17":0.0032097967,"18":0.0032122284,"19":0.0032331336,"20":0.0032178636,"21":0.0031815923,"22":0.003087448,"23":0.0030874573,"24":0.0030705133},"mean_squared_error":{"0":0.017335128,"1":0.0165038295,"2":0.0121393539,"3":0.0117824171,"4":0.0115938578,"5":0.0114550022,"6":0.0113742584,"7":0.0113121979,"8":0.0112908017,"9":0.0112393331,"10":0.0111958692,"11":0.0112621086,"12":0.0111667598,"13":0.0111473957,"14":0.0113108363,"15":0.0111694606,"16":0.0112779997,"17":0.0111357914,"18":0.0111727407,"19":0.0112383766,"20":0.0112722777,"21":0.011145208,"22":0.0109916963,"23":0.0109614013,"24":0.0108976774},"val_loss":{"0":0.027933687,"1":0.0235352814,"2":0.0223891791,"3":0.0220170133,"4":0.0201542359,"5":0.015636364,"6":0.0164455641,"7":0.0149826929,"8":0.0193650536,"9":0.0283961426,"10":0.0271274168,"11":0.021020269,"12":0.0207363572,"13":0.015724685,"14":0.0149063105,"15":0.0169950221,"16":0.0229017027,"17":0.0349148102,"18":0.0468390211,"19":0.0219516139,"20":0.01957413,"21":0.0197253991,"22":0.0211162847,"23":0.0201650597,"24":0.0167799555},"val_mean_squared_logarithmic_error":{"0":0.0068117348,"1":0.005677456,"2":0.0055315294,"3":0.00480334,"4":0.0049731871,"5":0.0040718773,"6":0.0042090239,"7":0.0039546876,"8":0.0051797037,"9":0.0074751773,"10":0.0070782797,"11":0.0047314446,"12":0.0051174322,"13":0.0041217688,"14":0.0040550493,"15":0.0042370753,"16":0.0059272437,"17":0.0097858449,"18":0.0131679177,"19":0.0054534548,"20":0.0043592155,"21":0.0041677337,"22":0.0050974591,"23":0.0041809166,"24":0.0040479368},"val_mean_squared_error":{"0":0.0282519497,"1":0.0226102192,"2":0.0221045762,"3":0.019019844,"4":0.0195753761,"5":0.0156845395,"6":0.0166532211,"7":0.0150934905,"8":0.0195213035,"9":0.029320227,"10":0.0271041486,"11":0.0180282481,"12":0.0200654659,"13":0.0163202435,"14":0.015747251,"15":0.0160440747,"16":0.0226690806,"17":0.0383360386,"18":0.0508623384,"19":0.02215969,"20":0.0166827068,"21":0.0156075144,"22":0.0189709496,"23":0.0160615984,"24":0.0154153947}}