{"loss":{"0":0.0160844978,"1":0.0156280063,"2":0.0154125057,"3":0.0152484206,"4":0.0153035633,"5":0.015295716,"6":0.0149999186,"7":0.0148574263,"8":0.014920406,"9":0.0149558391,"10":0.014815338,"11":0.0146017773,"12":0.0146417432,"13":0.0145710325,"14":0.0145434253,"15":0.0144676575,"16":0.0143458834,"17":0.0142656378,"18":0.0143323513,"19":0.0141879609,"20":0.0140701476},"mean_squared_logarithmic_error":{"0":0.0056151021,"1":0.0055173873,"2":0.0054503698,"3":0.0053757052,"4":0.0053516207,"5":0.0053848131,"6":0.0052944915,"7":0.0052571557,"8":0.0052506737,"9":0.0052334727,"10":0.0051727328,"11":0.0051279659,"12":0.0051761013,"13":0.0051331883,"14":0.0051131989,"15":0.00508596,"16":0.0050610625,"17":0.0050305147,"18":0.0049917195,"19":0.0049216975,"20":0.0049017472},"mean_squared_error":{"0":0.0271287672,"1":0.0258895624,"2":0.0243634861,"3":0.0239993613,"4":0.0235079378,"5":0.0240351148,"6":0.0227651168,"7":0.0228202008,"8":0.0226146635,"9":0.0225803275,"10":0.022225365,"11":0.0220121257,"12":0.0222411435,"13":0.0223434009,"14":0.0220625624,"15":0.0220221728,"16":0.0218954403,"17":0.0219075195,"18":0.0216886569,"19":0.0214570314,"20":0.0217900686},"val_loss":{"0":0.0253843963,"1":0.025547009,"2":0.0283058397,"3":0.0280298404,"4":0.0248394534,"5":0.0266608242,"6":0.0262529682,"7":0.0274901018,"8":0.0283448137,"9":0.0276311599,"10":0.0242116489,"11":0.0249147266,"12":0.0246668942,"13":0.03242971,"14":0.025551958,"15":0.0269210003,"16":0.0263919663,"17":0.0254301094,"18":0.026764581,"19":0.0247424804,"20":6.05204916},"val_mean_squared_logarithmic_error":{"0":0.0067609963,"1":0.0068961303,"2":0.0070877923,"3":0.0069442475,"4":0.0068072309,"5":0.006752403,"6":0.0067574419,"7":0.0067586172,"8":0.0067098024,"9":0.0065818378,"10":0.0063938587,"11":0.0064997762,"12":0.0066252947,"13":0.0068046646,"14":0.0063271224,"15":0.0064080292,"16":0.0064153867,"17":0.0063421112,"18":0.0063262982,"19":0.0060644466,"20":0.0079856878},"val_mean_squared_error":{"0":0.0345871449,"1":0.0359717533,"2":0.0362486914,"3":0.0366130807,"4":0.036674846,"5":0.0349437483,"6":0.0353260115,"7":0.0354140736,"8":0.0349534526,"9":0.0355132818,"10":0.0335718803,"11":0.0340735354,"12":0.0352520086,"13":0.0359849371,"14":0.0333833769,"15":0.0340185128,"16":0.0347609483,"17":0.0339025185,"18":0.0332490616,"19":0.0325673744,"20":5392482.0}}