{"loss":{"0":0.0142948264,"1":0.0140399868,"2":0.0139459725,"3":0.0138689978,"4":0.0138089573,"5":0.0136617739,"6":0.0136376554,"7":0.0137676755,"8":0.0137461275,"9":0.0134843346,"10":0.0135339415},"mean_squared_logarithmic_error":{"0":0.0053459555,"1":0.0053305291,"2":0.0053046979,"3":0.0052981726,"4":0.0053056064,"5":0.0053216675,"6":0.0052944394,"7":0.0053066919,"8":0.0052942717,"9":0.0052685859,"10":0.0052515762},"mean_squared_error":{"0":0.0224343892,"1":0.0222128611,"2":0.022200752,"3":0.0221572015,"4":0.0221553873,"5":0.0222682077,"6":0.022164844,"7":0.0223301854,"8":0.0223167557,"9":0.0221899189,"10":0.0221299659},"val_loss":{"0":0.0184319504,"1":0.0193211045,"2":0.0209574103,"3":0.0218633357,"4":0.0215974282,"5":0.0218441691,"6":0.0243576597,"7":0.0254004765,"8":0.0224823188,"9":0.0230451096,"10":0.028280789},"val_mean_squared_logarithmic_error":{"0":0.0054943492,"1":0.0055230218,"2":0.0055126953,"3":0.0054727546,"4":0.0055434429,"5":0.0056705824,"6":0.0058355504,"7":0.0057243025,"8":0.0054389718,"9":0.0055848104,"10":0.0058112633},"val_mean_squared_error":{"0":0.0238828529,"1":0.0240524989,"2":0.0243129898,"3":0.0246408246,"4":0.0249175541,"5":0.0260021053,"6":0.0260668416,"7":0.0256225094,"8":0.0250625405,"9":0.0257608742,"10":0.0264206585}}