{"loss":{"0":0.0292494837,"1":0.0264098085,"2":0.0260816291,"3":0.0254511107,"4":9.4326820374,"5":2.3006634712,"6":0.5010877848,"7":462.140838623,"8":91.9660110474,"9":36.6386108398,"10":12.875544548,"11":5.0427775383,"12":1.8772236109,"13":1.5168917179},"mean_squared_logarithmic_error":{"0":0.0085934959,"1":0.0079633929,"2":0.0078240251,"3":0.00768216,"4":0.2319737375,"5":0.1935699731,"6":0.1754574776,"7":0.4698465765,"8":0.250294894,"9":0.2101095319,"10":0.1929915547,"11":0.1875441968,"12":0.1840304732,"13":0.1829496175},"mean_squared_error":{"0":0.1134803146,"1":0.051040709,"2":0.0494846776,"3":0.0467955843,"4":1790428.875,"5":76977.3046875,"6":19833.4375,"7":2039714816.0,"8":565104128.0,"9":149059056.0,"10":67008132.0,"11":10206591.0,"12":3902040.25,"13":724795.75},"val_loss":{"0":0.0455546491,"1":0.0683009848,"2":0.0466736294,"3":0.039118316,"4":0.589012146,"5":1.2936615944,"6":0.5858114958,"7":237.6248931885,"8":79.3380737305,"9":5.1151871681,"10":5.2758784294,"11":1.1074444056,"12":2.3212063313,"13":4.7679567337},"val_mean_squared_logarithmic_error":{"0":0.0109333778,"1":0.0171912313,"2":0.0107488213,"3":0.008636727,"4":0.2087240666,"5":0.1998730749,"6":0.1954223216,"7":0.3154037595,"8":0.2879575193,"9":0.2279250175,"10":0.2137383521,"11":0.2116602808,"12":0.2141242623,"13":0.2123054415},"val_mean_squared_error":{"0":0.1175640076,"1":0.1552646607,"2":0.1018296555,"3":0.0800591409,"4":878.4334106445,"5":134107.078125,"6":14712.0068359375,"7":1133036160.0,"8":285261632.0,"9":1595187.625,"10":8808143.0,"11":274090.15625,"12":2660503.0,"13":6033139.5}}