{"loss":{"0":9.7599201202,"1":2.7533769608,"2":1.5092184544,"3":1.0185527802,"4":13.7555503845,"5":6.628279686,"6":1.1667817831,"7":1.820936203,"8":2.5339829922,"9":0.4004995227,"10":0.4236395955,"11":0.3406690657,"12":0.3519733548,"13":0.3411365747,"14":0.3389463127,"15":0.3421242535,"16":0.681329608,"17":2.0882036686,"18":0.3642244041,"19":0.3484435678,"20":0.3376587629,"21":0.4247803092,"22":0.3368563056,"23":0.3362515569,"24":0.3360512853,"25":0.3355607688,"26":0.3353388608,"27":0.3335642815,"28":0.3281779885,"29":0.3138345182,"30":0.2659623325,"31":0.2383635938,"32":0.1608404815,"33":0.0873979107,"34":0.2748079896,"35":0.3272095919,"36":0.3110186756,"37":0.5350188017,"38":0.3152872324,"39":0.3093229532,"40":0.3019877374,"41":0.2958104014,"42":0.2926153243,"43":0.2832603455},"mean_squared_logarithmic_error":{"0":0.0426174775,"1":0.1386974156,"2":0.13756226,"3":0.1389960796,"4":0.1372336894,"5":0.1376148462,"6":0.1527533978,"7":0.1413261294,"8":0.21929048,"9":0.1459640861,"10":0.1474577785,"11":0.1464613527,"12":0.1463858783,"13":0.1458922029,"14":0.1456035525,"15":0.1459270269,"16":0.1462101489,"17":0.1467542201,"18":0.1458723843,"19":0.1456355751,"20":0.1451490521,"21":0.1456208974,"22":0.1452816725,"23":0.1451040506,"24":0.1449522525,"25":0.1446328163,"26":0.1442964226,"27":0.1432472467,"28":0.140501678,"29":0.1325853765,"30":0.1081333533,"31":0.0970178545,"32":0.0584507138,"33":0.0272968896,"34":0.0978237987,"35":0.1323272735,"36":0.126981765,"37":0.1548881084,"38":0.1332656443,"39":0.1305638701,"40":0.1269144118,"41":0.1243640706,"42":0.1232763752,"43":0.1189458966},"mean_squared_error":{"0":2699068.0,"1":410072.625,"2":97499.046875,"3":32312.0078125,"4":13999231.0,"5":5146471.5,"6":40008.05078125,"7":331235.78125,"8":52674.79296875,"9":497.5303344727,"10":1575.0841064453,"11":0.9078279138,"12":38.3927574158,"13":2.7885329723,"14":0.9855536222,"15":1.4286916256,"16":10357.4951171875,"17":1228518.25,"18":292.7606201172,"19":32.9112892151,"20":0.8902025223,"21":1697.7154541016,"22":0.7913108468,"23":0.6978441477,"24":0.6972145438,"25":0.6960966587,"26":0.698053658,"27":0.7306413651,"28":0.6742107272,"29":0.6337401867,"30":0.508502543,"31":0.4781938791,"32":0.2711413801,"33":0.1285325438,"34":0.8484478593,"35":0.652325809,"36":0.6200315952,"37":30.5129337311,"38":0.6447733045,"39":0.6316875219,"40":0.6153326035,"41":0.6039008498,"42":0.6019001603,"43":0.5793340802},"val_loss":{"0":0.5650261641,"1":0.3434083164,"2":1.1648869514,"3":0.6829413176,"4":0.9238650203,"5":0.698918581,"6":0.7544896603,"7":2.317766428,"8":0.3691691458,"9":0.3405495286,"10":0.3376686573,"11":0.3362905979,"12":0.3359178007,"13":0.3350760639,"14":0.3388994634,"15":0.9314215779,"16":1.5162049532,"17":0.3712714911,"18":0.3356118202,"19":0.3365145028,"20":0.3335286975,"21":0.3338938057,"22":0.3336828649,"23":0.3334941864,"24":0.3332125843,"25":0.3328054845,"26":0.3320414424,"27":0.3297950327,"28":0.321346581,"29":0.2970680594,"30":0.2245355695,"31":0.2334627062,"32":0.1016175374,"33":0.0804381445,"34":0.3458745182,"35":0.3180565536,"36":0.3020804226,"37":0.3164311349,"38":0.3111731112,"39":0.3051668108,"40":0.296397388,"41":0.292974472,"42":0.2897751033,"43":0.2782709897},"val_mean_squared_logarithmic_error":{"0":0.1315532029,"1":0.1375569254,"2":0.132486999,"3":0.1343668252,"4":0.1352394372,"5":0.1401781887,"6":0.1376977861,"7":0.1424661875,"8":0.1492345035,"9":0.1440097541,"10":0.1455535144,"11":0.1452744752,"12":0.1450277269,"13":0.1446579248,"14":0.1447271109,"15":0.1467616856,"16":0.1463258713,"17":0.1451959759,"18":0.1444746852,"19":0.1443925351,"20":0.1439950615,"21":0.1443211138,"22":0.1441972852,"23":0.144045949,"24":0.1438940763,"25":0.143475309,"26":0.1431757063,"27":0.1417579949,"28":0.1370792687,"29":0.1232425943,"30":0.0878576785,"31":0.0939251482,"32":0.0309152436,"33":0.0241558161,"34":0.1298084259,"35":0.1299809664,"36":0.1232818887,"37":0.1333456635,"38":0.1313125789,"39":0.128568694,"40":0.1242830604,"41":0.1231510788,"42":0.1219589636,"43":0.1170182824},"val_mean_squared_error":{"0":2412.869140625,"1":0.7349322438,"2":47672.0546875,"3":14940.5498046875,"4":25696.86328125,"5":1975.1793212891,"6":28831.228515625,"7":236951.671875,"8":0.9779602885,"9":0.7595539689,"10":0.749443531,"11":0.7030299306,"12":0.7016223669,"13":0.6991144419,"14":5.9898681641,"15":12831.1572265625,"16":113677.484375,"17":124.9366073608,"18":0.8735394478,"19":1.1071597338,"20":0.6979194283,"21":0.696838975,"22":0.6964171529,"23":0.695243001,"24":0.6949291825,"25":0.6927211285,"26":0.6920238733,"27":0.684291482,"28":0.658783555,"29":0.5873726606,"30":0.4042911828,"31":0.4453790486,"32":0.129588291,"33":0.1117780954,"34":0.6668621302,"35":0.6295234561,"36":0.6007013321,"37":0.6474251747,"38":0.6368350983,"39":0.6231286526,"40":0.6037846208,"41":0.5989480019,"42":0.5937252641,"43":0.5693486929}}