{"loss":{"0":0.0521523952,"1":0.0412678383,"2":0.0338726789,"3":0.0290808249,"4":0.0275588091,"5":0.0263780393,"6":0.0259803552,"7":0.0254748072,"8":0.0250657946,"9":0.0246440973,"10":0.0245039649,"11":0.0245189704,"12":0.0244120359,"13":0.0239833053},"mean_squared_logarithmic_error":{"0":0.0146807143,"1":0.0118327867,"2":0.0092768548,"3":0.0083749881,"4":0.008286695,"5":0.0082369065,"6":0.008239056,"7":0.0081931166,"8":0.0081966016,"9":0.0081837336,"10":0.0081904884,"11":0.0081878658,"12":0.00822022,"13":0.0081688119},"mean_squared_error":{"0":0.0663922578,"1":0.0559299588,"2":0.0460215434,"3":0.0421065018,"4":0.0409650691,"5":0.0402425006,"6":0.0402335674,"7":0.039521765,"8":0.0400006585,"9":0.0393634662,"10":0.03934329,"11":0.0392148271,"12":0.0393388979,"13":0.0389265046},"val_loss":{"0":0.0594503246,"1":0.0491163991,"2":0.04618809,"3":0.0423852317,"4":0.0483574718,"5":0.0570682213,"6":0.0482592545,"7":0.0457459837,"8":0.0423924811,"9":0.0466525741,"10":0.0504445992,"11":0.0568951368,"12":0.0450269319,"13":0.0427663699},"val_mean_squared_logarithmic_error":{"0":0.0164919738,"1":0.0124107786,"2":0.0110116089,"3":0.0097887525,"4":0.0115862889,"5":0.0148978075,"6":0.0123616252,"7":0.0112110982,"8":0.0097006168,"9":0.0105598643,"10":0.0107609462,"11":0.0137747135,"12":0.009563704,"13":0.0095557217},"val_mean_squared_error":{"0":0.0945341215,"1":0.0691841766,"2":0.0683800355,"3":0.0579038151,"4":0.0614300035,"5":0.0771222487,"6":0.0664398447,"7":0.0608750656,"8":0.0525851324,"9":0.0559321307,"10":0.0606675856,"11":0.0699727535,"12":0.0517385155,"13":0.0515770577}}