{"loss":{"0":0.2577729523,"1":0.2563519478,"2":0.2558268011,"3":0.2379826158,"4":0.1125520319,"5":0.0477344729,"6":0.0341198556,"7":0.0304446183,"8":0.0287096724,"9":0.0274009183,"10":0.0263380427,"11":0.0257869363,"12":0.0250150934,"13":0.0242562331,"14":0.0237437934,"15":0.0233061854,"16":0.0227612685,"17":0.0227150433,"18":0.0225425251,"19":0.0226011183,"20":0.0223743282,"21":0.0212449059,"22":0.0209254213,"23":0.0207800623,"24":0.0205653142,"25":0.0211476032,"26":0.0201398004,"27":0.0197631177,"28":0.0195344351,"29":0.0196704362,"30":0.0191205051,"31":0.018774325,"32":0.0187342148,"33":0.018508248,"34":0.0181862023,"35":0.0180522762,"36":0.0181369204,"37":0.0182038359,"38":0.0180722736,"39":0.0178633519,"40":0.0173806604,"41":0.017259581,"42":0.017677296,"43":0.0172504354,"44":0.017199181,"45":0.0169367734,"46":0.0169083867,"47":0.0168543011,"48":0.0166374426,"49":0.0167681742,"50":0.0170105547,"51":0.0164175741,"52":0.0162142329,"53":0.0161802508,"54":0.0161396861,"55":0.0161163993,"56":0.0160189047,"57":0.016014263,"58":0.0158297047,"59":0.0158990417,"60":0.0159677584,"61":0.0159781966},"mean_squared_logarithmic_error":{"0":0.1104108617,"1":0.1095005125,"2":0.1093918383,"3":0.098532103,"4":0.0344264768,"5":0.0083533432,"6":0.0061655683,"7":0.0059891706,"8":0.0059086331,"9":0.0058585773,"10":0.0058108978,"11":0.0058396505,"12":0.0058122817,"13":0.0057878252,"14":0.0057780598,"15":0.0057816482,"16":0.0057974439,"17":0.0058152624,"18":0.0058288584,"19":0.005883737,"20":0.0059324694,"21":0.00581076,"22":0.0058330651,"23":0.0058459844,"24":0.0058268057,"25":0.0058992729,"26":0.0058303853,"27":0.0058323233,"28":0.0058402242,"29":0.0058919163,"30":0.0058340053,"31":0.0058212001,"32":0.0058406154,"33":0.0058638728,"34":0.0058518145,"35":0.0058629722,"36":0.0058949594,"37":0.0059118038,"38":0.0059118844,"39":0.0059374291,"40":0.005889398,"41":0.0058873133,"42":0.0059591583,"43":0.0059066517,"44":0.0058918586,"45":0.0058740466,"46":0.0058614649,"47":0.0058846516,"48":0.0058895154,"49":0.0058961934,"50":0.0059384289,"51":0.0058835777,"52":0.0058444026,"53":0.0058266744,"54":0.0058487821,"55":0.0058389413,"56":0.0058306493,"57":0.005843285,"58":0.0058132545,"59":0.0057940478,"60":0.0057808021,"61":0.0058347434},"mean_squared_error":{"0":0.5039505959,"1":0.4984536171,"2":0.4974572659,"3":0.414960444,"4":0.1272874624,"5":0.0375863723,"6":0.0293217655,"7":0.0284755863,"8":0.0282393321,"9":0.027951831,"10":0.0268325154,"11":0.0256698485,"12":0.0268147718,"13":0.0278714374,"14":0.0278101992,"15":0.027826665,"16":0.0278737042,"17":0.0269317329,"18":0.0260455273,"19":0.0296037849,"20":0.028559288,"21":0.0275034029,"22":0.0275743008,"23":0.0278192628,"24":0.0266653616,"25":0.0268649068,"26":0.0277655143,"27":0.0276218429,"28":0.0269075483,"29":0.0257009473,"30":0.0252703931,"31":0.025228072,"32":0.025299307,"33":0.0254781116,"34":0.0253389701,"35":0.0253823232,"36":0.0255687535,"37":0.0272810701,"38":0.0258612856,"39":0.0279159788,"40":0.0255401228,"41":0.0255458448,"42":0.0259894039,"43":0.0256607644,"44":0.0256006736,"45":0.0255377032,"46":0.025508862,"47":0.0256260019,"48":0.0257256087,"49":0.0261588711,"50":0.027174389,"51":0.0267189667,"52":0.0258927494,"53":0.0255685449,"54":0.0256660134,"55":0.0255592149,"56":0.0255607292,"57":0.0257077254,"58":0.0256614275,"59":0.0254860688,"60":0.0254806783,"61":0.0262829773},"val_loss":{"0":0.2808169127,"1":0.2668848336,"2":0.2701233923,"3":0.1924633533,"4":0.087959677,"5":0.06010269,"6":0.0553438514,"7":0.0555473641,"8":0.0552899092,"9":0.0597379357,"10":0.0582514144,"11":0.0542809665,"12":0.0513871163,"13":0.0525905676,"14":0.057844419,"15":0.0552973114,"16":0.0527292378,"17":0.0501650237,"18":0.0539993756,"19":0.1039559022,"20":0.0558851995,"21":0.0548948348,"22":0.0548187047,"23":0.0577931814,"24":0.0575895086,"25":0.0525620617,"26":0.0521206334,"27":0.0471277684,"28":0.0453926884,"29":0.0437319987,"30":0.0479026511,"31":0.0431384258,"32":0.0404230505,"33":0.0386124328,"34":0.0377567634,"35":0.0350487158,"36":0.0340240486,"37":0.0329714715,"38":0.037582133,"39":0.0326357149,"40":0.0288664885,"41":0.0313287228,"42":0.029978808,"43":0.0316316113,"44":0.0279064216,"45":0.0271443855,"46":0.0257151797,"47":0.0247083995,"48":0.0257535558,"49":0.0227957945,"50":0.0208507478,"51":0.0207489505,"52":0.0228204057,"53":0.0217567738,"54":0.0249765925,"55":0.024889797,"56":0.0225446913,"57":0.0226718672,"58":0.0232089832,"59":0.0303803608,"60":0.0256955605,"61":0.0254562795},"val_mean_squared_logarithmic_error":{"0":0.1200714856,"1":0.1138105094,"2":0.1155601367,"3":0.0742540732,"4":0.015939042,"5":0.0081719179,"6":0.0076008141,"7":0.0072781504,"8":0.0071037519,"9":0.0073621534,"10":0.007182511,"11":0.0069567314,"12":0.0073587741,"13":0.0080892844,"14":0.0097859045,"15":0.0079229679,"16":0.0077944626,"17":0.0078349989,"18":0.0080034332,"19":0.0275885444,"20":0.0079830708,"21":0.008562915,"22":0.0083994754,"23":0.0087260902,"24":0.0081393123,"25":0.0073781628,"26":0.0075414483,"27":0.0073469179,"28":0.0070527354,"29":0.0071245274,"30":0.0080856774,"31":0.0077750152,"32":0.0069535463,"33":0.0067095403,"34":0.0067884405,"35":0.0065914402,"36":0.0065275608,"37":0.0064106518,"38":0.0069044223,"39":0.0063658203,"40":0.006281334,"41":0.0065873642,"42":0.0063967044,"43":0.0064977338,"44":0.0063191359,"45":0.0061508948,"46":0.0062102182,"47":0.0061810422,"48":0.0062548104,"49":0.0062219854,"50":0.0061244401,"51":0.0060953801,"52":0.0061388938,"53":0.0060924366,"54":0.0062681469,"55":0.0062215202,"56":0.0061200303,"57":0.0061069485,"58":0.0061537875,"59":0.0065929433,"60":0.0062080179,"61":0.0063016373},"val_mean_squared_error":{"0":0.5117622018,"1":0.5414124727,"2":0.5115305781,"3":0.2549746931,"4":0.0583813116,"5":0.0330052972,"6":0.0318782553,"7":0.0310408231,"8":0.0300464556,"9":0.0312792473,"10":0.0314497091,"11":0.0302049536,"12":0.0320129469,"13":0.0355186984,"14":0.0418235771,"15":0.0332093574,"16":0.031184407,"17":0.0323852189,"18":0.0323439203,"19":0.3092109561,"20":0.0347655825,"21":0.0376062319,"22":0.0359929502,"23":0.0376718752,"24":0.0336254276,"25":0.0307351407,"26":0.0317083038,"27":0.0319883674,"28":0.0302863177,"29":0.0301564317,"30":0.033929728,"31":0.0323116817,"32":0.0288019329,"33":0.0286490303,"34":0.0288228188,"35":0.0283171516,"36":0.0288609695,"37":0.0285427235,"38":0.0315283909,"39":0.028470125,"40":0.0275392924,"41":0.0282160845,"42":0.027971955,"43":0.028612094,"44":0.0280238017,"45":0.0273023285,"46":0.0274070241,"47":0.027156176,"48":0.027724484,"49":0.027468076,"50":0.02704571,"51":0.0271637272,"52":0.0270299148,"53":0.0269918181,"54":0.0277977046,"55":0.0275410283,"56":0.027198134,"57":0.0271363854,"58":0.027260812,"59":0.0291560218,"60":0.0276870243,"61":0.0283500068}}