{"loss":{"0":0.1889543682,"1":0.1859764159,"2":0.1858103722,"3":0.1857154816,"4":0.1856709272,"5":0.185596168,"6":0.1855791956,"7":0.185550794,"8":0.1855086535,"9":0.1854832619,"10":0.185469225,"11":0.1854453981,"12":0.1854393035,"13":0.1854034811,"14":0.1853922158,"15":0.185371995,"16":0.1853656769,"17":0.1853379607,"18":0.1853232086,"19":0.1853203028},"mean_squared_logarithmic_error":{"0":0.0823742375,"1":0.0819299147,"2":0.0819325447,"3":0.0819455162,"4":0.0819100961,"5":0.0819855332,"6":0.0819434226,"7":0.081911549,"8":0.0819140524,"9":0.0819216147,"10":0.0819187984,"11":0.0819218382,"12":0.0819145143,"13":0.0819114223,"14":0.0819127187,"15":0.0819094107,"16":0.081894815,"17":0.081892103,"18":0.0818866044,"19":0.0818696544},"mean_squared_error":{"0":0.315421015,"1":0.3163132668,"2":0.3165907562,"3":0.3167286813,"4":0.3166443408,"5":0.316968143,"6":0.3167839944,"7":0.3167305887,"8":0.3167348206,"9":0.3167494833,"10":0.3167258799,"11":0.3167361915,"12":0.3166789412,"13":0.3166458309,"14":0.3166303933,"15":0.3166053891,"16":0.3164854944,"17":0.3164545298,"18":0.316386193,"19":0.3161307275},"val_loss":{"0":0.1996777952,"1":0.1998053789,"2":0.1995538473,"3":0.1993805021,"4":0.199091956,"5":0.1990021169,"6":0.1989553273,"7":0.1988431662,"8":0.1987620443,"9":0.1987291873,"10":0.1987397522,"11":0.1987478435,"12":0.1987720132,"13":0.1988026798,"14":0.1987929493,"15":0.198779583,"16":0.198789075,"17":0.1987760961,"18":0.1987537295,"19":0.1987505555},"val_mean_squared_logarithmic_error":{"0":0.088741459,"1":0.0889009759,"2":0.0888233706,"3":0.0887386352,"4":0.0886431783,"5":0.0886189416,"6":0.0885804445,"7":0.0886373818,"8":0.0884990394,"9":0.0885027796,"10":0.088548176,"11":0.0885076001,"12":0.0886041671,"13":0.0885838419,"14":0.0885993317,"15":0.0886397213,"16":0.0886225849,"17":0.0886327922,"18":0.0886400789,"19":0.0886559784},"val_mean_squared_error":{"0":0.3772265911,"1":0.3793795705,"2":0.3785521388,"3":0.3777792454,"4":0.3767422736,"5":0.3761824965,"6":0.3758150637,"7":0.3756792247,"8":0.3748368025,"9":0.3746129274,"10":0.3747186661,"11":0.3743177354,"12":0.3746927977,"13":0.3747317791,"14":0.3747796416,"15":0.3751500845,"16":0.3749117851,"17":0.3750280738,"18":0.3750424981,"19":0.3752833605}}