{"loss":{"0":0.2212063521,"1":0.2208926231,"2":0.2207603157,"3":0.2206797302,"4":0.2206205726,"5":0.2205829173,"6":0.2205303162,"7":0.2204962075,"8":0.2204649746,"9":0.2204386741,"10":0.2204087675,"11":0.2203846574,"12":0.2203461826,"13":0.2203231305,"14":0.2203013152},"mean_squared_logarithmic_error":{"0":0.096255213,"1":0.0959349498,"2":0.0958945751,"3":0.0958855152,"4":0.0958881304,"5":0.095882535,"6":0.095872134,"7":0.0958623737,"8":0.0958553627,"9":0.0958527029,"10":0.0958499312,"11":0.0958481506,"12":0.095847562,"13":0.0958445668,"14":0.0958382264},"mean_squared_error":{"0":0.3958177865,"1":0.3961617649,"2":0.3963494003,"3":0.3965278864,"4":0.3965940177,"5":0.396638006,"6":0.3966434002,"7":0.3966485858,"8":0.3966436088,"9":0.3966954947,"10":0.3966473341,"11":0.3966277242,"12":0.3965999186,"13":0.3965979517,"14":0.3965437114},"val_loss":{"0":0.225441277,"1":0.225268051,"2":0.2251648158,"3":0.2250904441,"4":0.2250781953,"5":0.2251023948,"6":0.2251147777,"7":0.2251407802,"8":0.2252000272,"9":0.2252770364,"10":0.2252811342,"11":0.2252150923,"12":0.2252689451,"13":0.2252890915,"14":0.2252199948},"val_mean_squared_logarithmic_error":{"0":0.0980292559,"1":0.0979408696,"2":0.0980351791,"3":0.0981604308,"4":0.0981949493,"5":0.0981669873,"6":0.0980184898,"7":0.097967051,"8":0.0979621187,"9":0.0978883654,"10":0.0978786796,"11":0.097873576,"12":0.0978996456,"13":0.0978953317,"14":0.0979151651},"val_mean_squared_error":{"0":0.4243569374,"1":0.4250155091,"2":0.425652355,"3":0.4260396063,"4":0.4259547889,"5":0.4256261885,"6":0.424502641,"7":0.4239891171,"8":0.423896879,"9":0.4236549139,"10":0.4235405922,"11":0.4235359728,"12":0.4235768318,"13":0.4236382842,"14":0.4238167405}}