{"loss":{"0":0.262055248,"1":0.2505963743,"2":0.2494854182,"3":0.2492038906,"4":0.2490084171,"5":0.2488274723,"6":0.2486940324,"7":0.2485274971,"8":0.2484371364,"9":0.2483087629,"10":0.2482584119,"11":0.248085171,"12":0.2480413169,"13":0.2478533089,"14":0.2477720231,"15":0.24777399,"16":0.2475957572,"17":0.2474912554,"18":0.247365579,"19":0.2472358793,"20":0.2471299171,"21":0.2469584942,"22":0.2468327731,"23":0.2467927933,"24":0.2466711402,"25":0.2465499789,"26":0.2464596331,"27":0.2463621348,"28":0.2462832928,"29":0.2461507618,"30":0.2461159974,"31":0.2459902316,"32":0.2459323108,"33":0.245812133,"34":0.2457542568,"35":0.2456818223,"36":0.2456009686,"37":0.2455242723,"38":0.2454757988,"39":0.2453877777,"40":0.2453225702,"41":0.245248571,"42":0.2451903075,"43":0.2451373786,"44":0.2450619489,"45":0.2450212687,"46":0.2449685335,"47":0.2449152768,"48":0.2448630035,"49":0.244819358,"50":0.2447717935,"51":0.2447271794,"52":0.244680196,"53":0.2446504533,"54":0.244615525,"55":0.2445787638,"56":0.2445571274,"57":0.2445115596,"58":0.2444696426,"59":0.2444413751,"60":0.2444105595,"61":0.244375959,"62":0.2443527728,"63":0.2443153262,"64":0.2442782968,"65":0.2442545891,"66":0.2442319244,"67":0.2442057878,"68":0.244175747,"69":0.2441500872,"70":0.244118765,"71":0.2440977544,"72":0.2440704107,"73":0.2440466434,"74":0.2440122366,"75":0.2439933866,"76":0.2439655215,"77":0.2439530939,"78":0.2439234704,"79":0.243899852,"80":0.2438794225},"mean_squared_logarithmic_error":{"0":0.1088360399,"1":0.105495736,"2":0.1054945886,"3":0.1054024324,"4":0.1053415835,"5":0.1052833945,"6":0.1052024812,"7":0.1051429659,"8":0.105076395,"9":0.1050243974,"10":0.1049731672,"11":0.1049693003,"12":0.1049552858,"13":0.104966864,"14":0.1049574316,"15":0.1049589887,"16":0.104977034,"17":0.1049862579,"18":0.1050055698,"19":0.1050336286,"20":0.1050270051,"21":0.1050556079,"22":0.105065994,"23":0.1050697491,"24":0.1050944477,"25":0.10511861,"26":0.1051323861,"27":0.105163604,"28":0.1051776782,"29":0.1052119061,"30":0.1052299738,"31":0.1052506045,"32":0.1052776128,"33":0.1053098217,"34":0.1053290442,"35":0.1053544655,"36":0.105381161,"37":0.1054080427,"38":0.10543295,"39":0.1054653004,"40":0.1054833978,"41":0.1055076271,"42":0.1055269763,"43":0.1055501774,"44":0.1055744663,"45":0.1055932119,"46":0.1056108475,"47":0.105630368,"48":0.1056548581,"49":0.105675526,"50":0.1056979671,"51":0.1057137698,"52":0.1057312116,"53":0.1057488173,"54":0.1057622135,"55":0.1057739854,"56":0.1057846323,"57":0.1058012098,"58":0.1058107391,"59":0.1058199853,"60":0.1058303192,"61":0.105838038,"62":0.105847232,"63":0.1058547944,"64":0.1058649868,"65":0.1058659852,"66":0.1058703139,"67":0.1058762223,"68":0.1058790907,"69":0.1058805212,"70":0.1058818623,"71":0.1058826819,"72":0.105880715,"73":0.1058811545,"74":0.1058810353,"75":0.1058796048,"76":0.1058795601,"77":0.1058770493,"78":0.1058755368,"79":0.1058759168,"80":0.1058729067},"mean_squared_error":{"0":0.5025066137,"1":0.4624903798,"2":0.4602022469,"3":0.4585970044,"4":0.4575667083,"5":0.4566921592,"6":0.4559140503,"7":0.4553057551,"8":0.4548781216,"9":0.454554379,"10":0.4543062449,"11":0.4541521966,"12":0.4540369213,"13":0.453969866,"14":0.4539019763,"15":0.4538603127,"16":0.4538173079,"17":0.4537715018,"18":0.4538151622,"19":0.4538609684,"20":0.4538598061,"21":0.4539372623,"22":0.4540362954,"23":0.4541629851,"24":0.454342097,"25":0.4545175433,"26":0.4546993077,"27":0.4548954368,"28":0.4550742805,"29":0.4552806318,"30":0.4554559588,"31":0.4556078613,"32":0.455794394,"33":0.4559420347,"34":0.4560828209,"35":0.4562666416,"36":0.456435442,"37":0.4565843642,"38":0.4567630291,"39":0.4568884969,"40":0.4570435584,"41":0.4571976364,"42":0.4573394954,"43":0.4575040936,"44":0.457626462,"45":0.4577525556,"46":0.4578787982,"47":0.4579832256,"48":0.4580996931,"49":0.4582051039,"50":0.4583153427,"51":0.4583976865,"52":0.4584680498,"53":0.4585559368,"54":0.4586005509,"55":0.4586490989,"56":0.4587141871,"57":0.458771348,"58":0.4588305056,"59":0.4589273334,"60":0.459014535,"61":0.4590596855,"62":0.459130615,"63":0.45921579,"64":0.4592891037,"65":0.4593417943,"66":0.4593861401,"67":0.4594165385,"68":0.4594270885,"69":0.4594382346,"70":0.4594640136,"71":0.4594732821,"72":0.4594429433,"73":0.4594405293,"74":0.4594129026,"75":0.4594141841,"76":0.4594108462,"77":0.4593946934,"78":0.4593633115,"79":0.4593402445,"80":0.4593093097},"val_loss":{"0":0.2609919906,"1":0.2567613423,"2":0.2551820576,"3":0.2551017702,"4":0.2554486692,"5":0.2548894882,"6":0.2547878027,"7":0.2540477514,"8":0.2537552416,"9":0.2538573742,"10":0.2546462417,"11":0.253660202,"12":0.2534667253,"13":0.2538954914,"14":0.2534504235,"15":0.2531511784,"16":0.2537898719,"17":0.2528386414,"18":0.2525583506,"19":0.2530774474,"20":0.2529317439,"21":0.252622813,"22":0.2523448169,"23":0.2523869574,"24":0.2518120706,"25":0.2517726421,"26":0.2518990934,"27":0.2518292069,"28":0.2514371574,"29":0.2522531748,"30":0.2515088618,"31":0.2513884008,"32":0.2516339123,"33":0.251192987,"34":0.2514412105,"35":0.2511525452,"36":0.2509592175,"37":0.2513537705,"38":0.2509793341,"39":0.2508164942,"40":0.2511218786,"41":0.2508013844,"42":0.2510679364,"43":0.2509983778,"44":0.2507747114,"45":0.2508845329,"46":0.2507513165,"47":0.2509704232,"48":0.2506715655,"49":0.2507274151,"50":0.2506826222,"51":0.2505714595,"52":0.250560075,"53":0.2505983114,"54":0.2505527437,"55":0.250495106,"56":0.2506141067,"57":0.2505590022,"58":0.2506402731,"59":0.2506086826,"60":0.2505263686,"61":0.2504362166,"62":0.2504911721,"63":0.2503060699,"64":0.2503340244,"65":0.250243634,"66":0.2502990961,"67":0.2503317297,"68":0.2503031194,"69":0.2503862381,"70":0.2502229512,"71":0.2502798736,"72":0.2504349351,"73":0.2503227592,"74":0.2502354085,"75":0.2503711283,"76":0.2502692342,"77":0.2503019571,"78":0.2503022254,"79":0.2503301501,"80":0.2502501309},"val_mean_squared_logarithmic_error":{"0":0.108092472,"1":0.1083366349,"2":0.1081607938,"3":0.108172223,"4":0.1078949571,"5":0.1079818681,"6":0.1081845313,"7":0.1078987792,"8":0.1081173345,"9":0.1078345031,"10":0.1077529043,"11":0.1076552495,"12":0.1076968014,"13":0.1075679138,"14":0.1076745912,"15":0.1078220382,"16":0.107756041,"17":0.1078414246,"18":0.1080667377,"19":0.1078361049,"20":0.107837908,"21":0.107930541,"22":0.1080410406,"23":0.1081225127,"24":0.1082058549,"25":0.1080470309,"26":0.1081375703,"27":0.1079574153,"28":0.1081745848,"29":0.1080889255,"30":0.1081958264,"31":0.1083321273,"32":0.1081700251,"33":0.1084263176,"34":0.1082754657,"35":0.108370699,"36":0.1084735319,"37":0.108437717,"38":0.1085975692,"39":0.1085785776,"40":0.108590588,"41":0.1086895317,"42":0.1087173074,"43":0.1087530479,"44":0.1088803932,"45":0.1088993922,"46":0.1089849249,"47":0.1088960767,"48":0.1091469675,"49":0.1091954485,"50":0.1092380136,"51":0.1093012989,"52":0.1093057543,"53":0.1093464643,"54":0.1093485802,"55":0.1093618721,"56":0.109377265,"57":0.1094459966,"58":0.1094697639,"59":0.1095151976,"60":0.1094566733,"61":0.1094648391,"62":0.1094187796,"63":0.1094474345,"64":0.1094451919,"65":0.1094853729,"66":0.1094485745,"67":0.109488003,"68":0.1095097139,"69":0.1095028073,"70":0.1094873771,"71":0.1094892174,"72":0.1094614267,"73":0.1094878241,"74":0.1094798371,"75":0.1095192581,"76":0.1095178872,"77":0.1095068529,"78":0.1094890237,"79":0.1095035225,"80":0.1094939634},"val_mean_squared_error":{"0":0.4854449034,"1":0.4768489301,"2":0.4752711356,"3":0.4743236899,"4":0.472803086,"5":0.472837925,"6":0.472759515,"7":0.4720642567,"8":0.4724952281,"9":0.4721116126,"10":0.4721244872,"11":0.471793294,"12":0.4713564515,"13":0.470977217,"14":0.4711332321,"15":0.4712082446,"16":0.4713066518,"17":0.4713199437,"18":0.4717967808,"19":0.4715791941,"20":0.4717988074,"21":0.4717461467,"22":0.4722674191,"23":0.4726893008,"24":0.4728406072,"25":0.4725334048,"26":0.4730900526,"27":0.4728483558,"28":0.4732905328,"29":0.4734603167,"30":0.473783046,"31":0.4743574858,"32":0.4740741849,"33":0.4748240113,"34":0.4745189846,"35":0.4750058055,"36":0.4754912853,"37":0.4757984281,