{"loss":{"0":0.2860507369,"1":0.2858292162,"2":0.2843306065,"3":0.2837254405,"4":0.2835013568,"5":0.2833197713,"6":0.2831836641,"7":0.2830637097,"8":0.2829533517,"9":0.2828706205,"10":0.2828052044,"11":0.2827327251,"12":0.2826728821,"13":0.2826165259,"14":0.2825817168,"15":0.2825274169,"16":0.2824944258,"17":0.2824460864,"18":0.2824039757,"19":0.2823695242,"20":0.2823267281,"21":0.2823289335},"mean_squared_logarithmic_error":{"0":0.1221026257,"1":0.1208650917,"2":0.1165599227,"3":0.1166788191,"4":0.1167496592,"5":0.1168044955,"6":0.1168749556,"7":0.1169578731,"8":0.1170453206,"9":0.1171219349,"10":0.1171921343,"11":0.1172471046,"12":0.1172847897,"13":0.1173152775,"14":0.1173416302,"15":0.1173613146,"16":0.1173788235,"17":0.117395483,"18":0.1174077168,"19":0.1174172238,"20":0.1174290776,"21":0.117496103},"mean_squared_error":{"0":0.5447599888,"1":0.542113483,"2":0.5293839574,"3":0.5282972455,"4":0.5279897451,"5":0.5278100371,"6":0.5277282,"7":0.527725637,"8":0.5277522206,"9":0.5277916193,"10":0.5278584361,"11":0.5278715491,"12":0.5278618336,"13":0.5278525949,"14":0.5278137326,"15":0.5277745724,"16":0.5277802348,"17":0.5277279615,"18":0.5276571512,"19":0.5276042223,"20":0.5275535583,"21":0.5277584195},"val_loss":{"0":0.3234303296,"1":0.3192875385,"2":0.3149062395,"3":0.314770788,"4":0.3144631684,"5":0.3142616451,"6":0.3140550256,"7":0.313953042,"8":0.3139020503,"9":0.3139409125,"10":0.3139540851,"11":0.3138995469,"12":0.3139036,"13":0.3139579296,"14":0.3139848411,"15":0.3140302896,"16":0.3139932752,"17":0.3139781058,"18":0.3139158785,"19":0.313960135,"20":0.3140681982,"21":0.3140099049},"val_mean_squared_logarithmic_error":{"0":0.1317875236,"1":0.1245181635,"2":0.1243053377,"3":0.1248044297,"4":0.1249221936,"5":0.1249785349,"6":0.1250865757,"7":0.1251418442,"8":0.1252974421,"9":0.125423938,"10":0.1255341768,"11":0.1256032437,"12":0.1256533712,"13":0.1256930828,"14":0.1257539392,"15":0.1257576197,"16":0.1257733256,"17":0.1257946193,"18":0.1258486062,"19":0.1259133071,"20":0.1258829683,"21":0.125843361},"val_mean_squared_error":{"0":0.6806728244,"1":0.6554955244,"2":0.646889329,"3":0.6475282311,"4":0.6468838453,"5":0.6468781829,"6":0.646863997,"7":0.6465383172,"8":0.6474626064,"9":0.6480056643,"10":0.6483806372,"11":0.6490927339,"12":0.6491085887,"13":0.6496314406,"14":0.649599731,"15":0.650267303,"16":0.6497653127,"17":0.6496632695,"18":0.6498802304,"19":0.6501982808,"20":0.6502315998,"21":0.649609983}}