{"loss":{"0":0.251305759,"1":0.2508870959,"2":0.2508008182,"3":0.2505964637,"4":0.2505522668,"5":0.2505635619,"6":0.2505285442,"7":0.2504950762,"8":0.2504403889,"9":0.2503775954,"10":0.2503243387,"11":0.25028193,"12":0.2502705753,"13":0.2502331734,"14":0.2502012253},"mean_squared_logarithmic_error":{"0":0.1125199571,"1":0.1116742641,"2":0.1119126678,"3":0.1116506532,"4":0.1116067991,"5":0.1116437241,"6":0.1115852073,"7":0.1115942895,"8":0.1115647778,"9":0.1115404144,"10":0.1115259379,"11":0.1114981622,"12":0.111506626,"13":0.1114871651,"14":0.1114538312},"mean_squared_error":{"0":0.5636624098,"1":0.5554206967,"2":0.5563339591,"3":0.5550868511,"4":0.5548325181,"5":0.5548297763,"6":0.5543537736,"7":0.5543146133,"8":0.5540356636,"9":0.5538355708,"10":0.5536943078,"11":0.5534738898,"12":0.5534396172,"13":0.553245008,"14":0.5529757142},"val_loss":{"0":0.209327817,"1":0.2092189789,"2":0.2092231065,"3":0.2091804594,"4":0.2088353187,"5":0.2092623562,"6":0.2093034536,"7":0.2093604207,"8":0.2093563527,"9":0.2094104886,"10":0.2094292045,"11":0.2093552649,"12":0.209495306,"13":0.2093946487,"14":0.2094286531},"val_mean_squared_logarithmic_error":{"0":0.0935609117,"1":0.0934677869,"2":0.0934240818,"3":0.0934091583,"4":0.0936731547,"5":0.093248494,"6":0.0932435989,"7":0.0933048427,"8":0.093288891,"9":0.0933351964,"10":0.0933649763,"11":0.0933574513,"12":0.0933303908,"13":0.0933498815,"14":0.0933571309},"val_mean_squared_error":{"0":0.4015946984,"1":0.4016809762,"2":0.4015322328,"3":0.4020475447,"4":0.4039363861,"5":0.4008641243,"6":0.4009821713,"7":0.4011516571,"8":0.4011456072,"9":0.4011918902,"10":0.4012439549,"11":0.4014071226,"12":0.4011065662,"13":0.4011318088,"14":0.4013345242}}