{"loss":{"0":0.323295027,"1":0.3224576116,"2":0.322170794,"3":0.3219988048,"4":0.3218966722,"5":0.3218158185,"6":0.3217386007,"7":0.3216799498,"8":0.3216222525,"9":0.3215593696,"10":0.3215059638,"11":0.3214530349,"12":0.3214038014,"13":0.3213569522,"14":0.321307689,"15":0.3212790489,"16":0.3212343752,"17":0.3212024868},"mean_squared_logarithmic_error":{"0":0.1379962116,"1":0.1374575645,"2":0.1373632997,"3":0.1373380423,"4":0.1373169273,"5":0.1373033524,"6":0.1373001635,"7":0.1372949481,"8":0.1372903585,"9":0.137283206,"10":0.1372644305,"11":0.1372531205,"12":0.1372349262,"13":0.137225911,"14":0.1372154951,"15":0.1372019649,"16":0.1371933371,"17":0.1371795833},"mean_squared_error":{"0":0.6629991531,"1":0.6582675576,"2":0.6574556828,"3":0.6571943164,"4":0.6568911672,"5":0.6567450166,"6":0.656568706,"7":0.6564561725,"8":0.6563034654,"9":0.6561406851,"10":0.6559808254,"11":0.6557695866,"12":0.6555428505,"13":0.6553539038,"14":0.6552034616,"15":0.6550195217,"16":0.6548416018,"17":0.6546522975},"val_loss":{"0":0.3257474899,"1":0.325345099,"2":0.3253560662,"3":0.3253808618,"4":0.3250946999,"5":0.3248005211,"6":0.3247961998,"7":0.3246607482,"8":0.3247001171,"9":0.324772656,"10":0.324770987,"11":0.3247113228,"12":0.3248498142,"13":0.3247627318,"14":0.324747175,"15":0.3247871697,"16":0.3248164952,"17":0.3248275518},"val_mean_squared_logarithmic_error":{"0":0.1394254565,"1":0.1393431872,"2":0.1393851638,"3":0.1394176781,"4":0.1393332332,"5":0.1392364204,"6":0.1392424107,"7":0.1392554939,"8":0.1393267512,"9":0.1393136978,"10":0.1393406838,"11":0.1393772811,"12":0.1392888874,"13":0.1393628865,"14":0.1393316835,"15":0.1393790841,"16":0.1393034756,"17":0.1393330544},"val_mean_squared_error":{"0":0.6635204554,"1":0.6633509994,"2":0.6649823189,"3":0.6657040715,"4":0.6662038565,"5":0.6665714979,"6":0.66688627,"7":0.6671921611,"8":0.667443037,"9":0.6676126719,"10":0.6676750779,"11":0.667460978,"12":0.6673601866,"13":0.6675264239,"14":0.6674721241,"15":0.6676552296,"16":0.6675738096,"17":0.6676867604}}