{"loss":{"0":0.1496737152,"1":0.1487158239,"2":0.1485863924,"3":0.1485184133,"4":0.1484638155,"5":0.1484117955,"6":0.1483847797,"7":0.1483390778,"8":0.1483392417,"9":0.1483241171,"10":0.1483232677,"11":0.1483149678,"12":0.1482995749,"13":0.1482661366,"14":0.1482555717,"15":0.1482490748,"16":0.1482443064,"17":0.1482530683,"18":0.1482373029,"19":0.1482189745},"mean_squared_logarithmic_error":{"0":0.0665469244,"1":0.0668788701,"2":0.0669755936,"3":0.0670427233,"4":0.0670847073,"5":0.0670849457,"6":0.0671310946,"7":0.0671475306,"8":0.0671615452,"9":0.0671859756,"10":0.0671885386,"11":0.0672017559,"12":0.0672065094,"13":0.0671984702,"14":0.0671917275,"15":0.0671919659,"16":0.067196615,"17":0.0671719164,"18":0.0671685264,"19":0.0671973601},"mean_squared_error":{"0":0.2400042266,"1":0.2397117615,"2":0.2396511286,"3":0.2397000343,"4":0.2397637218,"5":0.2396852672,"6":0.2397722751,"7":0.2398021072,"8":0.2398181558,"9":0.2398540825,"10":0.2398252785,"11":0.2398627698,"12":0.2398722172,"13":0.2398459017,"14":0.2398123443,"15":0.2398227751,"16":0.2398529202,"17":0.2397659272,"18":0.2397627681,"19":0.2398980856},"val_loss":{"0":0.1722138077,"1":0.1719218642,"2":0.1718671918,"3":0.1720638871,"4":0.1721581817,"5":0.1720536053,"6":0.1719965041,"7":0.1717387289,"8":0.1716347635,"9":0.1716220826,"10":0.1717342734,"11":0.1717810184,"12":0.1717694849,"13":0.1716761142,"14":0.171734646,"15":0.1717276573,"16":0.171735853,"17":0.1716499031,"18":0.1717411727,"19":0.1717602313},"val_mean_squared_logarithmic_error":{"0":0.0766503289,"1":0.0768909901,"2":0.077107802,"3":0.0772411004,"4":0.0772670731,"5":0.0772683099,"6":0.0774245635,"7":0.0773540661,"8":0.0773970485,"9":0.0774144158,"10":0.0773781687,"11":0.0773633346,"12":0.0773555636,"13":0.0773804113,"14":0.0773237497,"15":0.0773641467,"16":0.0773468018,"17":0.0773982033,"18":0.077378884,"19":0.0773570016},"val_mean_squared_error":{"0":0.3019798994,"1":0.3004577756,"2":0.2994327843,"3":0.2990298867,"4":0.2987562418,"5":0.2992057204,"6":0.3006398678,"7":0.3010548353,"8":0.3019555509,"9":0.3025097847,"10":0.3026461005,"11":0.3026792109,"12":0.30265975,"13":0.3027347624,"14":0.302382201,"15":0.3023551106,"16":0.301954627,"17":0.3017906249,"18":0.3013414443,"19":0.3008122146}}