{"loss":{"0":0.3928698301,"1":0.3869284689,"2":0.3856762052,"3":0.3850564659,"4":0.3847462535,"5":0.3845485747,"6":0.3843660355,"7":0.3841973543,"8":0.3840528429,"9":0.3839194775,"10":0.3837797642,"11":0.3836717904,"12":0.3835473657,"13":0.3834467828,"14":0.3833532631,"15":0.3832607269,"16":0.3831704557,"17":0.3831047118,"18":0.3830149174,"19":0.3829388022,"20":0.3828739524,"21":0.3827994764,"22":0.3827426136,"23":0.3826665282,"24":0.382602036,"25":0.3825522363,"26":0.3824812472,"27":0.3824287653,"28":0.3823575079,"29":0.3823073208,"30":0.3822526336,"31":0.3821956515,"32":0.3821402788,"33":0.3820787966,"34":0.3820277452,"35":0.3819676936,"36":0.3819156587,"37":0.3818591237,"38":0.381788373,"39":0.3817357123,"40":0.3816691041,"41":0.3816018701,"42":0.381539613},"mean_squared_logarithmic_error":{"0":0.1538013965,"1":0.1513704509,"2":0.15123564,"3":0.1506747156,"4":0.1506835669,"5":0.1507109851,"6":0.1507323682,"7":0.1507481337,"8":0.1507573724,"9":0.1507592499,"10":0.1507591903,"11":0.1507631242,"12":0.150764212,"13":0.1507667601,"14":0.1507671177,"15":0.1507778764,"16":0.1507819891,"17":0.1507691741,"18":0.150768742,"19":0.1507676244,"20":0.150755614,"21":0.1507416517,"22":0.150733009,"23":0.1507180929,"24":0.1507133394,"25":0.1506940722,"26":0.1506808698,"27":0.150668785,"28":0.1506507099,"29":0.1506425589,"30":0.1506229043,"31":0.1506061554,"32":0.1506028175,"33":0.1505848318,"34":0.1505666226,"35":0.1505519003,"36":0.1505351812,"37":0.1505247056,"38":0.1505175382,"39":0.1504952312,"40":0.1504832506,"41":0.1504586935,"42":0.1504379958},"mean_squared_error":{"0":0.8469209671,"1":0.8195027113,"2":0.8158534765,"3":0.8128065467,"4":0.811869204,"5":0.8113023639,"6":0.8108940721,"7":0.8104854822,"8":0.8100221157,"9":0.8095006347,"10":0.8090020418,"11":0.8085459471,"12":0.8080917597,"13":0.8076673746,"14":0.8073093295,"15":0.8069348335,"16":0.8066388965,"17":0.8063108325,"18":0.8059504628,"19":0.8057018518,"20":0.8053785563,"21":0.805072844,"22":0.8048352599,"23":0.8045077324,"24":0.8042688966,"25":0.8039976358,"26":0.8037112355,"27":0.803494215,"28":0.803186655,"29":0.8029730916,"30":0.8027032614,"31":0.8024682999,"32":0.8022854328,"33":0.8020502925,"34":0.8017807007,"35":0.8015672565,"36":0.8013179898,"37":0.8010842204,"38":0.8008923531,"39":0.8005939722,"40":0.8003925681,"41":0.8000379205,"42":0.7997752428},"val_loss":{"0":0.4351562858,"1":0.4341893494,"2":0.4326590598,"3":0.4322677851,"4":0.4318635464,"5":0.4320372939,"6":0.4319353104,"7":0.4317920804,"8":0.4308965504,"9":0.4297880828,"10":0.42893821,"11":0.4288966656,"12":0.4285286963,"13":0.4284689724,"14":0.4284039438,"15":0.428288728,"16":0.4281180501,"17":0.4281744957,"18":0.4279715419,"19":0.4278450012,"20":0.4277355075,"21":0.4276930094,"22":0.4276641905,"23":0.4275991917,"24":0.4275363982,"25":0.4275707603,"26":0.4275068641,"27":0.427536577,"28":0.4275148511,"29":0.4274311662,"30":0.4274381697,"31":0.427375555,"32":0.4273123741,"33":0.4274802506,"34":0.4273277521,"35":0.427433908,"36":0.4274739027,"37":0.4275479615,"38":0.4274882674,"39":0.4276203811,"40":0.4275082052,"41":0.4276615381,"42":0.4277103841},"val_mean_squared_logarithmic_error":{"0":0.1597050875,"1":0.160638839,"2":0.1594237238,"3":0.159491539,"4":0.1595553458,"5":0.1596677601,"6":0.1597581655,"7":0.1596682966,"8":0.1592238545,"9":0.1588627696,"10":0.1586396694,"11":0.1584609151,"12":0.1585570425,"13":0.1587982178,"14":0.1586096436,"15":0.1587143838,"16":0.1589084864,"17":0.158770144,"18":0.1588089466,"19":0.1588132381,"20":0.1587041616,"21":0.1586507559,"22":0.1587752104,"23":0.1587236077,"24":0.1588470191,"25":0.1587726772,"26":0.1587316692,"27":0.1586932391,"28":0.1587122828,"29":0.158760488,"30":0.1586125046,"31":0.1586730331,"32":0.1588276774,"33":0.158739239,"34":0.1587799191,"35":0.158753857,"36":0.1587004364,"37":0.1587108225,"38":0.1588097513,"39":0.1587937623,"40":0.1588772535,"41":0.1588646024,"42":0.1587364376},"val_mean_squared_error":{"0":0.9938954711,"1":1.0000214577,"2":0.9972150326,"3":0.9997451305,"4":1.0012950897,"5":1.0011767149,"6":0.9999006987,"7":0.9971134067,"8":0.9915981889,"9":0.9866454601,"10":0.9821925163,"11":0.981564939,"12":0.9808028936,"13":0.9821634889,"14":0.9828990698,"15":0.9836940765,"16":0.9839121103,"17":0.9835597277,"18":0.9839634895,"19":0.9846220613,"20":0.9850049019,"21":0.9850404859,"22":0.9853467941,"23":0.9852132201,"24":0.9855179787,"25":0.9855512977,"26":0.9857484102,"27":0.9857489467,"28":0.9856939316,"29":0.9862610698,"30":0.9862606525,"31":0.9861210585,"32":0.9871159792,"33":0.9867328405,"34":0.9876980186,"35":0.9885032177,"36":0.9882492423,"37":0.9887109399,"38":0.9889915586,"39":0.9893853664,"40":0.9901162982,"41":0.9906615019,"42":0.9912162423}}