{"loss":{"0":0.1379089504,"1":0.1378183663,"2":0.1377553642,"3":0.1377119869,"4":0.1376840025,"5":0.137674883,"6":0.1376599222,"7":0.1376453489,"8":0.1376309395,"9":0.1376144886,"10":0.13760975,"11":0.1375933588,"12":0.1375858188,"13":0.1375783533},"mean_squared_logarithmic_error":{"0":0.0627064407,"1":0.0631335005,"2":0.0628812611,"3":0.062863417,"4":0.0628401786,"5":0.0628804713,"6":0.0628830865,"7":0.0629067421,"8":0.0629145429,"9":0.0629172847,"10":0.0629112273,"11":0.062903814,"12":0.0628949627,"13":0.0628958717},"mean_squared_error":{"0":0.213434875,"1":0.2149586678,"2":0.2139695287,"3":0.2138563544,"4":0.2138133943,"5":0.2139812857,"6":0.2139814198,"7":0.2140662223,"8":0.2140962929,"9":0.2141146213,"10":0.2141047567,"11":0.214077428,"12":0.2140521556,"13":0.2140561789},"val_loss":{"0":0.1613486409,"1":0.1613494605,"2":0.1611040235,"3":0.1610508114,"4":0.1610648036,"5":0.1610698402,"6":0.1610715538,"7":0.1610589772,"8":0.1610811204,"9":0.1611396223,"10":0.1611046195,"11":0.1611262858,"12":0.1611447781,"13":0.1611108184},"val_mean_squared_logarithmic_error":{"0":0.0735818073,"1":0.0736303329,"2":0.0732457489,"3":0.0732898787,"4":0.0731332377,"5":0.0732806027,"6":0.0734741315,"7":0.0735828653,"8":0.0736229345,"9":0.0736626759,"10":0.0736606717,"11":0.0736706778,"12":0.0736803412,"13":0.0736686438},"val_mean_squared_error":{"0":0.2807671428,"1":0.2808273137,"2":0.2789243758,"3":0.2790983915,"4":0.2783092856,"5":0.2789376378,"6":0.2796944678,"7":0.280123651,"8":0.28027156,"9":0.2803606093,"10":0.280341208,"11":0.2802975476,"12":0.2802893221,"13":0.2802332342}}