{"loss":{"0":0.2348012924,"1":0.2343120277,"2":0.2341256887,"3":0.2340073884,"4":0.2339161038,"5":0.2338473797,"6":0.2337961942,"7":0.2337443829,"8":0.2336946279,"9":0.2336545438,"10":0.2336023003},"mean_squared_logarithmic_error":{"0":0.1019293964,"1":0.1015836298,"2":0.1015050411,"3":0.1014501676,"4":0.101412423,"5":0.1013839617,"6":0.101367414,"7":0.1013523042,"8":0.1013409048,"9":0.1013300866,"10":0.1013218313},"mean_squared_error":{"0":0.4202988446,"1":0.417180568,"2":0.4166037142,"3":0.4162901044,"4":0.416054666,"5":0.4159046113,"6":0.415762037,"7":0.4156605303,"8":0.4155234694,"9":0.4154124558,"10":0.4152797461},"val_loss":{"0":0.3027491868,"1":0.302783072,"2":0.302762419,"3":0.3028287888,"4":0.3030125201,"5":0.3029918373,"6":0.3031825721,"7":0.3030874431,"8":0.303254962,"9":0.3031767607,"10":0.303196907},"val_mean_squared_logarithmic_error":{"0":0.1290916204,"1":0.1288679838,"2":0.1289383471,"3":0.1288403273,"4":0.1290538013,"5":0.1289300025,"6":0.1290383488,"7":0.1291793585,"8":0.1293025613,"9":0.1293085366,"10":0.1292606145},"val_mean_squared_error":{"0":0.6465965509,"1":0.6461740136,"2":0.6473110914,"3":0.6487398744,"4":0.6506115198,"5":0.6509190202,"6":0.6517493725,"7":0.6520882249,"8":0.6525999904,"9":0.6526331306,"10":0.6524710655}}