{"loss":{"0":0.3929123878,"1":0.3859269023,"2":0.3846192658,"3":0.3837269545,"4":0.3829591572,"5":0.3822368383,"6":0.3815762103,"7":0.3808798492,"8":0.3801257312,"9":0.3795236051,"10":0.3788068295,"11":0.3779492676,"12":0.3772327602,"13":0.3763239384,"14":0.3755328357},"mean_squared_logarithmic_error":{"0":0.1522322744,"1":0.1496891677,"2":0.1496490985,"3":0.1495101899,"4":0.1493818611,"5":0.1492845863,"6":0.1491561681,"7":0.1489848644,"8":0.1487344354,"9":0.1485339701,"10":0.1483236998,"11":0.1480982751,"12":0.1478092372,"13":0.147543475,"14":0.1472419947},"mean_squared_error":{"0":0.8481626511,"1":0.8131039739,"2":0.8077372313,"3":0.8040308356,"4":0.8012417555,"5":0.7985137105,"6":0.7966421247,"7":0.7931854725,"8":0.7912104726,"9":0.7882514,"10":0.7846342325,"11":0.7810092568,"12":0.7779197097,"13":0.7734040022,"14":0.7705137134},"val_loss":{"0":0.4321197867,"1":0.4310176373,"2":0.4301814139,"3":0.429774195,"4":0.4297457337,"5":0.4302271605,"6":0.4314397573,"7":0.4312095344,"8":0.4333280921,"9":0.43467623,"10":0.4354349077,"11":0.4364166558,"12":0.4357048571,"13":0.43711254,"14":0.4369595349},"val_mean_squared_logarithmic_error":{"0":0.1575499177,"1":0.1572320461,"2":0.1571069211,"3":0.1566841155,"4":0.1567406505,"5":0.157175228,"6":0.1577330083,"7":0.1577338427,"8":0.1578537077,"9":0.1584759802,"10":0.1588611603,"11":0.1588456333,"12":0.158440873,"13":0.1591545939,"14":0.1587083042},"val_mean_squared_error":{"0":0.9804499745,"1":0.986759007,"2":0.9903586507,"3":0.9937154055,"4":0.990090549,"5":0.9989074469,"6":1.008918047,"7":1.0068917274,"8":1.0182890892,"9":1.0220680237,"10":1.0399236679,"11":1.0336296558,"12":1.032135129,"13":1.0402029753,"14":1.0466368198}}