{"loss":{"0":0.1889726371,"1":0.1861262172,"2":0.1859086156,"3":0.1858003139,"4":0.1857215017,"5":0.1856656224,"6":0.1856327057,"7":0.1855785102,"8":0.1855064481,"9":0.1854290515,"10":0.1853738874,"11":0.185246855,"12":0.1852204204,"13":0.1851354688,"14":0.1850419343,"15":0.1849871129,"16":0.1848713458,"17":0.1848669797,"18":0.1846863329,"19":0.1845410615},"mean_squared_logarithmic_error":{"0":0.0815338865,"1":0.0813817009,"2":0.0815051571,"3":0.0815811902,"4":0.0816289112,"5":0.081668064,"6":0.0817003474,"7":0.0816971287,"8":0.0816801861,"9":0.081650421,"10":0.0816240981,"11":0.0815815628,"12":0.0815384835,"13":0.08150962,"14":0.0814957544,"15":0.0814504474,"16":0.0814245343,"17":0.0814035162,"18":0.0813455209,"19":0.0812712535},"mean_squared_error":{"0":0.3156531155,"1":0.3163685799,"2":0.3166423142,"3":0.3168024421,"4":0.3168069124,"5":0.3168161809,"6":0.3167593479,"7":0.3166794777,"8":0.3162592053,"9":0.3159191608,"10":0.315515697,"11":0.3150605261,"12":0.3150442541,"13":0.3144675195,"14":0.3142808974,"15":0.3138360381,"16":0.3136613369,"17":0.3164652288,"18":0.3130743206,"19":0.3124406934},"val_loss":{"0":0.1996321678,"1":0.1994074881,"2":0.1991458684,"3":0.1988830268,"4":0.1988554597,"5":0.1989669204,"6":0.1989000142,"7":0.1988495886,"8":0.1989049017,"9":0.1988172084,"10":0.1988428235,"11":0.199751839,"12":0.1989669204,"13":0.1990889162,"14":0.1990686953,"15":0.1989433765,"16":0.1989142448,"17":0.1989840567,"18":0.1991092712,"19":0.1990307122},"val_mean_squared_logarithmic_error":{"0":0.0876462832,"1":0.0879976228,"2":0.0881675705,"3":0.0882505327,"4":0.0882531181,"5":0.088328734,"6":0.0884014592,"7":0.0882899538,"8":0.0883512944,"9":0.0883306488,"10":0.0884119198,"11":0.0883410349,"12":0.0878960788,"13":0.0883756801,"14":0.0884551629,"15":0.0882311091,"16":0.088294588,"17":0.0883683786,"18":0.0884147137,"19":0.0882796571},"val_mean_squared_error":{"0":0.3735888004,"1":0.3752060831,"2":0.3752681911,"3":0.3751156032,"4":0.3751564622,"5":0.3755384088,"6":0.3755122721,"7":0.3748877347,"8":0.3754161894,"9":0.3750062883,"10":0.3753631115,"11":1.0161188841,"12":0.3743337691,"13":0.3859397173,"14":0.3775344789,"15":0.3783802688,"16":0.3749277592,"17":0.3799379766,"18":0.3741430342,"19":0.3746041954}}