{"loss":{"0":0.1500138044,"1":0.1488309801,"2":0.1485657394,"3":0.1486102045,"4":0.1485277116,"5":0.148608163,"6":0.1484498978,"7":0.1484874785,"8":0.1483202875,"9":0.148229152,"10":0.1482085437,"11":0.1479783952,"12":0.1479441971,"13":0.147805661,"14":0.1477224678,"15":0.1476556957,"16":0.1474561542},"mean_squared_logarithmic_error":{"0":0.0674721971,"1":0.0674523488,"2":0.0668456852,"3":0.0673353225,"4":0.0673018098,"5":0.0675057173,"6":0.0671336874,"7":0.0673812404,"8":0.0671333075,"9":0.0670852289,"10":0.0672330633,"11":0.0670139343,"12":0.0668911338,"13":0.0669475347,"14":0.0668899417,"15":0.0669048131,"16":0.0668490529},"mean_squared_error":{"0":0.2429484576,"1":0.2421001345,"2":0.2396334261,"3":0.2413117588,"4":0.2410664558,"5":0.2417516112,"6":0.2397056818,"7":0.2411843836,"8":0.2403398752,"9":0.2398918718,"10":0.2402631938,"11":0.2395640165,"12":0.238851741,"13":0.2390658557,"14":0.2386346906,"15":0.2387225479,"16":0.2386667728},"val_loss":{"0":0.171712026,"1":0.1716461331,"2":0.1715282053,"3":0.1717085987,"4":0.1716678441,"5":0.1716216952,"6":0.1713564843,"7":0.1716521382,"8":0.1715114713,"9":0.1717819422,"10":0.1714807153,"11":0.1714719087,"12":0.1714611053,"13":0.1715840697,"14":0.1714830995,"15":0.1716894209,"16":0.1717743129},"val_mean_squared_logarithmic_error":{"0":0.0766144395,"1":0.0769443884,"2":0.0768404976,"3":0.0767402053,"4":0.0768856853,"5":0.0769628286,"6":0.0770354867,"7":0.076822035,"8":0.0769284368,"9":0.077237539,"10":0.0771426782,"11":0.0773123428,"12":0.0771106705,"13":0.0772301555,"14":0.0774323642,"15":0.077441074,"16":0.0775350407},"val_mean_squared_error":{"0":0.3005271256,"1":0.3009752035,"2":0.3005569875,"3":0.2999254167,"4":0.29973194,"5":0.3002322614,"6":0.3006603122,"7":0.2999448776,"8":0.3002196848,"9":0.3011565208,"10":0.301097095,"11":0.3017580807,"12":0.3008147478,"13":0.3013891578,"14":0.3022114038,"15":0.3019240201,"16":0.3022126257}}