{"loss":{"0":0.2511512041,"1":0.2504144013,"2":0.2502086163,"3":0.2499484569,"4":0.2497904152,"5":0.2496096343,"6":0.2494195253,"7":0.2491466254,"8":0.2490196377,"9":0.2487638593,"10":0.2484844327},"mean_squared_logarithmic_error":{"0":0.112126559,"1":0.1118589863,"2":0.111710161,"3":0.1116691753,"4":0.1115655079,"5":0.1114887521,"6":0.111403428,"7":0.1112460122,"8":0.1111718863,"9":0.1109071523,"10":0.110666953},"mean_squared_error":{"0":0.5638214946,"1":0.5577512383,"2":0.5567170382,"3":0.5559887886,"4":0.5547676086,"5":0.5543345213,"6":0.5533150434,"7":0.5519094467,"8":0.5520060062,"9":0.5493275523,"10":0.5480258465},"val_loss":{"0":0.208730489,"1":0.2088248283,"2":0.2088766545,"3":0.2088397741,"4":0.2089360654,"5":0.2088772804,"6":0.2089899629,"7":0.2090831995,"8":0.208953023,"9":0.2089799047,"10":0.2090045363},"val_mean_squared_logarithmic_error":{"0":0.0935316905,"1":0.0935488418,"2":0.0937670693,"3":0.0937220901,"4":0.0938428491,"5":0.0938377976,"6":0.0940178335,"7":0.094092384,"8":0.0939726233,"9":0.0939910784,"10":0.093922548},"val_mean_squared_error":{"0":0.4082672298,"1":0.407703191,"2":0.4076907933,"3":0.4065230489,"4":0.4088162482,"5":0.408208251,"6":0.4089568257,"7":0.4086129069,"8":0.4088069797,"9":0.4092894793,"10":0.408475697}}