{"loss":{"0":0.23457928,"1":0.2338124812,"2":0.233542338,"3":0.2333237976,"4":0.2330880463,"5":0.2329508513,"6":0.2327809632,"7":0.2325545847,"8":0.2321997732,"9":0.2317262739,"10":0.2313042581,"11":0.2309191525,"12":0.2303977311,"13":0.2299771607,"14":0.2302141637,"15":0.2294634283,"16":0.228701666,"17":0.228302151,"18":0.2277154624,"19":0.2271763831,"20":0.2267343849},"mean_squared_logarithmic_error":{"0":0.1011574939,"1":0.1009263024,"2":0.1008736268,"3":0.1008729637,"4":0.1007417589,"5":0.1007898971,"6":0.1006571054,"7":0.1004388034,"8":0.0992722735,"9":0.097788021,"10":0.0971459001,"11":0.0968093872,"12":0.0964689851,"13":0.0961806998,"14":0.0961787701,"15":0.095641464,"16":0.0953314304,"17":0.0951398164,"18":0.0948939398,"19":0.0946743712,"20":0.0944290012},"mean_squared_error":{"0":0.4175032675,"1":0.4164833724,"2":0.4166980088,"3":0.4161497951,"4":0.4154389203,"5":0.4155157506,"6":0.4148386717,"7":0.4142712355,"8":0.4111668169,"9":0.407099247,"10":0.4045271575,"11":0.403329879,"12":0.4017296433,"13":0.4005673826,"14":0.4026886523,"15":0.3983939588,"16":0.3960911036,"17":0.3949246407,"18":0.3933306336,"19":0.3919853568,"20":0.3903178573},"val_loss":{"0":0.3031119704,"1":0.3037378192,"2":0.3039147854,"3":0.3035485744,"4":0.3033837378,"5":0.3036032915,"6":0.3036049902,"7":0.3022663593,"8":0.2995234728,"9":0.2979176044,"10":0.2976452112,"11":0.2979593873,"12":0.2987579405,"13":0.2976863682,"14":0.2987269759,"15":0.2988730967,"16":0.2991510034,"17":0.2997897267,"18":0.2994625568,"19":0.3002482653,"20":0.300845027},"val_mean_squared_logarithmic_error":{"0":0.1269148886,"1":0.1272768229,"2":0.1273690611,"3":0.1274015009,"4":0.1271627396,"5":0.1274366826,"6":0.1270930469,"7":0.1225076988,"8":0.1213739291,"9":0.1196783334,"10":0.1194566041,"11":0.1197786406,"12":0.1200838462,"13":0.1197583526,"14":0.1202825233,"15":0.1205446869,"16":0.1207399219,"17":0.1205703616,"18":0.1208081096,"19":0.1213539764,"20":0.1216690838},"val_mean_squared_error":{"0":0.6448663473,"1":0.6517959237,"2":0.6541808844,"3":0.6524950862,"4":0.6511644125,"5":0.6528422832,"6":0.6529387236,"7":0.6421574354,"8":0.6307751536,"9":0.6269671321,"10":0.623953402,"11":0.6262965798,"12":0.6283196211,"13":0.6232559085,"14":0.6280433536,"15":0.6289490461,"16":0.6285117269,"17":0.6279038191,"18":0.6274826527,"19":0.6295385361,"20":0.632599473}}