{"loss":{"0":0.137947008,"1":0.1378284544,"2":0.1377357095,"3":0.1376681775,"4":0.137646541,"5":0.1375634819,"6":0.1374258101,"7":0.1373863369,"8":0.1373582482,"9":0.1372388154,"10":0.1372191906},"mean_squared_logarithmic_error":{"0":0.0630303696,"1":0.062812537,"2":0.0628680736,"3":0.0630048141,"4":0.0627168417,"5":0.0626935139,"6":0.062936075,"7":0.0630010441,"8":0.0628422573,"9":0.0629221275,"10":0.0627646223},"mean_squared_error":{"0":0.2145958245,"1":0.2133661509,"2":0.2136947066,"3":0.2144198716,"4":0.2132151574,"5":0.2134762257,"6":0.2141041458,"7":0.2143404335,"8":0.2138855606,"9":0.2141010761,"10":0.213534385},"val_loss":{"0":0.1610018611,"1":0.1613679677,"2":0.1611387879,"3":0.1612555087,"4":0.1613269448,"5":0.1611488909,"6":0.1613366902,"7":0.1611660719,"8":0.1610815227,"9":0.1612070054,"10":0.1611315459},"val_mean_squared_logarithmic_error":{"0":0.0729835704,"1":0.072897993,"2":0.0726770684,"3":0.0726315826,"4":0.072398141,"5":0.0726180151,"6":0.0727200061,"7":0.0727876276,"8":0.0729476213,"9":0.0726882592,"10":0.0728600025},"val_mean_squared_error":{"0":0.2782407999,"1":0.2771360874,"2":0.2764483988,"3":0.2759715915,"4":0.2754012644,"5":0.2762487829,"6":0.2762474716,"7":0.2764864862,"8":0.2773546278,"9":0.2764932811,"10":0.2771311998}}