{"loss":{"0":0.3234145641,"1":0.3218271136,"2":0.3212852776,"3":0.3208942115,"4":0.3203222156,"5":0.3197761178,"6":0.3191615641,"7":0.3184404671,"8":0.3183278739,"9":0.31767717,"10":0.3168263435,"11":0.3162151277,"12":0.3158411384,"13":0.3146200776},"mean_squared_logarithmic_error":{"0":0.1374966502,"1":0.1369321048,"2":0.1368062645,"3":0.1367080212,"4":0.1365563571,"5":0.1363533139,"6":0.1360547096,"7":0.1358084083,"8":0.1356280744,"9":0.1352914721,"10":0.1349868178,"11":0.1347128749,"12":0.1345057487,"13":0.1340024322},"mean_squared_error":{"0":0.6639552712,"1":0.6571274996,"2":0.6555603743,"3":0.6540330052,"4":0.6522536278,"5":0.6497431993,"6":0.6475070119,"7":0.6440708637,"8":0.6466435194,"9":0.6479765773,"10":0.6361570358,"11":0.63422966,"12":0.6346519589,"13":0.6260260344},"val_loss":{"0":0.3256346881,"1":0.3257029951,"2":0.3254489005,"3":0.3254391551,"4":0.3256358206,"5":0.3260558546,"6":0.326492548,"7":0.327822417,"8":0.3290260136,"9":0.3288190365,"10":0.3302832544,"11":0.3299543262,"12":0.330440104,"13":0.3324198723},"val_mean_squared_logarithmic_error":{"0":0.1382994801,"1":0.1381982118,"2":0.1383956075,"3":0.1380405724,"4":0.1384216547,"5":0.1384584457,"6":0.1388253421,"7":0.1392263323,"8":0.1395042688,"9":0.1394199431,"10":0.1397397816,"11":0.13947092,"12":0.1397520155,"13":0.1402067989},"val_mean_squared_error":{"0":0.663245976,"1":0.6648612618,"2":0.6676088572,"3":0.6688504219,"4":0.6730887294,"5":0.67496562,"6":0.6747496128,"7":0.6816367507,"8":0.6831408143,"9":0.6821498871,"10":0.6865041256,"11":0.6852393746,"12":0.6889917254,"13":0.6948273182}}