{"loss":{"0":0.2515337765,"1":0.2468226254,"2":0.2461940795,"3":0.2457755208,"4":0.2454687804,"5":0.245228231,"6":0.2450422496,"7":0.2448162436,"8":0.2446611524,"9":0.2444692999,"10":0.2443113625,"11":0.2441361845,"12":0.243976444,"13":0.2437998801,"14":0.2435063869,"15":0.2432237417,"16":0.2429248542,"17":0.2426569462,"18":0.2422860563,"19":0.2417993546},"mean_squared_logarithmic_error":{"0":0.1080925316,"1":0.105363071,"2":0.1053761169,"3":0.1054340228,"4":0.1055069491,"5":0.1055313051,"6":0.1055629477,"7":0.1055928543,"8":0.1056238487,"9":0.1056273133,"10":0.1055942401,"11":0.1055401117,"12":0.1054658666,"13":0.1053905562,"14":0.1052595749,"15":0.105142124,"16":0.1049936339,"17":0.1048873216,"18":0.1047202796,"19":0.1045127958},"mean_squared_error":{"0":0.480578512,"1":0.4583652914,"2":0.4574374557,"3":0.4575948715,"4":0.4576102197,"5":0.4576646686,"6":0.4578152299,"7":0.4577525258,"8":0.4578371644,"9":0.457446754,"10":0.4572749436,"11":0.4570651352,"12":0.4569173455,"13":0.4562920332,"14":0.4555968046,"15":0.4547001421,"16":0.4535812736,"17":0.4531249404,"18":0.4521008134,"19":0.4505533874},"val_loss":{"0":0.2536165416,"1":0.2539486289,"2":0.251647532,"3":0.2524515986,"4":0.2509260774,"5":0.2507272959,"6":0.2505411208,"7":0.2505536079,"8":0.2503615022,"9":0.2502927184,"10":0.2504735291,"11":0.2505235076,"12":0.2504432797,"13":0.250451535,"14":0.2505992353,"15":0.2505712211,"16":0.2513498962,"17":0.251306951,"18":0.2513454258,"19":0.2516728044},"val_mean_squared_logarithmic_error":{"0":0.1077721268,"1":0.1088195518,"2":0.1078662127,"3":0.1091196984,"4":0.1081944406,"5":0.1083894372,"6":0.1086968929,"7":0.1087380424,"8":0.1085632518,"9":0.108689785,"10":0.1085445434,"11":0.1084799692,"12":0.1085318848,"13":0.1084287763,"14":0.1086927131,"15":0.1087404117,"16":0.109056592,"17":0.1091510952,"18":0.109226644,"19":0.1093274504},"val_mean_squared_error":{"0":0.4700193107,"1":0.4777069688,"2":0.4728322923,"3":0.4775180817,"4":0.4737383127,"5":0.4759779871,"6":0.4756933451,"7":0.4757961929,"8":0.4744667113,"9":0.4742608964,"10":0.4754539132,"11":0.4766870737,"12":0.4775236249,"13":0.4778855145,"14":0.4786156714,"15":0.4789517224,"16":0.4805741012,"17":0.4824190438,"18":0.4807335138,"19":0.4820545018}}