{"loss":{"0":0.2854302824,"1":0.2838716209,"2":0.2831198871,"3":0.2826683819,"4":0.2821781337,"5":0.2817236483,"6":0.2812342048,"7":0.2806278169,"8":0.2801647782,"9":0.2796270549,"10":0.2789596617,"11":0.278382808},"mean_squared_logarithmic_error":{"0":0.1207593605,"1":0.1177707911,"2":0.1175717786,"3":0.1175349876,"4":0.1174573675,"5":0.1173778474,"6":0.1172451377,"7":0.1170376986,"8":0.1168385446,"9":0.1165917963,"10":0.1163038611,"11":0.1160979047},"mean_squared_error":{"0":0.5404294729,"1":0.5302134752,"2":0.5287522078,"3":0.5273449421,"4":0.5262388587,"5":0.5260088444,"6":0.5237249732,"7":0.5224702358,"8":0.5211915374,"9":0.5197470784,"10":0.5175138712,"11":0.5154023767},"val_loss":{"0":0.3165155351,"1":0.3151238859,"2":0.3152605593,"3":0.3153590858,"4":0.3155749738,"5":0.3160851002,"6":0.3157288432,"7":0.3165420294,"8":0.3174488246,"9":0.3179540932,"10":0.3189522624,"11":0.3189622462},"val_mean_squared_logarithmic_error":{"0":0.1244458631,"1":0.1247157082,"2":0.1250889003,"3":0.1255411804,"4":0.1262317747,"5":0.1266332567,"6":0.1265629977,"7":0.1268642098,"8":0.1275277585,"9":0.1276884824,"10":0.1282729208,"11":0.1280388534},"val_mean_squared_error":{"0":0.6535733938,"1":0.6498279572,"2":0.6522661448,"3":0.6511932611,"4":0.6536929011,"5":0.6574223638,"6":0.6551742554,"7":0.6588920355,"8":0.6663799882,"9":0.6678529382,"10":0.6733839512,"11":0.6713752151}}