{"loss":{"0":0.221149683,"1":0.2206956446,"2":0.220424518,"3":0.2202851027,"4":0.2201638222,"5":0.2199052423,"6":0.2197003812,"7":0.2192315757,"8":0.2189452052,"9":0.2186447233,"10":0.218362987,"11":0.2180394679,"12":0.2176423222,"13":0.2173140943,"14":0.2168496549,"15":0.2165874392,"16":0.216168642,"17":0.2158045173},"mean_squared_logarithmic_error":{"0":0.095943138,"1":0.0959938839,"2":0.0960478038,"3":0.0961299017,"4":0.0961265191,"5":0.0959131196,"6":0.0956986323,"7":0.0955294371,"8":0.0954240486,"9":0.0952842459,"10":0.0951999277,"11":0.0950378105,"12":0.0948504433,"13":0.0947224796,"14":0.0945340768,"15":0.0943988413,"16":0.0942387655,"17":0.0940409303},"mean_squared_error":{"0":0.3978234231,"1":0.3990390301,"2":0.3984287083,"3":0.3993480504,"4":0.3992133141,"5":0.3976320624,"6":0.3958949447,"7":0.3941956758,"8":0.3934850097,"9":0.392450273,"10":0.3917518854,"11":0.3906229734,"12":0.3893955946,"13":0.3883511722,"14":0.3869759142,"15":0.3860174119,"16":0.384655118,"17":0.3831633925},"val_loss":{"0":0.2251316756,"1":0.2250848413,"2":0.2252058834,"3":0.2249520421,"4":0.2248317152,"5":0.2250367701,"6":0.224747628,"7":0.2247274816,"8":0.2248673141,"9":0.2250784338,"10":0.2247370929,"11":0.2252815366,"12":0.2251050919,"13":0.2251332551,"14":0.2253317088,"15":0.2256090194,"16":0.2259233296,"17":0.2261632383},"val_mean_squared_logarithmic_error":{"0":0.0984345078,"1":0.098567836,"2":0.0984730497,"3":0.0988356844,"4":0.0985319912,"5":0.0988286212,"6":0.0984351933,"7":0.0984639153,"8":0.0986642838,"9":0.0985859632,"10":0.0985842422,"11":0.0987173542,"12":0.0988372266,"13":0.0987344235,"14":0.0989323929,"15":0.0991388708,"16":0.099034071,"17":0.099315621},"val_mean_squared_error":{"0":0.426915586,"1":0.4289307892,"2":0.4278544784,"3":0.430783242,"4":0.4282446504,"5":0.4288071394,"6":0.4271359146,"7":0.4262778759,"8":0.4273807704,"9":0.4267108738,"10":0.426733464,"11":0.4282808602,"12":0.4288087189,"13":0.4275528789,"14":0.4282307327,"15":0.4298751354,"16":0.4292298555,"17":0.4304226339}}